/*  */INSERT INTO usuarios (nome,email,senha_hash,tipo,status) VALUES ('Coop_0','coop0@mail.com','x','cooperativa','ativo');
INSERT INTO cooperativas (id_usuario,cnpj,razao_social,nome_fantasia,email,telefone,cidade,estado,aprovado) VALUES (2,'28283566953324','RS0','NF0','coop0@mail.com','11990', 'São Paulo','SP',1);
INSERT INTO usuarios (nome,email,senha_hash,tipo,status) VALUES ('Coop_1','coop1@mail.com','x','cooperativa','ativo');
INSERT INTO cooperativas (id_usuario,cnpj,razao_social,nome_fantasia,email,telefone,cidade,estado,aprovado) VALUES (3,'41865117381931','RS1','NF1','coop1@mail.com','11991', 'Sorocaba','SP',1);
INSERT INTO usuarios (nome,email,senha_hash,tipo,status) VALUES ('Coop_2','coop2@mail.com','x','cooperativa','ativo');
INSERT INTO cooperativas (id_usuario,cnpj,razao_social,nome_fantasia,email,telefone,cidade,estado,aprovado) VALUES (4,'77367725804535','RS2','NF2','coop2@mail.com','11992', 'Belo Horizonte','MG',1);
INSERT INTO usuarios (nome,email,senha_hash,tipo,status) VALUES ('Coop_3','coop3@mail.com','x','cooperativa','ativo');
INSERT INTO cooperativas (id_usuario,cnpj,razao_social,nome_fantasia,email,telefone,cidade,estado,aprovado) VALUES (5,'79105911840960','RS3','NF3','coop3@mail.com','11993', 'Maringá','PR',1);
INSERT INTO usuarios (nome,email,senha_hash,tipo,status) VALUES ('Coop_4','coop4@mail.com','x','cooperativa','ativo');
INSERT INTO cooperativas (id_usuario,cnpj,razao_social,nome_fantasia,email,telefone,cidade,estado,aprovado) VALUES (6,'15852882514611','RS4','NF4','coop4@mail.com','11994', 'Sorocaba','SP',1);
INSERT INTO usuarios (nome,email,senha_hash,tipo,status) VALUES ('Coop_5','coop5@mail.com','x','cooperativa','ativo');
INSERT INTO cooperativas (id_usuario,cnpj,razao_social,nome_fantasia,email,telefone,cidade,estado,aprovado) VALUES (7,'73966961488019','RS5','NF5','coop5@mail.com','11995', 'Salvador','BA',1);
INSERT INTO usuarios (nome,email,senha_hash,tipo,status) VALUES ('Coop_6','coop6@mail.com','x','cooperativa','ativo');
INSERT INTO cooperativas (id_usuario,cnpj,razao_social,nome_fantasia,email,telefone,cidade,estado,aprovado) VALUES (8,'44296739751484','RS6','NF6','coop6@mail.com','11996', 'Maringá','PR',1);
INSERT INTO usuarios (nome,email,senha_hash,tipo,status) VALUES ('Coop_7','coop7@mail.com','x','cooperativa','ativo');
INSERT INTO cooperativas (id_usuario,cnpj,razao_social,nome_fantasia,email,telefone,cidade,estado,aprovado) VALUES (9,'56327448973353','RS7','NF7','coop7@mail.com','11997', 'Uberlândia','MG',1);
INSERT INTO usuarios (nome,email,senha_hash,tipo,status) VALUES ('Coop_8','coop8@mail.com','x','cooperativa','ativo');
INSERT INTO cooperativas (id_usuario,cnpj,razao_social,nome_fantasia,email,telefone,cidade,estado,aprovado) VALUES (10,'87442548122918','RS8','NF8','coop8@mail.com','11998', 'Belo Horizonte','MG',1);
INSERT INTO usuarios (nome,email,senha_hash,tipo,status) VALUES ('Coop_9','coop9@mail.com','x','cooperativa','ativo');
INSERT INTO cooperativas (id_usuario,cnpj,razao_social,nome_fantasia,email,telefone,cidade,estado,aprovado) VALUES (11,'19362667421452','RS9','NF9','coop9@mail.com','11999', 'Belo Horizonte','MG',1);
INSERT INTO usuarios (nome,email,senha_hash,tipo,status) VALUES ('Coop_10','coop10@mail.com','x','cooperativa','ativo');
INSERT INTO cooperativas (id_usuario,cnpj,razao_social,nome_fantasia,email,telefone,cidade,estado,aprovado) VALUES (12,'13842681706467','RS10','NF10','coop10@mail.com','119910', 'Maringá','PR',1);
INSERT INTO usuarios (nome,email,senha_hash,tipo,status) VALUES ('Coop_11','coop11@mail.com','x','cooperativa','ativo');
INSERT INTO cooperativas (id_usuario,cnpj,razao_social,nome_fantasia,email,telefone,cidade,estado,aprovado) VALUES (13,'38570481835283','RS11','NF11','coop11@mail.com','119911', 'Sorocaba','SP',1);
INSERT INTO usuarios (nome,email,senha_hash,tipo,status) VALUES ('Coop_12','coop12@mail.com','x','cooperativa','ativo');
INSERT INTO cooperativas (id_usuario,cnpj,razao_social,nome_fantasia,email,telefone,cidade,estado,aprovado) VALUES (14,'40657901887497','RS12','NF12','coop12@mail.com','119912', 'Salvador','BA',1);
INSERT INTO usuarios (nome,email,senha_hash,tipo,status) VALUES ('Coop_13','coop13@mail.com','x','cooperativa','ativo');
INSERT INTO cooperativas (id_usuario,cnpj,razao_social,nome_fantasia,email,telefone,cidade,estado,aprovado) VALUES (15,'89440733064490','RS13','NF13','coop13@mail.com','119913', 'Rio de Janeiro','RJ',1);
INSERT INTO usuarios (nome,email,senha_hash,tipo,status) VALUES ('Coop_14','coop14@mail.com','x','cooperativa','ativo');
INSERT INTO cooperativas (id_usuario,cnpj,razao_social,nome_fantasia,email,telefone,cidade,estado,aprovado) VALUES (16,'88252296179942','RS14','NF14','coop14@mail.com','119914', 'Porto Alegre','RS',1);
INSERT INTO usuarios (nome,email,senha_hash,tipo,status) VALUES ('Coop_15','coop15@mail.com','x','cooperativa','ativo');
INSERT INTO cooperativas (id_usuario,cnpj,razao_social,nome_fantasia,email,telefone,cidade,estado,aprovado) VALUES (17,'35679298167210','RS15','NF15','coop15@mail.com','119915', 'Campinas','SP',1);
INSERT INTO usuarios (nome,email,senha_hash,tipo,status) VALUES ('Coop_16','coop16@mail.com','x','cooperativa','ativo');
INSERT INTO cooperativas (id_usuario,cnpj,razao_social,nome_fantasia,email,telefone,cidade,estado,aprovado) VALUES (18,'65967000258499','RS16','NF16','coop16@mail.com','119916', 'Rio de Janeiro','RJ',1);
INSERT INTO usuarios (nome,email,senha_hash,tipo,status) VALUES ('Coop_17','coop17@mail.com','x','cooperativa','ativo');
INSERT INTO cooperativas (id_usuario,cnpj,razao_social,nome_fantasia,email,telefone,cidade,estado,aprovado) VALUES (19,'38226589437066','RS17','NF17','coop17@mail.com','119917', 'Niterói','RJ',1);
INSERT INTO usuarios (nome,email,senha_hash,tipo,status) VALUES ('Coop_18','coop18@mail.com','x','cooperativa','ativo');
INSERT INTO cooperativas (id_usuario,cnpj,razao_social,nome_fantasia,email,telefone,cidade,estado,aprovado) VALUES (20,'41519752409454','RS18','NF18','coop18@mail.com','119918', 'Salvador','BA',1);
INSERT INTO usuarios (nome,email,senha_hash,tipo,status) VALUES ('Coop_19','coop19@mail.com','x','cooperativa','ativo');
INSERT INTO cooperativas (id_usuario,cnpj,razao_social,nome_fantasia,email,telefone,cidade,estado,aprovado) VALUES (21,'26458031718423','RS19','NF19','coop19@mail.com','119919', 'Porto Alegre','RS',1);
INSERT INTO usuarios (nome,email,senha_hash,tipo,status) VALUES ('Coop_20','coop20@mail.com','x','cooperativa','ativo');
INSERT INTO cooperativas (id_usuario,cnpj,razao_social,nome_fantasia,email,telefone,cidade,estado,aprovado) VALUES (22,'72204641978411','RS20','NF20','coop20@mail.com','119920', 'Maringá','PR',1);
INSERT INTO usuarios (nome,email,senha_hash,tipo,status) VALUES ('Coop_21','coop21@mail.com','x','cooperativa','ativo');
INSERT INTO cooperativas (id_usuario,cnpj,razao_social,nome_fantasia,email,telefone,cidade,estado,aprovado) VALUES (23,'47720376877627','RS21','NF21','coop21@mail.com','119921', 'Belo Horizonte','MG',1);
INSERT INTO usuarios (nome,email,senha_hash,tipo,status) VALUES ('Coop_22','coop22@mail.com','x','cooperativa','ativo');
INSERT INTO cooperativas (id_usuario,cnpj,razao_social,nome_fantasia,email,telefone,cidade,estado,aprovado) VALUES (24,'88486693503260','RS22','NF22','coop22@mail.com','119922', 'Petrópolis','RJ',1);
INSERT INTO usuarios (nome,email,senha_hash,tipo,status) VALUES ('Coop_23','coop23@mail.com','x','cooperativa','ativo');
INSERT INTO cooperativas (id_usuario,cnpj,razao_social,nome_fantasia,email,telefone,cidade,estado,aprovado) VALUES (25,'66095745443601','RS23','NF23','coop23@mail.com','119923', 'Belo Horizonte','MG',1);
INSERT INTO usuarios (nome,email,senha_hash,tipo,status) VALUES ('Coop_24','coop24@mail.com','x','cooperativa','ativo');
INSERT INTO cooperativas (id_usuario,cnpj,razao_social,nome_fantasia,email,telefone,cidade,estado,aprovado) VALUES (26,'57030740812042','RS24','NF24','coop24@mail.com','119924', 'Niterói','RJ',1);
INSERT INTO usuarios (nome,email,senha_hash,tipo,status) VALUES ('Coop_25','coop25@mail.com','x','cooperativa','ativo');
INSERT INTO cooperativas (id_usuario,cnpj,razao_social,nome_fantasia,email,telefone,cidade,estado,aprovado) VALUES (27,'63241865140953','RS25','NF25','coop25@mail.com','119925', 'Feira de Santana','BA',1);
INSERT INTO usuarios (nome,email,senha_hash,tipo,status) VALUES ('Coop_26','coop26@mail.com','x','cooperativa','ativo');
INSERT INTO cooperativas (id_usuario,cnpj,razao_social,nome_fantasia,email,telefone,cidade,estado,aprovado) VALUES (28,'08257648572504','RS26','NF26','coop26@mail.com','119926', 'Salvador','BA',1);
INSERT INTO usuarios (nome,email,senha_hash,tipo,status) VALUES ('Coop_27','coop27@mail.com','x','cooperativa','ativo');
INSERT INTO cooperativas (id_usuario,cnpj,razao_social,nome_fantasia,email,telefone,cidade,estado,aprovado) VALUES (29,'44616638680327','RS27','NF27','coop27@mail.com','119927', 'Porto Alegre','RS',1);
INSERT INTO usuarios (nome,email,senha_hash,tipo,status) VALUES ('Coop_28','coop28@mail.com','x','cooperativa','ativo');
INSERT INTO cooperativas (id_usuario,cnpj,razao_social,nome_fantasia,email,telefone,cidade,estado,aprovado) VALUES (30,'70357221510804','RS28','NF28','coop28@mail.com','119928', 'Maringá','PR',1);
INSERT INTO usuarios (nome,email,senha_hash,tipo,status) VALUES ('Coop_29','coop29@mail.com','x','cooperativa','ativo');
INSERT INTO cooperativas (id_usuario,cnpj,razao_social,nome_fantasia,email,telefone,cidade,estado,aprovado) VALUES (31,'51978800050592','RS29','NF29','coop29@mail.com','119929', 'Rio de Janeiro','RJ',1);
INSERT INTO usuarios (nome,email,senha_hash,tipo,status) VALUES ('Coop_30','coop30@mail.com','x','cooperativa','ativo');
INSERT INTO cooperativas (id_usuario,cnpj,razao_social,nome_fantasia,email,telefone,cidade,estado,aprovado) VALUES (32,'78618869258359','RS30','NF30','coop30@mail.com','119930', 'Maringá','PR',1);
INSERT INTO usuarios (nome,email,senha_hash,tipo,status) VALUES ('Coop_31','coop31@mail.com','x','cooperativa','ativo');
INSERT INTO cooperativas (id_usuario,cnpj,razao_social,nome_fantasia,email,telefone,cidade,estado,aprovado) VALUES (33,'89087895904032','RS31','NF31','coop31@mail.com','119931', 'Rio de Janeiro','RJ',1);
INSERT INTO usuarios (nome,email,senha_hash,tipo,status) VALUES ('Coop_32','coop32@mail.com','x','cooperativa','ativo');
INSERT INTO cooperativas (id_usuario,cnpj,razao_social,nome_fantasia,email,telefone,cidade,estado,aprovado) VALUES (34,'28342580742121','RS32','NF32','coop32@mail.com','119932', 'Belo Horizonte','MG',1);
INSERT INTO usuarios (nome,email,senha_hash,tipo,status) VALUES ('Coop_33','coop33@mail.com','x','cooperativa','ativo');
INSERT INTO cooperativas (id_usuario,cnpj,razao_social,nome_fantasia,email,telefone,cidade,estado,aprovado) VALUES (35,'81348911894600','RS33','NF33','coop33@mail.com','119933', 'Rio de Janeiro','RJ',1);
INSERT INTO usuarios (nome,email,senha_hash,tipo,status) VALUES ('Coop_34','coop34@mail.com','x','cooperativa','ativo');
INSERT INTO cooperativas (id_usuario,cnpj,razao_social,nome_fantasia,email,telefone,cidade,estado,aprovado) VALUES (36,'29095805549834','RS34','NF34','coop34@mail.com','119934', 'Caxias do Sul','RS',1);
INSERT INTO usuarios (nome,email,senha_hash,tipo,status) VALUES ('Coop_35','coop35@mail.com','x','cooperativa','ativo');
INSERT INTO cooperativas (id_usuario,cnpj,razao_social,nome_fantasia,email,telefone,cidade,estado,aprovado) VALUES (37,'66650318395636','RS35','NF35','coop35@mail.com','119935', 'Curitiba','PR',1);
INSERT INTO usuarios (nome,email,senha_hash,tipo,status) VALUES ('Coop_36','coop36@mail.com','x','cooperativa','ativo');
INSERT INTO cooperativas (id_usuario,cnpj,razao_social,nome_fantasia,email,telefone,cidade,estado,aprovado) VALUES (38,'66268603606367','RS36','NF36','coop36@mail.com','119936', 'Petrópolis','RJ',1);
INSERT INTO usuarios (nome,email,senha_hash,tipo,status) VALUES ('Coop_37','coop37@mail.com','x','cooperativa','ativo');
INSERT INTO cooperativas (id_usuario,cnpj,razao_social,nome_fantasia,email,telefone,cidade,estado,aprovado) VALUES (39,'61014327037875','RS37','NF37','coop37@mail.com','119937', 'São Paulo','SP',1);
INSERT INTO usuarios (nome,email,senha_hash,tipo,status) VALUES ('Coop_38','coop38@mail.com','x','cooperativa','ativo');
INSERT INTO cooperativas (id_usuario,cnpj,razao_social,nome_fantasia,email,telefone,cidade,estado,aprovado) VALUES (40,'33296456123293','RS38','NF38','coop38@mail.com','119938', 'Rio de Janeiro','RJ',1);
INSERT INTO usuarios (nome,email,senha_hash,tipo,status) VALUES ('Coop_39','coop39@mail.com','x','cooperativa','ativo');
INSERT INTO cooperativas (id_usuario,cnpj,razao_social,nome_fantasia,email,telefone,cidade,estado,aprovado) VALUES (41,'51283511499170','RS39','NF39','coop39@mail.com','119939', 'Salvador','BA',1);
INSERT INTO usuarios (nome,email,senha_hash,tipo,status) VALUES ('Coop_40','coop40@mail.com','x','cooperativa','ativo');
INSERT INTO cooperativas (id_usuario,cnpj,razao_social,nome_fantasia,email,telefone,cidade,estado,aprovado) VALUES (42,'44432626682897','RS40','NF40','coop40@mail.com','119940', 'Sorocaba','SP',1);
INSERT INTO usuarios (nome,email,senha_hash,tipo,status) VALUES ('Coop_41','coop41@mail.com','x','cooperativa','ativo');
INSERT INTO cooperativas (id_usuario,cnpj,razao_social,nome_fantasia,email,telefone,cidade,estado,aprovado) VALUES (43,'68523695336225','RS41','NF41','coop41@mail.com','119941', 'Caxias do Sul','RS',1);
INSERT INTO usuarios (nome,email,senha_hash,tipo,status) VALUES ('Coop_42','coop42@mail.com','x','cooperativa','ativo');
INSERT INTO cooperativas (id_usuario,cnpj,razao_social,nome_fantasia,email,telefone,cidade,estado,aprovado) VALUES (44,'43585383524480','RS42','NF42','coop42@mail.com','119942', 'Curitiba','PR',1);
INSERT INTO usuarios (nome,email,senha_hash,tipo,status) VALUES ('Coop_43','coop43@mail.com','x','cooperativa','ativo');
INSERT INTO cooperativas (id_usuario,cnpj,razao_social,nome_fantasia,email,telefone,cidade,estado,aprovado) VALUES (45,'62137302393094','RS43','NF43','coop43@mail.com','119943', 'São Paulo','SP',1);
INSERT INTO usuarios (nome,email,senha_hash,tipo,status) VALUES ('Coop_44','coop44@mail.com','x','cooperativa','ativo');
INSERT INTO cooperativas (id_usuario,cnpj,razao_social,nome_fantasia,email,telefone,cidade,estado,aprovado) VALUES (46,'81454832820986','RS44','NF44','coop44@mail.com','119944', 'Niterói','RJ',1);
INSERT INTO usuarios (nome,email,senha_hash,tipo,status) VALUES ('Coop_45','coop45@mail.com','x','cooperativa','ativo');
INSERT INTO cooperativas (id_usuario,cnpj,razao_social,nome_fantasia,email,telefone,cidade,estado,aprovado) VALUES (47,'42084325890584','RS45','NF45','coop45@mail.com','119945', 'Londrina','PR',1);
INSERT INTO usuarios (nome,email,senha_hash,tipo,status) VALUES ('Coop_46','coop46@mail.com','x','cooperativa','ativo');
INSERT INTO cooperativas (id_usuario,cnpj,razao_social,nome_fantasia,email,telefone,cidade,estado,aprovado) VALUES (48,'77248147543558','RS46','NF46','coop46@mail.com','119946', 'Petrópolis','RJ',1);
INSERT INTO usuarios (nome,email,senha_hash,tipo,status) VALUES ('Coop_47','coop47@mail.com','x','cooperativa','ativo');
INSERT INTO cooperativas (id_usuario,cnpj,razao_social,nome_fantasia,email,telefone,cidade,estado,aprovado) VALUES (49,'85296787268679','RS47','NF47','coop47@mail.com','119947', 'Feira de Santana','BA',1);
INSERT INTO usuarios (nome,email,senha_hash,tipo,status) VALUES ('Coop_48','coop48@mail.com','x','cooperativa','ativo');
INSERT INTO cooperativas (id_usuario,cnpj,razao_social,nome_fantasia,email,telefone,cidade,estado,aprovado) VALUES (50,'98849635274044','RS48','NF48','coop48@mail.com','119948', 'Uberlândia','MG',1);
INSERT INTO usuarios (nome,email,senha_hash,tipo,status) VALUES ('Coop_49','coop49@mail.com','x','cooperativa','ativo');
INSERT INTO cooperativas (id_usuario,cnpj,razao_social,nome_fantasia,email,telefone,cidade,estado,aprovado) VALUES (51,'20370275310518','RS49','NF49','coop49@mail.com','119949', 'Sorocaba','SP',1);
INSERT INTO usuarios (nome,email,senha_hash,tipo,status) VALUES ('Cooperd0','cooperd0@mail.com','x','cooperado','ativo');
INSERT INTO cooperados (id_usuario,id_cooperativa,cpf,ativo,cidade,estado) VALUES (52,38,'21957501923',1,'Niterói','SP');
INSERT INTO usuarios (nome,email,senha_hash,tipo,status) VALUES ('Cooperd1','cooperd1@mail.com','x','cooperado','ativo');
INSERT INTO cooperados (id_usuario,id_cooperativa,cpf,ativo,cidade,estado) VALUES (53,9,'68729534932',1,'Uberlândia','RS');
INSERT INTO usuarios (nome,email,senha_hash,tipo,status) VALUES ('Cooperd2','cooperd2@mail.com','x','cooperado','ativo');
INSERT INTO cooperados (id_usuario,id_cooperativa,cpf,ativo,cidade,estado) VALUES (54,28,'91548114375',1,'Curitiba','MG');
INSERT INTO usuarios (nome,email,senha_hash,tipo,status) VALUES ('Cooperd3','cooperd3@mail.com','x','cooperado','ativo');
INSERT INTO cooperados (id_usuario,id_cooperativa,cpf,ativo,cidade,estado) VALUES (55,47,'34118833855',1,'Porto Alegre','MG');
INSERT INTO usuarios (nome,email,senha_hash,tipo,status) VALUES ('Cooperd4','cooperd4@mail.com','x','cooperado','ativo');
INSERT INTO cooperados (id_usuario,id_cooperativa,cpf,ativo,cidade,estado) VALUES (56,34,'55722662248',1,'Belo Horizonte','MG');
INSERT INTO usuarios (nome,email,senha_hash,tipo,status) VALUES ('Cooperd5','cooperd5@mail.com','x','cooperado','ativo');
INSERT INTO cooperados (id_usuario,id_cooperativa,cpf,ativo,cidade,estado) VALUES (57,31,'74906127449',1,'Salvador','MG');
INSERT INTO usuarios (nome,email,senha_hash,tipo,status) VALUES ('Cooperd6','cooperd6@mail.com','x','cooperado','ativo');
INSERT INTO cooperados (id_usuario,id_cooperativa,cpf,ativo,cidade,estado) VALUES (58,1,'58567186214',1,'Porto Alegre','BA');
INSERT INTO usuarios (nome,email,senha_hash,tipo,status) VALUES ('Cooperd7','cooperd7@mail.com','x','cooperado','ativo');
INSERT INTO cooperados (id_usuario,id_cooperativa,cpf,ativo,cidade,estado) VALUES (59,14,'10641665645',1,'Curitiba','SP');
INSERT INTO usuarios (nome,email,senha_hash,tipo,status) VALUES ('Cooperd8','cooperd8@mail.com','x','cooperado','ativo');
INSERT INTO cooperados (id_usuario,id_cooperativa,cpf,ativo,cidade,estado) VALUES (60,45,'13859632756',1,'Maringá','MG');
INSERT INTO usuarios (nome,email,senha_hash,tipo,status) VALUES ('Cooperd9','cooperd9@mail.com','x','cooperado','ativo');
INSERT INTO cooperados (id_usuario,id_cooperativa,cpf,ativo,cidade,estado) VALUES (61,50,'18732589228',1,'Londrina','RS');
INSERT INTO usuarios (nome,email,senha_hash,tipo,status) VALUES ('Cooperd10','cooperd10@mail.com','x','cooperado','ativo');
INSERT INTO cooperados (id_usuario,id_cooperativa,cpf,ativo,cidade,estado) VALUES (62,50,'43565198701',1,'São Paulo','RJ');
INSERT INTO usuarios (nome,email,senha_hash,tipo,status) VALUES ('Cooperd11','cooperd11@mail.com','x','cooperado','ativo');
INSERT INTO cooperados (id_usuario,id_cooperativa,cpf,ativo,cidade,estado) VALUES (63,6,'95842556024',1,'Porto Alegre','RJ');
INSERT INTO usuarios (nome,email,senha_hash,tipo,status) VALUES ('Cooperd12','cooperd12@mail.com','x','cooperado','ativo');
INSERT INTO cooperados (id_usuario,id_cooperativa,cpf,ativo,cidade,estado) VALUES (64,35,'74525622392',1,'Niterói','RJ');
INSERT INTO usuarios (nome,email,senha_hash,tipo,status) VALUES ('Cooperd13','cooperd13@mail.com','x','cooperado','ativo');
INSERT INTO cooperados (id_usuario,id_cooperativa,cpf,ativo,cidade,estado) VALUES (65,35,'65253231224',1,'Porto Alegre','RS');
INSERT INTO usuarios (nome,email,senha_hash,tipo,status) VALUES ('Cooperd14','cooperd14@mail.com','x','cooperado','ativo');
INSERT INTO cooperados (id_usuario,id_cooperativa,cpf,ativo,cidade,estado) VALUES (66,50,'27745632223',1,'Rio de Janeiro','PR');
INSERT INTO usuarios (nome,email,senha_hash,tipo,status) VALUES ('Cooperd15','cooperd15@mail.com','x','cooperado','ativo');
INSERT INTO cooperados (id_usuario,id_cooperativa,cpf,ativo,cidade,estado) VALUES (67,26,'86307688829',1,'Caxias do Sul','PR');
INSERT INTO usuarios (nome,email,senha_hash,tipo,status) VALUES ('Cooperd16','cooperd16@mail.com','x','cooperado','ativo');
INSERT INTO cooperados (id_usuario,id_cooperativa,cpf,ativo,cidade,estado) VALUES (68,35,'04805287809',1,'Londrina','RS');
INSERT INTO usuarios (nome,email,senha_hash,tipo,status) VALUES ('Cooperd17','cooperd17@mail.com','x','cooperado','ativo');
INSERT INTO cooperados (id_usuario,id_cooperativa,cpf,ativo,cidade,estado) VALUES (69,26,'30677892620',1,'Feira de Santana','PR');
INSERT INTO usuarios (nome,email,senha_hash,tipo,status) VALUES ('Cooperd18','cooperd18@mail.com','x','cooperado','ativo');
INSERT INTO cooperados (id_usuario,id_cooperativa,cpf,ativo,cidade,estado) VALUES (70,50,'97440519512',1,'Porto Alegre','RS');
INSERT INTO usuarios (nome,email,senha_hash,tipo,status) VALUES ('Cooperd19','cooperd19@mail.com','x','cooperado','ativo');
INSERT INTO cooperados (id_usuario,id_cooperativa,cpf,ativo,cidade,estado) VALUES (71,50,'75312222951',1,'Maringá','MG');
INSERT INTO usuarios (nome,email,senha_hash,tipo,status) VALUES ('Cooperd20','cooperd20@mail.com','x','cooperado','ativo');
INSERT INTO cooperados (id_usuario,id_cooperativa,cpf,ativo,cidade,estado) VALUES (72,2,'84312461210',1,'Porto Alegre','PR');
INSERT INTO usuarios (nome,email,senha_hash,tipo,status) VALUES ('Cooperd21','cooperd21@mail.com','x','cooperado','ativo');
INSERT INTO cooperados (id_usuario,id_cooperativa,cpf,ativo,cidade,estado) VALUES (73,11,'92590582444',1,'Sorocaba','PR');
INSERT INTO usuarios (nome,email,senha_hash,tipo,status) VALUES ('Cooperd22','cooperd22@mail.com','x','cooperado','ativo');
INSERT INTO cooperados (id_usuario,id_cooperativa,cpf,ativo,cidade,estado) VALUES (74,13,'04885168455',1,'Caxias do Sul','SP');
INSERT INTO usuarios (nome,email,senha_hash,tipo,status) VALUES ('Cooperd23','cooperd23@mail.com','x','cooperado','ativo');
INSERT INTO cooperados (id_usuario,id_cooperativa,cpf,ativo,cidade,estado) VALUES (75,12,'02413077429',1,'Belo Horizonte','SP');
INSERT INTO usuarios (nome,email,senha_hash,tipo,status) VALUES ('Cooperd24','cooperd24@mail.com','x','cooperado','ativo');
INSERT INTO cooperados (id_usuario,id_cooperativa,cpf,ativo,cidade,estado) VALUES (76,11,'93167803283',1,'Maringá','PR');
INSERT INTO usuarios (nome,email,senha_hash,tipo,status) VALUES ('Cooperd25','cooperd25@mail.com','x','cooperado','ativo');
INSERT INTO cooperados (id_usuario,id_cooperativa,cpf,ativo,cidade,estado) VALUES (77,11,'28677055867',1,'Feira de Santana','RS');
INSERT INTO usuarios (nome,email,senha_hash,tipo,status) VALUES ('Cooperd26','cooperd26@mail.com','x','cooperado','ativo');
INSERT INTO cooperados (id_usuario,id_cooperativa,cpf,ativo,cidade,estado) VALUES (78,21,'73368808165',1,'Porto Alegre','RS');
INSERT INTO usuarios (nome,email,senha_hash,tipo,status) VALUES ('Cooperd27','cooperd27@mail.com','x','cooperado','ativo');
INSERT INTO cooperados (id_usuario,id_cooperativa,cpf,ativo,cidade,estado) VALUES (79,38,'05036232965',1,'Porto Alegre','SP');
INSERT INTO usuarios (nome,email,senha_hash,tipo,status) VALUES ('Cooperd28','cooperd28@mail.com','x','cooperado','ativo');
INSERT INTO cooperados (id_usuario,id_cooperativa,cpf,ativo,cidade,estado) VALUES (80,20,'16162387039',1,'Petrópolis','SP');
INSERT INTO usuarios (nome,email,senha_hash,tipo,status) VALUES ('Cooperd29','cooperd29@mail.com','x','cooperado','ativo');
INSERT INTO cooperados (id_usuario,id_cooperativa,cpf,ativo,cidade,estado) VALUES (81,17,'89224850273',1,'Londrina','MG');
INSERT INTO usuarios (nome,email,senha_hash,tipo,status) VALUES ('Cooperd30','cooperd30@mail.com','x','cooperado','ativo');
INSERT INTO cooperados (id_usuario,id_cooperativa,cpf,ativo,cidade,estado) VALUES (82,30,'48186369422',1,'Caxias do Sul','MG');
INSERT INTO usuarios (nome,email,senha_hash,tipo,status) VALUES ('Cooperd31','cooperd31@mail.com','x','cooperado','ativo');
INSERT INTO cooperados (id_usuario,id_cooperativa,cpf,ativo,cidade,estado) VALUES (83,40,'68430837889',1,'Porto Alegre','PR');
INSERT INTO usuarios (nome,email,senha_hash,tipo,status) VALUES ('Cooperd32','cooperd32@mail.com','x','cooperado','ativo');
INSERT INTO cooperados (id_usuario,id_cooperativa,cpf,ativo,cidade,estado) VALUES (84,9,'98576531365',1,'Maringá','PR');
INSERT INTO usuarios (nome,email,senha_hash,tipo,status) VALUES ('Cooperd33','cooperd33@mail.com','x','cooperado','ativo');
INSERT INTO cooperados (id_usuario,id_cooperativa,cpf,ativo,cidade,estado) VALUES (85,8,'52439515315',1,'Niterói','RJ');
INSERT INTO usuarios (nome,email,senha_hash,tipo,status) VALUES ('Cooperd34','cooperd34@mail.com','x','cooperado','ativo');
INSERT INTO cooperados (id_usuario,id_cooperativa,cpf,ativo,cidade,estado) VALUES (86,17,'90584124352',1,'Belo Horizonte','RS');
INSERT INTO usuarios (nome,email,senha_hash,tipo,status) VALUES ('Cooperd35','cooperd35@mail.com','x','cooperado','ativo');
INSERT INTO cooperados (id_usuario,id_cooperativa,cpf,ativo,cidade,estado) VALUES (87,30,'36608464893',1,'Maringá','SP');
INSERT INTO usuarios (nome,email,senha_hash,tipo,status) VALUES ('Cooperd36','cooperd36@mail.com','x','cooperado','ativo');
INSERT INTO cooperados (id_usuario,id_cooperativa,cpf,ativo,cidade,estado) VALUES (88,42,'00124816567',1,'Feira de Santana','SP');
INSERT INTO usuarios (nome,email,senha_hash,tipo,status) VALUES ('Cooperd37','cooperd37@mail.com','x','cooperado','ativo');
INSERT INTO cooperados (id_usuario,id_cooperativa,cpf,ativo,cidade,estado) VALUES (89,37,'34369455794',1,'Sorocaba','MG');
INSERT INTO usuarios (nome,email,senha_hash,tipo,status) VALUES ('Cooperd38','cooperd38@mail.com','x','cooperado','ativo');
INSERT INTO cooperados (id_usuario,id_cooperativa,cpf,ativo,cidade,estado) VALUES (90,33,'16105920793',1,'Rio de Janeiro','BA');
INSERT INTO usuarios (nome,email,senha_hash,tipo,status) VALUES ('Cooperd39','cooperd39@mail.com','x','cooperado','ativo');
INSERT INTO cooperados (id_usuario,id_cooperativa,cpf,ativo,cidade,estado) VALUES (91,40,'57128630885',1,'Salvador','RJ');
INSERT INTO usuarios (nome,email,senha_hash,tipo,status) VALUES ('Cooperd40','cooperd40@mail.com','x','cooperado','ativo');
INSERT INTO cooperados (id_usuario,id_cooperativa,cpf,ativo,cidade,estado) VALUES (92,6,'84000265140',1,'São Paulo','SP');
INSERT INTO usuarios (nome,email,senha_hash,tipo,status) VALUES ('Cooperd41','cooperd41@mail.com','x','cooperado','ativo');
INSERT INTO cooperados (id_usuario,id_cooperativa,cpf,ativo,cidade,estado) VALUES (93,13,'44593985132',1,'Curitiba','PR');
INSERT INTO usuarios (nome,email,senha_hash,tipo,status) VALUES ('Cooperd42','cooperd42@mail.com','x','cooperado','ativo');
INSERT INTO cooperados (id_usuario,id_cooperativa,cpf,ativo,cidade,estado) VALUES (94,12,'13493403313',1,'Sorocaba','PR');
INSERT INTO usuarios (nome,email,senha_hash,tipo,status) VALUES ('Cooperd43','cooperd43@mail.com','x','cooperado','ativo');
INSERT INTO cooperados (id_usuario,id_cooperativa,cpf,ativo,cidade,estado) VALUES (95,9,'13852403344',1,'Caxias do Sul','RJ');
INSERT INTO usuarios (nome,email,senha_hash,tipo,status) VALUES ('Cooperd44','cooperd44@mail.com','x','cooperado','ativo');
INSERT INTO cooperados (id_usuario,id_cooperativa,cpf,ativo,cidade,estado) VALUES (96,21,'96022563247',1,'Sorocaba','SP');
INSERT INTO usuarios (nome,email,senha_hash,tipo,status) VALUES ('Cooperd45','cooperd45@mail.com','x','cooperado','ativo');
INSERT INTO cooperados (id_usuario,id_cooperativa,cpf,ativo,cidade,estado) VALUES (97,25,'75382903875',1,'Campinas','BA');
INSERT INTO usuarios (nome,email,senha_hash,tipo,status) VALUES ('Cooperd46','cooperd46@mail.com','x','cooperado','ativo');
INSERT INTO cooperados (id_usuario,id_cooperativa,cpf,ativo,cidade,estado) VALUES (98,6,'73206088439',1,'Caxias do Sul','RS');
INSERT INTO usuarios (nome,email,senha_hash,tipo,status) VALUES ('Cooperd47','cooperd47@mail.com','x','cooperado','ativo');
INSERT INTO cooperados (id_usuario,id_cooperativa,cpf,ativo,cidade,estado) VALUES (99,19,'15445742593',1,'Belo Horizonte','RS');
INSERT INTO usuarios (nome,email,senha_hash,tipo,status) VALUES ('Cooperd48','cooperd48@mail.com','x','cooperado','ativo');
INSERT INTO cooperados (id_usuario,id_cooperativa,cpf,ativo,cidade,estado) VALUES (100,1,'86376754691',1,'Salvador','BA');
INSERT INTO usuarios (nome,email,senha_hash,tipo,status) VALUES ('Cooperd49','cooperd49@mail.com','x','cooperado','ativo');
INSERT INTO cooperados (id_usuario,id_cooperativa,cpf,ativo,cidade,estado) VALUES (101,20,'43658463656',1,'Porto Alegre','SP');
INSERT INTO usuarios (nome,email,senha_hash,tipo,status) VALUES ('Cooperd50','cooperd50@mail.com','x','cooperado','ativo');
INSERT INTO cooperados (id_usuario,id_cooperativa,cpf,ativo,cidade,estado) VALUES (102,20,'11966521294',1,'Feira de Santana','PR');
INSERT INTO usuarios (nome,email,senha_hash,tipo,status) VALUES ('Cooperd51','cooperd51@mail.com','x','cooperado','ativo');
INSERT INTO cooperados (id_usuario,id_cooperativa,cpf,ativo,cidade,estado) VALUES (103,16,'67600213046',1,'Petrópolis','RS');
INSERT INTO usuarios (nome,email,senha_hash,tipo,status) VALUES ('Cooperd52','cooperd52@mail.com','x','cooperado','ativo');
INSERT INTO cooperados (id_usuario,id_cooperativa,cpf,ativo,cidade,estado) VALUES (104,17,'84798042560',1,'Rio de Janeiro','BA');
INSERT INTO usuarios (nome,email,senha_hash,tipo,status) VALUES ('Cooperd53','cooperd53@mail.com','x','cooperado','ativo');
INSERT INTO cooperados (id_usuario,id_cooperativa,cpf,ativo,cidade,estado) VALUES (105,38,'65903528650',1,'São Paulo','RJ');
INSERT INTO usuarios (nome,email,senha_hash,tipo,status) VALUES ('Cooperd54','cooperd54@mail.com','x','cooperado','ativo');
INSERT INTO cooperados (id_usuario,id_cooperativa,cpf,ativo,cidade,estado) VALUES (106,47,'87714663705',1,'Londrina','SP');
INSERT INTO usuarios (nome,email,senha_hash,tipo,status) VALUES ('Cooperd55','cooperd55@mail.com','x','cooperado','ativo');
INSERT INTO cooperados (id_usuario,id_cooperativa,cpf,ativo,cidade,estado) VALUES (107,31,'12148543093',1,'Belo Horizonte','SP');
INSERT INTO usuarios (nome,email,senha_hash,tipo,status) VALUES ('Cooperd56','cooperd56@mail.com','x','cooperado','ativo');
INSERT INTO cooperados (id_usuario,id_cooperativa,cpf,ativo,cidade,estado) VALUES (108,16,'05692143097',1,'Sorocaba','BA');
INSERT INTO usuarios (nome,email,senha_hash,tipo,status) VALUES ('Cooperd57','cooperd57@mail.com','x','cooperado','ativo');
INSERT INTO cooperados (id_usuario,id_cooperativa,cpf,ativo,cidade,estado) VALUES (109,33,'14252812756',1,'Belo Horizonte','RJ');
INSERT INTO usuarios (nome,email,senha_hash,tipo,status) VALUES ('Cooperd58','cooperd58@mail.com','x','cooperado','ativo');
INSERT INTO cooperados (id_usuario,id_cooperativa,cpf,ativo,cidade,estado) VALUES (110,32,'72628771384',1,'Maringá','BA');
INSERT INTO usuarios (nome,email,senha_hash,tipo,status) VALUES ('Cooperd59','cooperd59@mail.com','x','cooperado','ativo');
INSERT INTO cooperados (id_usuario,id_cooperativa,cpf,ativo,cidade,estado) VALUES (111,4,'35017857869',1,'Niterói','RS');
INSERT INTO usuarios (nome,email,senha_hash,tipo,status) VALUES ('Cooperd60','cooperd60@mail.com','x','cooperado','ativo');
INSERT INTO cooperados (id_usuario,id_cooperativa,cpf,ativo,cidade,estado) VALUES (112,37,'01178794151',1,'Feira de Santana','SP');
INSERT INTO usuarios (nome,email,senha_hash,tipo,status) VALUES ('Cooperd61','cooperd61@mail.com','x','cooperado','ativo');
INSERT INTO cooperados (id_usuario,id_cooperativa,cpf,ativo,cidade,estado) VALUES (113,27,'72490818193',1,'Porto Alegre','PR');
INSERT INTO usuarios (nome,email,senha_hash,tipo,status) VALUES ('Cooperd62','cooperd62@mail.com','x','cooperado','ativo');
INSERT INTO cooperados (id_usuario,id_cooperativa,cpf,ativo,cidade,estado) VALUES (114,32,'24620544387',1,'São Paulo','BA');
INSERT INTO usuarios (nome,email,senha_hash,tipo,status) VALUES ('Cooperd63','cooperd63@mail.com','x','cooperado','ativo');
INSERT INTO cooperados (id_usuario,id_cooperativa,cpf,ativo,cidade,estado) VALUES (115,13,'87146527826',1,'Londrina','PR');
INSERT INTO usuarios (nome,email,senha_hash,tipo,status) VALUES ('Cooperd64','cooperd64@mail.com','x','cooperado','ativo');
INSERT INTO cooperados (id_usuario,id_cooperativa,cpf,ativo,cidade,estado) VALUES (116,47,'51030794747',1,'Caxias do Sul','BA');
INSERT INTO usuarios (nome,email,senha_hash,tipo,status) VALUES ('Cooperd65','cooperd65@mail.com','x','cooperado','ativo');
INSERT INTO cooperados (id_usuario,id_cooperativa,cpf,ativo,cidade,estado) VALUES (117,50,'56673102361',1,'Porto Alegre','PR');
INSERT INTO usuarios (nome,email,senha_hash,tipo,status) VALUES ('Cooperd66','cooperd66@mail.com','x','cooperado','ativo');
INSERT INTO cooperados (id_usuario,id_cooperativa,cpf,ativo,cidade,estado) VALUES (118,1,'07448616011',1,'Feira de Santana','BA');
INSERT INTO usuarios (nome,email,senha_hash,tipo,status) VALUES ('Cooperd67','cooperd67@mail.com','x','cooperado','ativo');
INSERT INTO cooperados (id_usuario,id_cooperativa,cpf,ativo,cidade,estado) VALUES (119,32,'01684852581',1,'Porto Alegre','RS');
INSERT INTO usuarios (nome,email,senha_hash,tipo,status) VALUES ('Cooperd68','cooperd68@mail.com','x','cooperado','ativo');
INSERT INTO cooperados (id_usuario,id_cooperativa,cpf,ativo,cidade,estado) VALUES (120,45,'10675883494',1,'Belo Horizonte','MG');
INSERT INTO usuarios (nome,email,senha_hash,tipo,status) VALUES ('Cooperd69','cooperd69@mail.com','x','cooperado','ativo');
INSERT INTO cooperados (id_usuario,id_cooperativa,cpf,ativo,cidade,estado) VALUES (121,37,'46691534072',1,'Belo Horizonte','MG');
INSERT INTO usuarios (nome,email,senha_hash,tipo,status) VALUES ('Cooperd70','cooperd70@mail.com','x','cooperado','ativo');
INSERT INTO cooperados (id_usuario,id_cooperativa,cpf,ativo,cidade,estado) VALUES (122,22,'65940082788',1,'Caxias do Sul','SP');
INSERT INTO usuarios (nome,email,senha_hash,tipo,status) VALUES ('Cooperd71','cooperd71@mail.com','x','cooperado','ativo');
INSERT INTO cooperados (id_usuario,id_cooperativa,cpf,ativo,cidade,estado) VALUES (123,1,'49656342295',1,'São Paulo','SP');
INSERT INTO usuarios (nome,email,senha_hash,tipo,status) VALUES ('Cooperd72','cooperd72@mail.com','x','cooperado','ativo');
INSERT INTO cooperados (id_usuario,id_cooperativa,cpf,ativo,cidade,estado) VALUES (124,3,'01521887847',1,'Maringá','BA');
INSERT INTO usuarios (nome,email,senha_hash,tipo,status) VALUES ('Cooperd73','cooperd73@mail.com','x','cooperado','ativo');
INSERT INTO cooperados (id_usuario,id_cooperativa,cpf,ativo,cidade,estado) VALUES (125,13,'87880470878',1,'São Paulo','RJ');
INSERT INTO usuarios (nome,email,senha_hash,tipo,status) VALUES ('Cooperd74','cooperd74@mail.com','x','cooperado','ativo');
INSERT INTO cooperados (id_usuario,id_cooperativa,cpf,ativo,cidade,estado) VALUES (126,13,'39390881944',1,'Maringá','PR');
INSERT INTO usuarios (nome,email,senha_hash,tipo,status) VALUES ('Cooperd75','cooperd75@mail.com','x','cooperado','ativo');
INSERT INTO cooperados (id_usuario,id_cooperativa,cpf,ativo,cidade,estado) VALUES (127,48,'39643678420',1,'Londrina','RJ');
INSERT INTO usuarios (nome,email,senha_hash,tipo,status) VALUES ('Cooperd76','cooperd76@mail.com','x','cooperado','ativo');
INSERT INTO cooperados (id_usuario,id_cooperativa,cpf,ativo,cidade,estado) VALUES (128,10,'99483600575',1,'Caxias do Sul','SP');
INSERT INTO usuarios (nome,email,senha_hash,tipo,status) VALUES ('Cooperd77','cooperd77@mail.com','x','cooperado','ativo');
INSERT INTO cooperados (id_usuario,id_cooperativa,cpf,ativo,cidade,estado) VALUES (129,4,'64197939893',1,'Rio de Janeiro','RS');
INSERT INTO usuarios (nome,email,senha_hash,tipo,status) VALUES ('Cooperd78','cooperd78@mail.com','x','cooperado','ativo');
INSERT INTO cooperados (id_usuario,id_cooperativa,cpf,ativo,cidade,estado) VALUES (130,42,'24912706551',1,'Caxias do Sul','PR');
INSERT INTO usuarios (nome,email,senha_hash,tipo,status) VALUES ('Cooperd79','cooperd79@mail.com','x','cooperado','ativo');
INSERT INTO cooperados (id_usuario,id_cooperativa,cpf,ativo,cidade,estado) VALUES (131,18,'60259864964',1,'Londrina','RJ');
INSERT INTO usuarios (nome,email,senha_hash,tipo,status) VALUES ('Cooperd80','cooperd80@mail.com','x','cooperado','ativo');
INSERT INTO cooperados (id_usuario,id_cooperativa,cpf,ativo,cidade,estado) VALUES (132,24,'91143194831',1,'Porto Alegre','RJ');
INSERT INTO usuarios (nome,email,senha_hash,tipo,status) VALUES ('Cooperd81','cooperd81@mail.com','x','cooperado','ativo');
INSERT INTO cooperados (id_usuario,id_cooperativa,cpf,ativo,cidade,estado) VALUES (133,33,'61705614106',1,'Caxias do Sul','MG');
INSERT INTO usuarios (nome,email,senha_hash,tipo,status) VALUES ('Cooperd82','cooperd82@mail.com','x','cooperado','ativo');
INSERT INTO cooperados (id_usuario,id_cooperativa,cpf,ativo,cidade,estado) VALUES (134,18,'21695252124',1,'Curitiba','RS');
INSERT INTO usuarios (nome,email,senha_hash,tipo,status) VALUES ('Cooperd83','cooperd83@mail.com','x','cooperado','ativo');
INSERT INTO cooperados (id_usuario,id_cooperativa,cpf,ativo,cidade,estado) VALUES (135,19,'67544215641',1,'Salvador','PR');
INSERT INTO usuarios (nome,email,senha_hash,tipo,status) VALUES ('Cooperd84','cooperd84@mail.com','x','cooperado','ativo');
INSERT INTO cooperados (id_usuario,id_cooperativa,cpf,ativo,cidade,estado) VALUES (136,28,'14109140764',1,'Feira de Santana','SP');
INSERT INTO usuarios (nome,email,senha_hash,tipo,status) VALUES ('Cooperd85','cooperd85@mail.com','x','cooperado','ativo');
INSERT INTO cooperados (id_usuario,id_cooperativa,cpf,ativo,cidade,estado) VALUES (137,21,'81425271377',1,'Campinas','MG');
INSERT INTO usuarios (nome,email,senha_hash,tipo,status) VALUES ('Cooperd86','cooperd86@mail.com','x','cooperado','ativo');
INSERT INTO cooperados (id_usuario,id_cooperativa,cpf,ativo,cidade,estado) VALUES (138,26,'17816953719',1,'Caxias do Sul','PR');
INSERT INTO usuarios (nome,email,senha_hash,tipo,status) VALUES ('Cooperd87','cooperd87@mail.com','x','cooperado','ativo');
INSERT INTO cooperados (id_usuario,id_cooperativa,cpf,ativo,cidade,estado) VALUES (139,4,'09866016740',1,'Londrina','PR');
INSERT INTO usuarios (nome,email,senha_hash,tipo,status) VALUES ('Cooperd88','cooperd88@mail.com','x','cooperado','ativo');
INSERT INTO cooperados (id_usuario,id_cooperativa,cpf,ativo,cidade,estado) VALUES (140,42,'96481409677',1,'Caxias do Sul','PR');
INSERT INTO usuarios (nome,email,senha_hash,tipo,status) VALUES ('Cooperd89','cooperd89@mail.com','x','cooperado','ativo');
INSERT INTO cooperados (id_usuario,id_cooperativa,cpf,ativo,cidade,estado) VALUES (141,34,'70898216920',1,'Niterói','RJ');
INSERT INTO usuarios (nome,email,senha_hash,tipo,status) VALUES ('Cooperd90','cooperd90@mail.com','x','cooperado','ativo');
INSERT INTO cooperados (id_usuario,id_cooperativa,cpf,ativo,cidade,estado) VALUES (142,3,'51751423011',1,'Caxias do Sul','SP');
INSERT INTO usuarios (nome,email,senha_hash,tipo,status) VALUES ('Cooperd91','cooperd91@mail.com','x','cooperado','ativo');
INSERT INTO cooperados (id_usuario,id_cooperativa,cpf,ativo,cidade,estado) VALUES (143,50,'33817117896',1,'Sorocaba','RS');
INSERT INTO usuarios (nome,email,senha_hash,tipo,status) VALUES ('Cooperd92','cooperd92@mail.com','x','cooperado','ativo');
INSERT INTO cooperados (id_usuario,id_cooperativa,cpf,ativo,cidade,estado) VALUES (144,10,'92926053127',1,'São Paulo','PR');
INSERT INTO usuarios (nome,email,senha_hash,tipo,status) VALUES ('Cooperd93','cooperd93@mail.com','x','cooperado','ativo');
INSERT INTO cooperados (id_usuario,id_cooperativa,cpf,ativo,cidade,estado) VALUES (145,36,'13258901200',1,'Porto Alegre','RS');
INSERT INTO usuarios (nome,email,senha_hash,tipo,status) VALUES ('Cooperd94','cooperd94@mail.com','x','cooperado','ativo');
INSERT INTO cooperados (id_usuario,id_cooperativa,cpf,ativo,cidade,estado) VALUES (146,5,'28356223258',1,'Uberlândia','PR');
INSERT INTO usuarios (nome,email,senha_hash,tipo,status) VALUES ('Cooperd95','cooperd95@mail.com','x','cooperado','ativo');
INSERT INTO cooperados (id_usuario,id_cooperativa,cpf,ativo,cidade,estado) VALUES (147,41,'60034647829',1,'Petrópolis','RJ');
INSERT INTO usuarios (nome,email,senha_hash,tipo,status) VALUES ('Cooperd96','cooperd96@mail.com','x','cooperado','ativo');
INSERT INTO cooperados (id_usuario,id_cooperativa,cpf,ativo,cidade,estado) VALUES (148,34,'07516820034',1,'Curitiba','RS');
INSERT INTO usuarios (nome,email,senha_hash,tipo,status) VALUES ('Cooperd97','cooperd97@mail.com','x','cooperado','ativo');
INSERT INTO cooperados (id_usuario,id_cooperativa,cpf,ativo,cidade,estado) VALUES (149,17,'14503006914',1,'Feira de Santana','MG');
INSERT INTO usuarios (nome,email,senha_hash,tipo,status) VALUES ('Cooperd98','cooperd98@mail.com','x','cooperado','ativo');
INSERT INTO cooperados (id_usuario,id_cooperativa,cpf,ativo,cidade,estado) VALUES (150,42,'27161929588',1,'Campinas','RS');
INSERT INTO usuarios (nome,email,senha_hash,tipo,status) VALUES ('Cooperd99','cooperd99@mail.com','x','cooperado','ativo');
INSERT INTO cooperados (id_usuario,id_cooperativa,cpf,ativo,cidade,estado) VALUES (151,19,'64625085489',1,'Niterói','PR');
INSERT INTO usuarios (nome,email,senha_hash,tipo,status) VALUES ('Cooperd100','cooperd100@mail.com','x','cooperado','ativo');
INSERT INTO cooperados (id_usuario,id_cooperativa,cpf,ativo,cidade,estado) VALUES (152,4,'45714278097',1,'Rio de Janeiro','RJ');
INSERT INTO usuarios (nome,email,senha_hash,tipo,status) VALUES ('Cooperd101','cooperd101@mail.com','x','cooperado','ativo');
INSERT INTO cooperados (id_usuario,id_cooperativa,cpf,ativo,cidade,estado) VALUES (153,6,'74431329064',1,'Belo Horizonte','RJ');
INSERT INTO usuarios (nome,email,senha_hash,tipo,status) VALUES ('Cooperd102','cooperd102@mail.com','x','cooperado','ativo');
INSERT INTO cooperados (id_usuario,id_cooperativa,cpf,ativo,cidade,estado) VALUES (154,28,'27030255005',1,'Sorocaba','SP');
INSERT INTO usuarios (nome,email,senha_hash,tipo,status) VALUES ('Cooperd103','cooperd103@mail.com','x','cooperado','ativo');
INSERT INTO cooperados (id_usuario,id_cooperativa,cpf,ativo,cidade,estado) VALUES (155,48,'39194198357',1,'Londrina','BA');
INSERT INTO usuarios (nome,email,senha_hash,tipo,status) VALUES ('Cooperd104','cooperd104@mail.com','x','cooperado','ativo');
INSERT INTO cooperados (id_usuario,id_cooperativa,cpf,ativo,cidade,estado) VALUES (156,21,'00653112944',1,'Sorocaba','RJ');
INSERT INTO usuarios (nome,email,senha_hash,tipo,status) VALUES ('Cooperd105','cooperd105@mail.com','x','cooperado','ativo');
INSERT INTO cooperados (id_usuario,id_cooperativa,cpf,ativo,cidade,estado) VALUES (157,41,'78077418080',1,'Maringá','MG');
INSERT INTO usuarios (nome,email,senha_hash,tipo,status) VALUES ('Cooperd106','cooperd106@mail.com','x','cooperado','ativo');
INSERT INTO cooperados (id_usuario,id_cooperativa,cpf,ativo,cidade,estado) VALUES (158,21,'56202783536',1,'Caxias do Sul','BA');
INSERT INTO usuarios (nome,email,senha_hash,tipo,status) VALUES ('Cooperd107','cooperd107@mail.com','x','cooperado','ativo');
INSERT INTO cooperados (id_usuario,id_cooperativa,cpf,ativo,cidade,estado) VALUES (159,1,'35430700091',1,'Petrópolis','BA');
INSERT INTO usuarios (nome,email,senha_hash,tipo,status) VALUES ('Cooperd108','cooperd108@mail.com','x','cooperado','ativo');
INSERT INTO cooperados (id_usuario,id_cooperativa,cpf,ativo,cidade,estado) VALUES (160,50,'48323863143',1,'Petrópolis','RS');
INSERT INTO usuarios (nome,email,senha_hash,tipo,status) VALUES ('Cooperd109','cooperd109@mail.com','x','cooperado','ativo');
INSERT INTO cooperados (id_usuario,id_cooperativa,cpf,ativo,cidade,estado) VALUES (161,39,'24472858659',1,'Petrópolis','MG');
INSERT INTO usuarios (nome,email,senha_hash,tipo,status) VALUES ('Cooperd110','cooperd110@mail.com','x','cooperado','ativo');
INSERT INTO cooperados (id_usuario,id_cooperativa,cpf,ativo,cidade,estado) VALUES (162,40,'60944807060',1,'Caxias do Sul','MG');
INSERT INTO usuarios (nome,email,senha_hash,tipo,status) VALUES ('Cooperd111','cooperd111@mail.com','x','cooperado','ativo');
INSERT INTO cooperados (id_usuario,id_cooperativa,cpf,ativo,cidade,estado) VALUES (163,45,'32046240036',1,'Feira de Santana','SP');
INSERT INTO usuarios (nome,email,senha_hash,tipo,status) VALUES ('Cooperd112','cooperd112@mail.com','x','cooperado','ativo');
INSERT INTO cooperados (id_usuario,id_cooperativa,cpf,ativo,cidade,estado) VALUES (164,29,'03021802231',1,'Sorocaba','BA');
INSERT INTO usuarios (nome,email,senha_hash,tipo,status) VALUES ('Cooperd113','cooperd113@mail.com','x','cooperado','ativo');
INSERT INTO cooperados (id_usuario,id_cooperativa,cpf,ativo,cidade,estado) VALUES (165,7,'56592638427',1,'Petrópolis','PR');
INSERT INTO usuarios (nome,email,senha_hash,tipo,status) VALUES ('Cooperd114','cooperd114@mail.com','x','cooperado','ativo');
INSERT INTO cooperados (id_usuario,id_cooperativa,cpf,ativo,cidade,estado) VALUES (166,48,'76227544676',1,'Petrópolis','MG');
INSERT INTO usuarios (nome,email,senha_hash,tipo,status) VALUES ('Cooperd115','cooperd115@mail.com','x','cooperado','ativo');
INSERT INTO cooperados (id_usuario,id_cooperativa,cpf,ativo,cidade,estado) VALUES (167,40,'18337163759',1,'Caxias do Sul','SP');
INSERT INTO usuarios (nome,email,senha_hash,tipo,status) VALUES ('Cooperd116','cooperd116@mail.com','x','cooperado','ativo');
INSERT INTO cooperados (id_usuario,id_cooperativa,cpf,ativo,cidade,estado) VALUES (168,28,'94653266918',1,'Caxias do Sul','SP');
INSERT INTO usuarios (nome,email,senha_hash,tipo,status) VALUES ('Cooperd117','cooperd117@mail.com','x','cooperado','ativo');
INSERT INTO cooperados (id_usuario,id_cooperativa,cpf,ativo,cidade,estado) VALUES (169,21,'01296770651',1,'Caxias do Sul','RJ');
INSERT INTO usuarios (nome,email,senha_hash,tipo,status) VALUES ('Cooperd118','cooperd118@mail.com','x','cooperado','ativo');
INSERT INTO cooperados (id_usuario,id_cooperativa,cpf,ativo,cidade,estado) VALUES (170,8,'61935443128',1,'Campinas','MG');
INSERT INTO usuarios (nome,email,senha_hash,tipo,status) VALUES ('Cooperd119','cooperd119@mail.com','x','cooperado','ativo');
INSERT INTO cooperados (id_usuario,id_cooperativa,cpf,ativo,cidade,estado) VALUES (171,17,'46550861156',1,'Feira de Santana','MG');
INSERT INTO usuarios (nome,email,senha_hash,tipo,status) VALUES ('Cooperd120','cooperd120@mail.com','x','cooperado','ativo');
INSERT INTO cooperados (id_usuario,id_cooperativa,cpf,ativo,cidade,estado) VALUES (172,31,'76157156954',1,'Londrina','PR');
INSERT INTO usuarios (nome,email,senha_hash,tipo,status) VALUES ('Cooperd121','cooperd121@mail.com','x','cooperado','ativo');
INSERT INTO cooperados (id_usuario,id_cooperativa,cpf,ativo,cidade,estado) VALUES (173,14,'66201246923',1,'Campinas','PR');
INSERT INTO usuarios (nome,email,senha_hash,tipo,status) VALUES ('Cooperd122','cooperd122@mail.com','x','cooperado','ativo');
INSERT INTO cooperados (id_usuario,id_cooperativa,cpf,ativo,cidade,estado) VALUES (174,49,'18789101593',1,'Uberlândia','RJ');
INSERT INTO usuarios (nome,email,senha_hash,tipo,status) VALUES ('Cooperd123','cooperd123@mail.com','x','cooperado','ativo');
INSERT INTO cooperados (id_usuario,id_cooperativa,cpf,ativo,cidade,estado) VALUES (175,36,'69149982570',1,'Porto Alegre','RJ');
INSERT INTO usuarios (nome,email,senha_hash,tipo,status) VALUES ('Cooperd124','cooperd124@mail.com','x','cooperado','ativo');
INSERT INTO cooperados (id_usuario,id_cooperativa,cpf,ativo,cidade,estado) VALUES (176,34,'75111847506',1,'Porto Alegre','PR');
INSERT INTO usuarios (nome,email,senha_hash,tipo,status) VALUES ('Cooperd125','cooperd125@mail.com','x','cooperado','ativo');
INSERT INTO cooperados (id_usuario,id_cooperativa,cpf,ativo,cidade,estado) VALUES (177,39,'05218402640',1,'Porto Alegre','RJ');
INSERT INTO usuarios (nome,email,senha_hash,tipo,status) VALUES ('Cooperd126','cooperd126@mail.com','x','cooperado','ativo');
INSERT INTO cooperados (id_usuario,id_cooperativa,cpf,ativo,cidade,estado) VALUES (178,6,'04750339647',1,'Sorocaba','PR');
INSERT INTO usuarios (nome,email,senha_hash,tipo,status) VALUES ('Cooperd127','cooperd127@mail.com','x','cooperado','ativo');
INSERT INTO cooperados (id_usuario,id_cooperativa,cpf,ativo,cidade,estado) VALUES (179,37,'30380504943',1,'Rio de Janeiro','RS');
INSERT INTO usuarios (nome,email,senha_hash,tipo,status) VALUES ('Cooperd128','cooperd128@mail.com','x','cooperado','ativo');
INSERT INTO cooperados (id_usuario,id_cooperativa,cpf,ativo,cidade,estado) VALUES (180,18,'57590005966',1,'Uberlândia','RS');
INSERT INTO usuarios (nome,email,senha_hash,tipo,status) VALUES ('Cooperd129','cooperd129@mail.com','x','cooperado','ativo');
INSERT INTO cooperados (id_usuario,id_cooperativa,cpf,ativo,cidade,estado) VALUES (181,22,'77222601252',1,'Maringá','MG');
INSERT INTO usuarios (nome,email,senha_hash,tipo,status) VALUES ('Cooperd130','cooperd130@mail.com','x','cooperado','ativo');
INSERT INTO cooperados (id_usuario,id_cooperativa,cpf,ativo,cidade,estado) VALUES (182,1,'57067120229',1,'Campinas','SP');
INSERT INTO usuarios (nome,email,senha_hash,tipo,status) VALUES ('Cooperd131','cooperd131@mail.com','x','cooperado','ativo');
INSERT INTO cooperados (id_usuario,id_cooperativa,cpf,ativo,cidade,estado) VALUES (183,14,'40666653965',1,'São Paulo','SP');
INSERT INTO usuarios (nome,email,senha_hash,tipo,status) VALUES ('Cooperd132','cooperd132@mail.com','x','cooperado','ativo');
INSERT INTO cooperados (id_usuario,id_cooperativa,cpf,ativo,cidade,estado) VALUES (184,2,'19342069403',1,'Niterói','RJ');
INSERT INTO usuarios (nome,email,senha_hash,tipo,status) VALUES ('Cooperd133','cooperd133@mail.com','x','cooperado','ativo');
INSERT INTO cooperados (id_usuario,id_cooperativa,cpf,ativo,cidade,estado) VALUES (185,37,'06933070145',1,'Maringá','PR');
INSERT INTO usuarios (nome,email,senha_hash,tipo,status) VALUES ('Cooperd134','cooperd134@mail.com','x','cooperado','ativo');
INSERT INTO cooperados (id_usuario,id_cooperativa,cpf,ativo,cidade,estado) VALUES (186,23,'87841671532',1,'Campinas','MG');
INSERT INTO usuarios (nome,email,senha_hash,tipo,status) VALUES ('Cooperd135','cooperd135@mail.com','x','cooperado','ativo');
INSERT INTO cooperados (id_usuario,id_cooperativa,cpf,ativo,cidade,estado) VALUES (187,39,'56412623852',1,'Niterói','SP');
INSERT INTO usuarios (nome,email,senha_hash,tipo,status) VALUES ('Cooperd136','cooperd136@mail.com','x','cooperado','ativo');
INSERT INTO cooperados (id_usuario,id_cooperativa,cpf,ativo,cidade,estado) VALUES (188,29,'64849167491',1,'Salvador','PR');
INSERT INTO usuarios (nome,email,senha_hash,tipo,status) VALUES ('Cooperd137','cooperd137@mail.com','x','cooperado','ativo');
INSERT INTO cooperados (id_usuario,id_cooperativa,cpf,ativo,cidade,estado) VALUES (189,44,'38449752749',1,'Caxias do Sul','SP');
INSERT INTO usuarios (nome,email,senha_hash,tipo,status) VALUES ('Cooperd138','cooperd138@mail.com','x','cooperado','ativo');
INSERT INTO cooperados (id_usuario,id_cooperativa,cpf,ativo,cidade,estado) VALUES (190,10,'48362534003',1,'Caxias do Sul','MG');
INSERT INTO usuarios (nome,email,senha_hash,tipo,status) VALUES ('Cooperd139','cooperd139@mail.com','x','cooperado','ativo');
INSERT INTO cooperados (id_usuario,id_cooperativa,cpf,ativo,cidade,estado) VALUES (191,43,'25632399173',1,'Belo Horizonte','RJ');
INSERT INTO usuarios (nome,email,senha_hash,tipo,status) VALUES ('Cooperd140','cooperd140@mail.com','x','cooperado','ativo');
INSERT INTO cooperados (id_usuario,id_cooperativa,cpf,ativo,cidade,estado) VALUES (192,17,'32919355876',1,'Petrópolis','SP');
INSERT INTO usuarios (nome,email,senha_hash,tipo,status) VALUES ('Cooperd141','cooperd141@mail.com','x','cooperado','ativo');
INSERT INTO cooperados (id_usuario,id_cooperativa,cpf,ativo,cidade,estado) VALUES (193,44,'15956386657',1,'Maringá','RJ');
INSERT INTO usuarios (nome,email,senha_hash,tipo,status) VALUES ('Cooperd142','cooperd142@mail.com','x','cooperado','ativo');
INSERT INTO cooperados (id_usuario,id_cooperativa,cpf,ativo,cidade,estado) VALUES (194,24,'06491872127',1,'Uberlândia','RS');
INSERT INTO usuarios (nome,email,senha_hash,tipo,status) VALUES ('Cooperd143','cooperd143@mail.com','x','cooperado','ativo');
INSERT INTO cooperados (id_usuario,id_cooperativa,cpf,ativo,cidade,estado) VALUES (195,10,'84279530694',1,'Caxias do Sul','RS');
INSERT INTO usuarios (nome,email,senha_hash,tipo,status) VALUES ('Cooperd144','cooperd144@mail.com','x','cooperado','ativo');
INSERT INTO cooperados (id_usuario,id_cooperativa,cpf,ativo,cidade,estado) VALUES (196,46,'81268694063',1,'Petrópolis','SP');
INSERT INTO usuarios (nome,email,senha_hash,tipo,status) VALUES ('Cooperd145','cooperd145@mail.com','x','cooperado','ativo');
INSERT INTO cooperados (id_usuario,id_cooperativa,cpf,ativo,cidade,estado) VALUES (197,27,'16199592152',1,'Maringá','SP');
INSERT INTO usuarios (nome,email,senha_hash,tipo,status) VALUES ('Cooperd146','cooperd146@mail.com','x','cooperado','ativo');
INSERT INTO cooperados (id_usuario,id_cooperativa,cpf,ativo,cidade,estado) VALUES (198,37,'29456628154',1,'Uberlândia','SP');
INSERT INTO usuarios (nome,email,senha_hash,tipo,status) VALUES ('Cooperd147','cooperd147@mail.com','x','cooperado','ativo');
INSERT INTO cooperados (id_usuario,id_cooperativa,cpf,ativo,cidade,estado) VALUES (199,19,'20355003950',1,'Rio de Janeiro','RJ');
INSERT INTO usuarios (nome,email,senha_hash,tipo,status) VALUES ('Cooperd148','cooperd148@mail.com','x','cooperado','ativo');
INSERT INTO cooperados (id_usuario,id_cooperativa,cpf,ativo,cidade,estado) VALUES (200,11,'05378137964',1,'Salvador','PR');
INSERT INTO usuarios (nome,email,senha_hash,tipo,status) VALUES ('Cooperd149','cooperd149@mail.com','x','cooperado','ativo');
INSERT INTO cooperados (id_usuario,id_cooperativa,cpf,ativo,cidade,estado) VALUES (201,23,'90486442327',1,'Caxias do Sul','PR');
INSERT INTO usuarios (nome,email,senha_hash,tipo,status) VALUES ('Cooperd150','cooperd150@mail.com','x','cooperado','ativo');
INSERT INTO cooperados (id_usuario,id_cooperativa,cpf,ativo,cidade,estado) VALUES (202,37,'85901672881',1,'Belo Horizonte','PR');
INSERT INTO usuarios (nome,email,senha_hash,tipo,status) VALUES ('Cooperd151','cooperd151@mail.com','x','cooperado','ativo');
INSERT INTO cooperados (id_usuario,id_cooperativa,cpf,ativo,cidade,estado) VALUES (203,34,'21398553612',1,'Campinas','RJ');
INSERT INTO usuarios (nome,email,senha_hash,tipo,status) VALUES ('Cooperd152','cooperd152@mail.com','x','cooperado','ativo');
INSERT INTO cooperados (id_usuario,id_cooperativa,cpf,ativo,cidade,estado) VALUES (204,43,'25959759121',1,'Feira de Santana','BA');
INSERT INTO usuarios (nome,email,senha_hash,tipo,status) VALUES ('Cooperd153','cooperd153@mail.com','x','cooperado','ativo');
INSERT INTO cooperados (id_usuario,id_cooperativa,cpf,ativo,cidade,estado) VALUES (205,23,'68683626176',1,'Belo Horizonte','PR');
INSERT INTO usuarios (nome,email,senha_hash,tipo,status) VALUES ('Cooperd154','cooperd154@mail.com','x','cooperado','ativo');
INSERT INTO cooperados (id_usuario,id_cooperativa,cpf,ativo,cidade,estado) VALUES (206,39,'50412337315',1,'Curitiba','PR');
INSERT INTO usuarios (nome,email,senha_hash,tipo,status) VALUES ('Cooperd155','cooperd155@mail.com','x','cooperado','ativo');
INSERT INTO cooperados (id_usuario,id_cooperativa,cpf,ativo,cidade,estado) VALUES (207,35,'03882000530',1,'Porto Alegre','PR');
INSERT INTO usuarios (nome,email,senha_hash,tipo,status) VALUES ('Cooperd156','cooperd156@mail.com','x','cooperado','ativo');
INSERT INTO cooperados (id_usuario,id_cooperativa,cpf,ativo,cidade,estado) VALUES (208,17,'21680032810',1,'Niterói','PR');
INSERT INTO usuarios (nome,email,senha_hash,tipo,status) VALUES ('Cooperd157','cooperd157@mail.com','x','cooperado','ativo');
INSERT INTO cooperados (id_usuario,id_cooperativa,cpf,ativo,cidade,estado) VALUES (209,1,'92623873056',1,'Petrópolis','BA');
INSERT INTO usuarios (nome,email,senha_hash,tipo,status) VALUES ('Cooperd158','cooperd158@mail.com','x','cooperado','ativo');
INSERT INTO cooperados (id_usuario,id_cooperativa,cpf,ativo,cidade,estado) VALUES (210,1,'64144003960',1,'Caxias do Sul','PR');
INSERT INTO usuarios (nome,email,senha_hash,tipo,status) VALUES ('Cooperd159','cooperd159@mail.com','x','cooperado','ativo');
INSERT INTO cooperados (id_usuario,id_cooperativa,cpf,ativo,cidade,estado) VALUES (211,28,'46389136371',1,'Belo Horizonte','BA');
INSERT INTO usuarios (nome,email,senha_hash,tipo,status) VALUES ('Cooperd160','cooperd160@mail.com','x','cooperado','ativo');
INSERT INTO cooperados (id_usuario,id_cooperativa,cpf,ativo,cidade,estado) VALUES (212,23,'64320131045',1,'Curitiba','RS');
INSERT INTO usuarios (nome,email,senha_hash,tipo,status) VALUES ('Cooperd161','cooperd161@mail.com','x','cooperado','ativo');
INSERT INTO cooperados (id_usuario,id_cooperativa,cpf,ativo,cidade,estado) VALUES (213,48,'01488356231',1,'Campinas','MG');
INSERT INTO usuarios (nome,email,senha_hash,tipo,status) VALUES ('Cooperd162','cooperd162@mail.com','x','cooperado','ativo');
INSERT INTO cooperados (id_usuario,id_cooperativa,cpf,ativo,cidade,estado) VALUES (214,30,'93044994923',1,'Feira de Santana','BA');
INSERT INTO usuarios (nome,email,senha_hash,tipo,status) VALUES ('Cooperd163','cooperd163@mail.com','x','cooperado','ativo');
INSERT INTO cooperados (id_usuario,id_cooperativa,cpf,ativo,cidade,estado) VALUES (215,25,'00592769286',1,'Porto Alegre','MG');
INSERT INTO usuarios (nome,email,senha_hash,tipo,status) VALUES ('Cooperd164','cooperd164@mail.com','x','cooperado','ativo');
INSERT INTO cooperados (id_usuario,id_cooperativa,cpf,ativo,cidade,estado) VALUES (216,46,'54674308872',1,'Caxias do Sul','SP');
INSERT INTO usuarios (nome,email,senha_hash,tipo,status) VALUES ('Cooperd165','cooperd165@mail.com','x','cooperado','ativo');
INSERT INTO cooperados (id_usuario,id_cooperativa,cpf,ativo,cidade,estado) VALUES (217,32,'87010705160',1,'Feira de Santana','BA');
INSERT INTO usuarios (nome,email,senha_hash,tipo,status) VALUES ('Cooperd166','cooperd166@mail.com','x','cooperado','ativo');
INSERT INTO cooperados (id_usuario,id_cooperativa,cpf,ativo,cidade,estado) VALUES (218,20,'67773813029',1,'Maringá','PR');
INSERT INTO usuarios (nome,email,senha_hash,tipo,status) VALUES ('Cooperd167','cooperd167@mail.com','x','cooperado','ativo');
INSERT INTO cooperados (id_usuario,id_cooperativa,cpf,ativo,cidade,estado) VALUES (219,45,'04767603383',1,'Maringá','SP');
INSERT INTO usuarios (nome,email,senha_hash,tipo,status) VALUES ('Cooperd168','cooperd168@mail.com','x','cooperado','ativo');
INSERT INTO cooperados (id_usuario,id_cooperativa,cpf,ativo,cidade,estado) VALUES (220,38,'81295200386',1,'Feira de Santana','MG');
INSERT INTO usuarios (nome,email,senha_hash,tipo,status) VALUES ('Cooperd169','cooperd169@mail.com','x','cooperado','ativo');
INSERT INTO cooperados (id_usuario,id_cooperativa,cpf,ativo,cidade,estado) VALUES (221,19,'82179104907',1,'Campinas','PR');
INSERT INTO usuarios (nome,email,senha_hash,tipo,status) VALUES ('Cooperd170','cooperd170@mail.com','x','cooperado','ativo');
INSERT INTO cooperados (id_usuario,id_cooperativa,cpf,ativo,cidade,estado) VALUES (222,9,'92065368695',1,'Porto Alegre','PR');
INSERT INTO usuarios (nome,email,senha_hash,tipo,status) VALUES ('Cooperd171','cooperd171@mail.com','x','cooperado','ativo');
INSERT INTO cooperados (id_usuario,id_cooperativa,cpf,ativo,cidade,estado) VALUES (223,24,'14134027462',1,'Curitiba','SP');
INSERT INTO usuarios (nome,email,senha_hash,tipo,status) VALUES ('Cooperd172','cooperd172@mail.com','x','cooperado','ativo');
INSERT INTO cooperados (id_usuario,id_cooperativa,cpf,ativo,cidade,estado) VALUES (224,24,'35437492872',1,'Petrópolis','PR');
INSERT INTO usuarios (nome,email,senha_hash,tipo,status) VALUES ('Cooperd173','cooperd173@mail.com','x','cooperado','ativo');
INSERT INTO cooperados (id_usuario,id_cooperativa,cpf,ativo,cidade,estado) VALUES (225,18,'44260409759',1,'São Paulo','RS');
INSERT INTO usuarios (nome,email,senha_hash,tipo,status) VALUES ('Cooperd174','cooperd174@mail.com','x','cooperado','ativo');
INSERT INTO cooperados (id_usuario,id_cooperativa,cpf,ativo,cidade,estado) VALUES (226,26,'62020913950',1,'Campinas','MG');
INSERT INTO usuarios (nome,email,senha_hash,tipo,status) VALUES ('Cooperd175','cooperd175@mail.com','x','cooperado','ativo');
INSERT INTO cooperados (id_usuario,id_cooperativa,cpf,ativo,cidade,estado) VALUES (227,25,'36660175579',1,'Feira de Santana','PR');
INSERT INTO usuarios (nome,email,senha_hash,tipo,status) VALUES ('Cooperd176','cooperd176@mail.com','x','cooperado','ativo');
INSERT INTO cooperados (id_usuario,id_cooperativa,cpf,ativo,cidade,estado) VALUES (228,26,'56561759310',1,'Maringá','SP');
INSERT INTO usuarios (nome,email,senha_hash,tipo,status) VALUES ('Cooperd177','cooperd177@mail.com','x','cooperado','ativo');
INSERT INTO cooperados (id_usuario,id_cooperativa,cpf,ativo,cidade,estado) VALUES (229,23,'81686758756',1,'Sorocaba','RJ');
INSERT INTO usuarios (nome,email,senha_hash,tipo,status) VALUES ('Cooperd178','cooperd178@mail.com','x','cooperado','ativo');
INSERT INTO cooperados (id_usuario,id_cooperativa,cpf,ativo,cidade,estado) VALUES (230,35,'39013805111',1,'Belo Horizonte','BA');
INSERT INTO usuarios (nome,email,senha_hash,tipo,status) VALUES ('Cooperd179','cooperd179@mail.com','x','cooperado','ativo');
INSERT INTO cooperados (id_usuario,id_cooperativa,cpf,ativo,cidade,estado) VALUES (231,5,'81255072842',1,'Niterói','SP');
INSERT INTO usuarios (nome,email,senha_hash,tipo,status) VALUES ('Cooperd180','cooperd180@mail.com','x','cooperado','ativo');
INSERT INTO cooperados (id_usuario,id_cooperativa,cpf,ativo,cidade,estado) VALUES (232,8,'45152058346',1,'Londrina','SP');
INSERT INTO usuarios (nome,email,senha_hash,tipo,status) VALUES ('Cooperd181','cooperd181@mail.com','x','cooperado','ativo');
INSERT INTO cooperados (id_usuario,id_cooperativa,cpf,ativo,cidade,estado) VALUES (233,33,'06454826990',1,'Petrópolis','SP');
INSERT INTO usuarios (nome,email,senha_hash,tipo,status) VALUES ('Cooperd182','cooperd182@mail.com','x','cooperado','ativo');
INSERT INTO cooperados (id_usuario,id_cooperativa,cpf,ativo,cidade,estado) VALUES (234,10,'60862781415',1,'Salvador','MG');
INSERT INTO usuarios (nome,email,senha_hash,tipo,status) VALUES ('Cooperd183','cooperd183@mail.com','x','cooperado','ativo');
INSERT INTO cooperados (id_usuario,id_cooperativa,cpf,ativo,cidade,estado) VALUES (235,23,'22847368848',1,'Porto Alegre','RJ');
INSERT INTO usuarios (nome,email,senha_hash,tipo,status) VALUES ('Cooperd184','cooperd184@mail.com','x','cooperado','ativo');
INSERT INTO cooperados (id_usuario,id_cooperativa,cpf,ativo,cidade,estado) VALUES (236,37,'65749749771',1,'Maringá','MG');
INSERT INTO usuarios (nome,email,senha_hash,tipo,status) VALUES ('Cooperd185','cooperd185@mail.com','x','cooperado','ativo');
INSERT INTO cooperados (id_usuario,id_cooperativa,cpf,ativo,cidade,estado) VALUES (237,15,'02733761608',1,'Caxias do Sul','BA');
INSERT INTO usuarios (nome,email,senha_hash,tipo,status) VALUES ('Cooperd186','cooperd186@mail.com','x','cooperado','ativo');
INSERT INTO cooperados (id_usuario,id_cooperativa,cpf,ativo,cidade,estado) VALUES (238,21,'89835628349',1,'Curitiba','SP');
INSERT INTO usuarios (nome,email,senha_hash,tipo,status) VALUES ('Cooperd187','cooperd187@mail.com','x','cooperado','ativo');
INSERT INTO cooperados (id_usuario,id_cooperativa,cpf,ativo,cidade,estado) VALUES (239,19,'70841863847',1,'Belo Horizonte','RJ');
INSERT INTO usuarios (nome,email,senha_hash,tipo,status) VALUES ('Cooperd188','cooperd188@mail.com','x','cooperado','ativo');
INSERT INTO cooperados (id_usuario,id_cooperativa,cpf,ativo,cidade,estado) VALUES (240,28,'31111370852',1,'São Paulo','PR');
INSERT INTO usuarios (nome,email,senha_hash,tipo,status) VALUES ('Cooperd189','cooperd189@mail.com','x','cooperado','ativo');
INSERT INTO cooperados (id_usuario,id_cooperativa,cpf,ativo,cidade,estado) VALUES (241,15,'26564409888',1,'Petrópolis','RS');
INSERT INTO usuarios (nome,email,senha_hash,tipo,status) VALUES ('Cooperd190','cooperd190@mail.com','x','cooperado','ativo');
INSERT INTO cooperados (id_usuario,id_cooperativa,cpf,ativo,cidade,estado) VALUES (242,34,'72375346953',1,'Belo Horizonte','BA');
INSERT INTO usuarios (nome,email,senha_hash,tipo,status) VALUES ('Cooperd191','cooperd191@mail.com','x','cooperado','ativo');
INSERT INTO cooperados (id_usuario,id_cooperativa,cpf,ativo,cidade,estado) VALUES (243,49,'56392111744',1,'Petrópolis','RJ');
INSERT INTO usuarios (nome,email,senha_hash,tipo,status) VALUES ('Cooperd192','cooperd192@mail.com','x','cooperado','ativo');
INSERT INTO cooperados (id_usuario,id_cooperativa,cpf,ativo,cidade,estado) VALUES (244,44,'01949598407',1,'Porto Alegre','BA');
INSERT INTO usuarios (nome,email,senha_hash,tipo,status) VALUES ('Cooperd193','cooperd193@mail.com','x','cooperado','ativo');
INSERT INTO cooperados (id_usuario,id_cooperativa,cpf,ativo,cidade,estado) VALUES (245,37,'85302615026',1,'Londrina','RJ');
INSERT INTO usuarios (nome,email,senha_hash,tipo,status) VALUES ('Cooperd194','cooperd194@mail.com','x','cooperado','ativo');
INSERT INTO cooperados (id_usuario,id_cooperativa,cpf,ativo,cidade,estado) VALUES (246,23,'40966705188',1,'São Paulo','MG');
INSERT INTO usuarios (nome,email,senha_hash,tipo,status) VALUES ('Cooperd195','cooperd195@mail.com','x','cooperado','ativo');
INSERT INTO cooperados (id_usuario,id_cooperativa,cpf,ativo,cidade,estado) VALUES (247,21,'61560254179',1,'Caxias do Sul','RJ');
INSERT INTO usuarios (nome,email,senha_hash,tipo,status) VALUES ('Cooperd196','cooperd196@mail.com','x','cooperado','ativo');
INSERT INTO cooperados (id_usuario,id_cooperativa,cpf,ativo,cidade,estado) VALUES (248,3,'88046781145',1,'São Paulo','RS');
INSERT INTO usuarios (nome,email,senha_hash,tipo,status) VALUES ('Cooperd197','cooperd197@mail.com','x','cooperado','ativo');
INSERT INTO cooperados (id_usuario,id_cooperativa,cpf,ativo,cidade,estado) VALUES (249,25,'29422272715',1,'Curitiba','PR');
INSERT INTO usuarios (nome,email,senha_hash,tipo,status) VALUES ('Cooperd198','cooperd198@mail.com','x','cooperado','ativo');
INSERT INTO cooperados (id_usuario,id_cooperativa,cpf,ativo,cidade,estado) VALUES (250,35,'98856161452',1,'Feira de Santana','MG');
INSERT INTO usuarios (nome,email,senha_hash,tipo,status) VALUES ('Cooperd199','cooperd199@mail.com','x','cooperado','ativo');
INSERT INTO cooperados (id_usuario,id_cooperativa,cpf,ativo,cidade,estado) VALUES (251,7,'49230304554',1,'Campinas','BA');
INSERT INTO compradores (cnpj,razao_social,telefone,email,cidade,estado,score_confianca,numero_avaliacoes) VALUES ('71556789963645','Compr_0','11990','compr0@mail.com','Feira de Santana','BA',2.5,0);
INSERT INTO compradores (cnpj,razao_social,telefone,email,cidade,estado,score_confianca,numero_avaliacoes) VALUES ('77969277890166','Compr_1','11991','compr1@mail.com','Campinas','SP',2.5,0);
INSERT INTO compradores (cnpj,razao_social,telefone,email,cidade,estado,score_confianca,numero_avaliacoes) VALUES ('65409599931074','Compr_2','11992','compr2@mail.com','Petrópolis','RJ',2.5,0);
INSERT INTO compradores (cnpj,razao_social,telefone,email,cidade,estado,score_confianca,numero_avaliacoes) VALUES ('08212242141487','Compr_3','11993','compr3@mail.com','Niterói','RJ',2.5,0);
INSERT INTO compradores (cnpj,razao_social,telefone,email,cidade,estado,score_confianca,numero_avaliacoes) VALUES ('58802579180403','Compr_4','11994','compr4@mail.com','Curitiba','PR',2.5,0);
INSERT INTO compradores (cnpj,razao_social,telefone,email,cidade,estado,score_confianca,numero_avaliacoes) VALUES ('96454272038814','Compr_5','11995','compr5@mail.com','Caxias do Sul','RS',2.5,0);
INSERT INTO compradores (cnpj,razao_social,telefone,email,cidade,estado,score_confianca,numero_avaliacoes) VALUES ('49820358132669','Compr_6','11996','compr6@mail.com','Curitiba','PR',2.5,0);
INSERT INTO compradores (cnpj,razao_social,telefone,email,cidade,estado,score_confianca,numero_avaliacoes) VALUES ('64474695476138','Compr_7','11997','compr7@mail.com','Uberlândia','MG',2.5,0);
INSERT INTO compradores (cnpj,razao_social,telefone,email,cidade,estado,score_confianca,numero_avaliacoes) VALUES ('12517648953840','Compr_8','11998','compr8@mail.com','Caxias do Sul','RS',2.5,0);
INSERT INTO compradores (cnpj,razao_social,telefone,email,cidade,estado,score_confianca,numero_avaliacoes) VALUES ('37299443207506','Compr_9','11999','compr9@mail.com','Londrina','PR',2.5,0);
INSERT INTO compradores (cnpj,razao_social,telefone,email,cidade,estado,score_confianca,numero_avaliacoes) VALUES ('53604118976363','Compr_10','119910','compr10@mail.com','Petrópolis','RJ',2.5,0);
INSERT INTO compradores (cnpj,razao_social,telefone,email,cidade,estado,score_confianca,numero_avaliacoes) VALUES ('88486624850226','Compr_11','119911','compr11@mail.com','Belo Horizonte','MG',2.5,0);
INSERT INTO compradores (cnpj,razao_social,telefone,email,cidade,estado,score_confianca,numero_avaliacoes) VALUES ('87052601981758','Compr_12','119912','compr12@mail.com','São Paulo','SP',2.5,0);
INSERT INTO compradores (cnpj,razao_social,telefone,email,cidade,estado,score_confianca,numero_avaliacoes) VALUES ('54810172089720','Compr_13','119913','compr13@mail.com','Salvador','BA',2.5,0);
INSERT INTO compradores (cnpj,razao_social,telefone,email,cidade,estado,score_confianca,numero_avaliacoes) VALUES ('81768387004273','Compr_14','119914','compr14@mail.com','Niterói','RJ',2.5,0);
INSERT INTO compradores (cnpj,razao_social,telefone,email,cidade,estado,score_confianca,numero_avaliacoes) VALUES ('55645738628291','Compr_15','119915','compr15@mail.com','Salvador','BA',2.5,0);
INSERT INTO compradores (cnpj,razao_social,telefone,email,cidade,estado,score_confianca,numero_avaliacoes) VALUES ('99439567735322','Compr_16','119916','compr16@mail.com','Londrina','PR',2.5,0);
INSERT INTO compradores (cnpj,razao_social,telefone,email,cidade,estado,score_confianca,numero_avaliacoes) VALUES ('31274988241509','Compr_17','119917','compr17@mail.com','Niterói','RJ',2.5,0);
INSERT INTO compradores (cnpj,razao_social,telefone,email,cidade,estado,score_confianca,numero_avaliacoes) VALUES ('26057394718312','Compr_18','119918','compr18@mail.com','Feira de Santana','BA',2.5,0);
INSERT INTO compradores (cnpj,razao_social,telefone,email,cidade,estado,score_confianca,numero_avaliacoes) VALUES ('69936009132310','Compr_19','119919','compr19@mail.com','Campinas','SP',2.5,0);
INSERT INTO compradores (cnpj,razao_social,telefone,email,cidade,estado,score_confianca,numero_avaliacoes) VALUES ('70230578293911','Compr_20','119920','compr20@mail.com','Petrópolis','RJ',2.5,0);
INSERT INTO compradores (cnpj,razao_social,telefone,email,cidade,estado,score_confianca,numero_avaliacoes) VALUES ('07862633355014','Compr_21','119921','compr21@mail.com','Caxias do Sul','RS',2.5,0);
INSERT INTO compradores (cnpj,razao_social,telefone,email,cidade,estado,score_confianca,numero_avaliacoes) VALUES ('40700674657997','Compr_22','119922','compr22@mail.com','Curitiba','PR',2.5,0);
INSERT INTO compradores (cnpj,razao_social,telefone,email,cidade,estado,score_confianca,numero_avaliacoes) VALUES ('82317417415847','Compr_23','119923','compr23@mail.com','Uberlândia','MG',2.5,0);
INSERT INTO compradores (cnpj,razao_social,telefone,email,cidade,estado,score_confianca,numero_avaliacoes) VALUES ('06870313382299','Compr_24','119924','compr24@mail.com','Campinas','SP',2.5,0);
INSERT INTO compradores (cnpj,razao_social,telefone,email,cidade,estado,score_confianca,numero_avaliacoes) VALUES ('98904279127168','Compr_25','119925','compr25@mail.com','Maringá','PR',2.5,0);
INSERT INTO compradores (cnpj,razao_social,telefone,email,cidade,estado,score_confianca,numero_avaliacoes) VALUES ('70836654933887','Compr_26','119926','compr26@mail.com','Maringá','PR',2.5,0);
INSERT INTO compradores (cnpj,razao_social,telefone,email,cidade,estado,score_confianca,numero_avaliacoes) VALUES ('66914824424312','Compr_27','119927','compr27@mail.com','Curitiba','PR',2.5,0);
INSERT INTO compradores (cnpj,razao_social,telefone,email,cidade,estado,score_confianca,numero_avaliacoes) VALUES ('28247436145228','Compr_28','119928','compr28@mail.com','Caxias do Sul','RS',2.5,0);
INSERT INTO compradores (cnpj,razao_social,telefone,email,cidade,estado,score_confianca,numero_avaliacoes) VALUES ('39132016268069','Compr_29','119929','compr29@mail.com','Maringá','PR',2.5,0);
INSERT INTO compradores (cnpj,razao_social,telefone,email,cidade,estado,score_confianca,numero_avaliacoes) VALUES ('64919502153287','Compr_30','119930','compr30@mail.com','Feira de Santana','BA',2.5,0);
INSERT INTO compradores (cnpj,razao_social,telefone,email,cidade,estado,score_confianca,numero_avaliacoes) VALUES ('67365940981213','Compr_31','119931','compr31@mail.com','Campinas','SP',2.5,0);
INSERT INTO compradores (cnpj,razao_social,telefone,email,cidade,estado,score_confianca,numero_avaliacoes) VALUES ('82503993334070','Compr_32','119932','compr32@mail.com','Porto Alegre','RS',2.5,0);
INSERT INTO compradores (cnpj,razao_social,telefone,email,cidade,estado,score_confianca,numero_avaliacoes) VALUES ('67538579597104','Compr_33','119933','compr33@mail.com','Uberlândia','MG',2.5,0);
INSERT INTO compradores (cnpj,razao_social,telefone,email,cidade,estado,score_confianca,numero_avaliacoes) VALUES ('75503584136395','Compr_34','119934','compr34@mail.com','Feira de Santana','BA',2.5,0);
INSERT INTO compradores (cnpj,razao_social,telefone,email,cidade,estado,score_confianca,numero_avaliacoes) VALUES ('05612229147675','Compr_35','119935','compr35@mail.com','Campinas','SP',2.5,0);
INSERT INTO compradores (cnpj,razao_social,telefone,email,cidade,estado,score_confianca,numero_avaliacoes) VALUES ('82346961199988','Compr_36','119936','compr36@mail.com','Campinas','SP',2.5,0);
INSERT INTO compradores (cnpj,razao_social,telefone,email,cidade,estado,score_confianca,numero_avaliacoes) VALUES ('84847480825663','Compr_37','119937','compr37@mail.com','Belo Horizonte','MG',2.5,0);
INSERT INTO compradores (cnpj,razao_social,telefone,email,cidade,estado,score_confianca,numero_avaliacoes) VALUES ('65696609832355','Compr_38','119938','compr38@mail.com','Uberlândia','MG',2.5,0);
INSERT INTO compradores (cnpj,razao_social,telefone,email,cidade,estado,score_confianca,numero_avaliacoes) VALUES ('61457182384147','Compr_39','119939','compr39@mail.com','Caxias do Sul','RS',2.5,0);
INSERT INTO compradores (cnpj,razao_social,telefone,email,cidade,estado,score_confianca,numero_avaliacoes) VALUES ('19409736652665','Compr_40','119940','compr40@mail.com','Niterói','RJ',2.5,0);
INSERT INTO compradores (cnpj,razao_social,telefone,email,cidade,estado,score_confianca,numero_avaliacoes) VALUES ('90880467918053','Compr_41','119941','compr41@mail.com','Curitiba','PR',2.5,0);
INSERT INTO compradores (cnpj,razao_social,telefone,email,cidade,estado,score_confianca,numero_avaliacoes) VALUES ('29401311219161','Compr_42','119942','compr42@mail.com','Curitiba','PR',2.5,0);
INSERT INTO compradores (cnpj,razao_social,telefone,email,cidade,estado,score_confianca,numero_avaliacoes) VALUES ('88743603934727','Compr_43','119943','compr43@mail.com','Belo Horizonte','MG',2.5,0);
INSERT INTO compradores (cnpj,razao_social,telefone,email,cidade,estado,score_confianca,numero_avaliacoes) VALUES ('01897758778165','Compr_44','119944','compr44@mail.com','Caxias do Sul','RS',2.5,0);
INSERT INTO compradores (cnpj,razao_social,telefone,email,cidade,estado,score_confianca,numero_avaliacoes) VALUES ('60404392070422','Compr_45','119945','compr45@mail.com','Curitiba','PR',2.5,0);
INSERT INTO compradores (cnpj,razao_social,telefone,email,cidade,estado,score_confianca,numero_avaliacoes) VALUES ('99314003666169','Compr_46','119946','compr46@mail.com','Sorocaba','SP',2.5,0);
INSERT INTO compradores (cnpj,razao_social,telefone,email,cidade,estado,score_confianca,numero_avaliacoes) VALUES ('87062050696514','Compr_47','119947','compr47@mail.com','Rio de Janeiro','RJ',2.5,0);
INSERT INTO compradores (cnpj,razao_social,telefone,email,cidade,estado,score_confianca,numero_avaliacoes) VALUES ('25055059410055','Compr_48','119948','compr48@mail.com','Uberlândia','MG',2.5,0);
INSERT INTO compradores (cnpj,razao_social,telefone,email,cidade,estado,score_confianca,numero_avaliacoes) VALUES ('62112025967794','Compr_49','119949','compr49@mail.com','São Paulo','SP',2.5,0);
INSERT INTO compradores (cnpj,razao_social,telefone,email,cidade,estado,score_confianca,numero_avaliacoes) VALUES ('76430507745184','Compr_50','119950','compr50@mail.com','Niterói','RJ',2.5,0);
INSERT INTO compradores (cnpj,razao_social,telefone,email,cidade,estado,score_confianca,numero_avaliacoes) VALUES ('67533336598024','Compr_51','119951','compr51@mail.com','Belo Horizonte','MG',2.5,0);
INSERT INTO compradores (cnpj,razao_social,telefone,email,cidade,estado,score_confianca,numero_avaliacoes) VALUES ('47560964430764','Compr_52','119952','compr52@mail.com','Petrópolis','RJ',2.5,0);
INSERT INTO compradores (cnpj,razao_social,telefone,email,cidade,estado,score_confianca,numero_avaliacoes) VALUES ('76638978898116','Compr_53','119953','compr53@mail.com','São Paulo','SP',2.5,0);
INSERT INTO compradores (cnpj,razao_social,telefone,email,cidade,estado,score_confianca,numero_avaliacoes) VALUES ('21765626285241','Compr_54','119954','compr54@mail.com','Curitiba','PR',2.5,0);
INSERT INTO compradores (cnpj,razao_social,telefone,email,cidade,estado,score_confianca,numero_avaliacoes) VALUES ('19229232653262','Compr_55','119955','compr55@mail.com','Porto Alegre','RS',2.5,0);
INSERT INTO compradores (cnpj,razao_social,telefone,email,cidade,estado,score_confianca,numero_avaliacoes) VALUES ('97100281787154','Compr_56','119956','compr56@mail.com','Campinas','SP',2.5,0);
INSERT INTO compradores (cnpj,razao_social,telefone,email,cidade,estado,score_confianca,numero_avaliacoes) VALUES ('94327417683608','Compr_57','119957','compr57@mail.com','Uberlândia','MG',2.5,0);
INSERT INTO compradores (cnpj,razao_social,telefone,email,cidade,estado,score_confianca,numero_avaliacoes) VALUES ('87726574576127','Compr_58','119958','compr58@mail.com','Sorocaba','SP',2.5,0);
INSERT INTO compradores (cnpj,razao_social,telefone,email,cidade,estado,score_confianca,numero_avaliacoes) VALUES ('37773817196198','Compr_59','119959','compr59@mail.com','Rio de Janeiro','RJ',2.5,0);
INSERT INTO compradores (cnpj,razao_social,telefone,email,cidade,estado,score_confianca,numero_avaliacoes) VALUES ('66113630040940','Compr_60','119960','compr60@mail.com','Salvador','BA',2.5,0);
INSERT INTO compradores (cnpj,razao_social,telefone,email,cidade,estado,score_confianca,numero_avaliacoes) VALUES ('48855656796331','Compr_61','119961','compr61@mail.com','Salvador','BA',2.5,0);
INSERT INTO compradores (cnpj,razao_social,telefone,email,cidade,estado,score_confianca,numero_avaliacoes) VALUES ('13558859847078','Compr_62','119962','compr62@mail.com','Curitiba','PR',2.5,0);
INSERT INTO compradores (cnpj,razao_social,telefone,email,cidade,estado,score_confianca,numero_avaliacoes) VALUES ('97691569796612','Compr_63','119963','compr63@mail.com','Caxias do Sul','RS',2.5,0);
INSERT INTO compradores (cnpj,razao_social,telefone,email,cidade,estado,score_confianca,numero_avaliacoes) VALUES ('60629040469493','Compr_64','119964','compr64@mail.com','Sorocaba','SP',2.5,0);
INSERT INTO compradores (cnpj,razao_social,telefone,email,cidade,estado,score_confianca,numero_avaliacoes) VALUES ('25408508478840','Compr_65','119965','compr65@mail.com','Campinas','SP',2.5,0);
INSERT INTO compradores (cnpj,razao_social,telefone,email,cidade,estado,score_confianca,numero_avaliacoes) VALUES ('83287438424682','Compr_66','119966','compr66@mail.com','Rio de Janeiro','RJ',2.5,0);
INSERT INTO compradores (cnpj,razao_social,telefone,email,cidade,estado,score_confianca,numero_avaliacoes) VALUES ('88147205428700','Compr_67','119967','compr67@mail.com','Porto Alegre','RS',2.5,0);
INSERT INTO compradores (cnpj,razao_social,telefone,email,cidade,estado,score_confianca,numero_avaliacoes) VALUES ('02539980987756','Compr_68','119968','compr68@mail.com','Salvador','BA',2.5,0);
INSERT INTO compradores (cnpj,razao_social,telefone,email,cidade,estado,score_confianca,numero_avaliacoes) VALUES ('87443672140271','Compr_69','119969','compr69@mail.com','Niterói','RJ',2.5,0);
INSERT INTO compradores (cnpj,razao_social,telefone,email,cidade,estado,score_confianca,numero_avaliacoes) VALUES ('99650582331279','Compr_70','119970','compr70@mail.com','Salvador','BA',2.5,0);
INSERT INTO compradores (cnpj,razao_social,telefone,email,cidade,estado,score_confianca,numero_avaliacoes) VALUES ('74185072738141','Compr_71','119971','compr71@mail.com','São Paulo','SP',2.5,0);
INSERT INTO compradores (cnpj,razao_social,telefone,email,cidade,estado,score_confianca,numero_avaliacoes) VALUES ('56171370726241','Compr_72','119972','compr72@mail.com','Uberlândia','MG',2.5,0);
INSERT INTO compradores (cnpj,razao_social,telefone,email,cidade,estado,score_confianca,numero_avaliacoes) VALUES ('58778006503343','Compr_73','119973','compr73@mail.com','Belo Horizonte','MG',2.5,0);
INSERT INTO compradores (cnpj,razao_social,telefone,email,cidade,estado,score_confianca,numero_avaliacoes) VALUES ('04069986169843','Compr_74','119974','compr74@mail.com','São Paulo','SP',2.5,0);
INSERT INTO compradores (cnpj,razao_social,telefone,email,cidade,estado,score_confianca,numero_avaliacoes) VALUES ('21668961617142','Compr_75','119975','compr75@mail.com','Londrina','PR',2.5,0);
INSERT INTO compradores (cnpj,razao_social,telefone,email,cidade,estado,score_confianca,numero_avaliacoes) VALUES ('37173156445837','Compr_76','119976','compr76@mail.com','Porto Alegre','RS',2.5,0);
INSERT INTO compradores (cnpj,razao_social,telefone,email,cidade,estado,score_confianca,numero_avaliacoes) VALUES ('79420902957537','Compr_77','119977','compr77@mail.com','Maringá','PR',2.5,0);
INSERT INTO compradores (cnpj,razao_social,telefone,email,cidade,estado,score_confianca,numero_avaliacoes) VALUES ('81853795344001','Compr_78','119978','compr78@mail.com','Belo Horizonte','MG',2.5,0);
INSERT INTO compradores (cnpj,razao_social,telefone,email,cidade,estado,score_confianca,numero_avaliacoes) VALUES ('18384725200269','Compr_79','119979','compr79@mail.com','Caxias do Sul','RS',2.5,0);
INSERT INTO compradores (cnpj,razao_social,telefone,email,cidade,estado,score_confianca,numero_avaliacoes) VALUES ('63030612464340','Compr_80','119980','compr80@mail.com','Maringá','PR',2.5,0);
INSERT INTO compradores (cnpj,razao_social,telefone,email,cidade,estado,score_confianca,numero_avaliacoes) VALUES ('14326237199545','Compr_81','119981','compr81@mail.com','Londrina','PR',2.5,0);
INSERT INTO compradores (cnpj,razao_social,telefone,email,cidade,estado,score_confianca,numero_avaliacoes) VALUES ('13843626749724','Compr_82','119982','compr82@mail.com','Salvador','BA',2.5,0);
INSERT INTO compradores (cnpj,razao_social,telefone,email,cidade,estado,score_confianca,numero_avaliacoes) VALUES ('61567611461280','Compr_83','119983','compr83@mail.com','Maringá','PR',2.5,0);
INSERT INTO compradores (cnpj,razao_social,telefone,email,cidade,estado,score_confianca,numero_avaliacoes) VALUES ('06124786412787','Compr_84','119984','compr84@mail.com','Londrina','PR',2.5,0);
INSERT INTO compradores (cnpj,razao_social,telefone,email,cidade,estado,score_confianca,numero_avaliacoes) VALUES ('83757745193248','Compr_85','119985','compr85@mail.com','Campinas','SP',2.5,0);
INSERT INTO compradores (cnpj,razao_social,telefone,email,cidade,estado,score_confianca,numero_avaliacoes) VALUES ('09689673582194','Compr_86','119986','compr86@mail.com','Uberlândia','MG',2.5,0);
INSERT INTO compradores (cnpj,razao_social,telefone,email,cidade,estado,score_confianca,numero_avaliacoes) VALUES ('19664202748202','Compr_87','119987','compr87@mail.com','Sorocaba','SP',2.5,0);
INSERT INTO compradores (cnpj,razao_social,telefone,email,cidade,estado,score_confianca,numero_avaliacoes) VALUES ('63422620244147','Compr_88','119988','compr88@mail.com','Rio de Janeiro','RJ',2.5,0);
INSERT INTO compradores (cnpj,razao_social,telefone,email,cidade,estado,score_confianca,numero_avaliacoes) VALUES ('55776730792866','Compr_89','119989','compr89@mail.com','Salvador','BA',2.5,0);
INSERT INTO compradores (cnpj,razao_social,telefone,email,cidade,estado,score_confianca,numero_avaliacoes) VALUES ('65875041518948','Compr_90','119990','compr90@mail.com','Campinas','SP',2.5,0);
INSERT INTO compradores (cnpj,razao_social,telefone,email,cidade,estado,score_confianca,numero_avaliacoes) VALUES ('62250709719160','Compr_91','119991','compr91@mail.com','Rio de Janeiro','RJ',2.5,0);
INSERT INTO compradores (cnpj,razao_social,telefone,email,cidade,estado,score_confianca,numero_avaliacoes) VALUES ('99147067209978','Compr_92','119992','compr92@mail.com','Niterói','RJ',2.5,0);
INSERT INTO compradores (cnpj,razao_social,telefone,email,cidade,estado,score_confianca,numero_avaliacoes) VALUES ('50218531783635','Compr_93','119993','compr93@mail.com','Salvador','BA',2.5,0);
INSERT INTO compradores (cnpj,razao_social,telefone,email,cidade,estado,score_confianca,numero_avaliacoes) VALUES ('37969452092103','Compr_94','119994','compr94@mail.com','Curitiba','PR',2.5,0);
INSERT INTO compradores (cnpj,razao_social,telefone,email,cidade,estado,score_confianca,numero_avaliacoes) VALUES ('70999318649264','Compr_95','119995','compr95@mail.com','Petrópolis','RJ',2.5,0);
INSERT INTO compradores (cnpj,razao_social,telefone,email,cidade,estado,score_confianca,numero_avaliacoes) VALUES ('72887151951695','Compr_96','119996','compr96@mail.com','Caxias do Sul','RS',2.5,0);
INSERT INTO compradores (cnpj,razao_social,telefone,email,cidade,estado,score_confianca,numero_avaliacoes) VALUES ('18407853735634','Compr_97','119997','compr97@mail.com','Curitiba','PR',2.5,0);
INSERT INTO compradores (cnpj,razao_social,telefone,email,cidade,estado,score_confianca,numero_avaliacoes) VALUES ('04719217161398','Compr_98','119998','compr98@mail.com','Uberlândia','MG',2.5,0);
INSERT INTO compradores (cnpj,razao_social,telefone,email,cidade,estado,score_confianca,numero_avaliacoes) VALUES ('36235778770899','Compr_99','119999','compr99@mail.com','Feira de Santana','BA',2.5,0);
INSERT INTO materiais_base (id_material_base,nome) VALUES (1,'Plástico'),(2,'Papel'),(3,'Metal');
INSERT INTO materiais_catalogo (id_material_catalogo,id_material_base,nome_especifico) VALUES (1,1,'Plástico_esp0');
INSERT INTO materiais_catalogo (id_material_catalogo,id_material_base,nome_especifico) VALUES (2,1,'Plástico_esp1');
INSERT INTO materiais_catalogo (id_material_catalogo,id_material_base,nome_especifico) VALUES (3,1,'Plástico_esp2');
INSERT INTO materiais_catalogo (id_material_catalogo,id_material_base,nome_especifico) VALUES (4,2,'Papel_esp0');
INSERT INTO materiais_catalogo (id_material_catalogo,id_material_base,nome_especifico) VALUES (5,2,'Papel_esp1');
INSERT INTO materiais_catalogo (id_material_catalogo,id_material_base,nome_especifico) VALUES (6,2,'Papel_esp2');
INSERT INTO materiais_catalogo (id_material_catalogo,id_material_base,nome_especifico) VALUES (7,3,'Metal_esp0');
INSERT INTO materiais_catalogo (id_material_catalogo,id_material_base,nome_especifico) VALUES (8,3,'Metal_esp1');
INSERT INTO materiais_catalogo (id_material_catalogo,id_material_base,nome_especifico) VALUES (9,3,'Metal_esp2');
INSERT INTO vendas (id_venda,id_cooperativa,id_comprador,data_venda,valor_total) VALUES (1,14,36,'2025-08-14 02:43:39',0);
INSERT INTO vendas_itens (id_venda,id_material_base,id_material_catalogo,quantidade_kg,preco_por_kg) VALUES (1,1,1,274.85,3.81);
INSERT INTO vendas (id_venda,id_cooperativa,id_comprador,data_venda,valor_total) VALUES (2,49,12,'2025-02-22 02:43:39',0);
INSERT INTO vendas_itens (id_venda,id_material_base,id_material_catalogo,quantidade_kg,preco_por_kg) VALUES (2,1,2,59.30,2.11);
INSERT INTO vendas (id_venda,id_cooperativa,id_comprador,data_venda,valor_total) VALUES (3,5,28,'2025-07-25 02:43:39',0);
INSERT INTO vendas_itens (id_venda,id_material_base,id_material_catalogo,quantidade_kg,preco_por_kg) VALUES (3,1,2,184.77,2.98);
INSERT INTO vendas_itens (id_venda,id_material_base,id_material_catalogo,quantidade_kg,preco_por_kg) VALUES (3,2,4,257.78,1.46);
INSERT INTO vendas_itens (id_venda,id_material_base,id_material_catalogo,quantidade_kg,preco_por_kg) VALUES (3,3,8,352.08,5.40);
INSERT INTO vendas (id_venda,id_cooperativa,id_comprador,data_venda,valor_total) VALUES (4,37,29,'2025-08-29 02:43:39',0);
INSERT INTO vendas_itens (id_venda,id_material_base,id_material_catalogo,quantidade_kg,preco_por_kg) VALUES (4,3,8,265.23,6.03);
INSERT INTO vendas_itens (id_venda,id_material_base,id_material_catalogo,quantidade_kg,preco_por_kg) VALUES (4,3,8,530.19,3.02);
INSERT INTO avaliacoes_compradores (id_venda,pontualidade_pagamento,logistica_entrega,qualidade_negociacao,comentario_livre) VALUES (4,4,5,4,'');
INSERT INTO avaliacao_feedback_selecionado (id_avaliacao,id_feedback_tag) SELECT id_avaliacao,10 FROM avaliacoes_compradores WHERE id_venda=4;
INSERT INTO avaliacao_feedback_selecionado (id_avaliacao,id_feedback_tag) SELECT id_avaliacao,3 FROM avaliacoes_compradores WHERE id_venda=4;
INSERT INTO vendas (id_venda,id_cooperativa,id_comprador,data_venda,valor_total) VALUES (5,26,63,'2025-03-27 02:43:39',0);
INSERT INTO vendas_itens (id_venda,id_material_base,id_material_catalogo,quantidade_kg,preco_por_kg) VALUES (5,3,9,520.67,7.63);
INSERT INTO vendas_itens (id_venda,id_material_base,id_material_catalogo,quantidade_kg,preco_por_kg) VALUES (5,2,4,540.01,1.02);
INSERT INTO avaliacoes_compradores (id_venda,pontualidade_pagamento,logistica_entrega,qualidade_negociacao,comentario_livre) VALUES (5,3,2,1,'');
INSERT INTO avaliacao_feedback_selecionado (id_avaliacao,id_feedback_tag) SELECT id_avaliacao,19 FROM avaliacoes_compradores WHERE id_venda=5;
INSERT INTO avaliacao_feedback_selecionado (id_avaliacao,id_feedback_tag) SELECT id_avaliacao,17 FROM avaliacoes_compradores WHERE id_venda=5;
INSERT INTO avaliacao_feedback_selecionado (id_avaliacao,id_feedback_tag) SELECT id_avaliacao,13 FROM avaliacoes_compradores WHERE id_venda=5;
INSERT INTO vendas (id_venda,id_cooperativa,id_comprador,data_venda,valor_total) VALUES (6,27,26,'2025-03-30 02:43:39',0);
INSERT INTO vendas_itens (id_venda,id_material_base,id_material_catalogo,quantidade_kg,preco_por_kg) VALUES (6,1,3,363.75,2.50);
INSERT INTO vendas_itens (id_venda,id_material_base,id_material_catalogo,quantidade_kg,preco_por_kg) VALUES (6,2,6,462.92,1.21);
INSERT INTO vendas (id_venda,id_cooperativa,id_comprador,data_venda,valor_total) VALUES (7,49,22,'2025-05-06 02:43:39',0);
INSERT INTO vendas_itens (id_venda,id_material_base,id_material_catalogo,quantidade_kg,preco_por_kg) VALUES (7,3,9,402.43,7.45);
INSERT INTO vendas_itens (id_venda,id_material_base,id_material_catalogo,quantidade_kg,preco_por_kg) VALUES (7,1,1,277.35,1.77);
INSERT INTO avaliacoes_compradores (id_venda,pontualidade_pagamento,logistica_entrega,qualidade_negociacao,comentario_livre) VALUES (7,3,5,4,'');
INSERT INTO avaliacao_feedback_selecionado (id_avaliacao,id_feedback_tag) SELECT id_avaliacao,9 FROM avaliacoes_compradores WHERE id_venda=7;
INSERT INTO avaliacao_feedback_selecionado (id_avaliacao,id_feedback_tag) SELECT id_avaliacao,7 FROM avaliacoes_compradores WHERE id_venda=7;
INSERT INTO vendas (id_venda,id_cooperativa,id_comprador,data_venda,valor_total) VALUES (8,48,29,'2025-06-30 02:43:39',0);
INSERT INTO vendas_itens (id_venda,id_material_base,id_material_catalogo,quantidade_kg,preco_por_kg) VALUES (8,3,8,357.72,5.04);
INSERT INTO vendas_itens (id_venda,id_material_base,id_material_catalogo,quantidade_kg,preco_por_kg) VALUES (8,1,2,583.17,1.45);
INSERT INTO avaliacoes_compradores (id_venda,pontualidade_pagamento,logistica_entrega,qualidade_negociacao,comentario_livre) VALUES (8,4,1,1,'');
INSERT INTO avaliacao_feedback_selecionado (id_avaliacao,id_feedback_tag) SELECT id_avaliacao,20 FROM avaliacoes_compradores WHERE id_venda=8;
INSERT INTO vendas (id_venda,id_cooperativa,id_comprador,data_venda,valor_total) VALUES (9,30,62,'2025-04-11 02:43:39',0);
INSERT INTO vendas_itens (id_venda,id_material_base,id_material_catalogo,quantidade_kg,preco_por_kg) VALUES (9,3,8,371.04,7.00);
INSERT INTO vendas_itens (id_venda,id_material_base,id_material_catalogo,quantidade_kg,preco_por_kg) VALUES (9,1,1,74.92,3.43);
INSERT INTO vendas_itens (id_venda,id_material_base,id_material_catalogo,quantidade_kg,preco_por_kg) VALUES (9,3,8,320.31,4.84);
INSERT INTO avaliacoes_compradores (id_venda,pontualidade_pagamento,logistica_entrega,qualidade_negociacao,comentario_livre) VALUES (9,5,2,1,'');
INSERT INTO vendas (id_venda,id_cooperativa,id_comprador,data_venda,valor_total) VALUES (10,38,11,'2025-08-05 02:43:39',0);
INSERT INTO vendas_itens (id_venda,id_material_base,id_material_catalogo,quantidade_kg,preco_por_kg) VALUES (10,1,3,415.24,3.18);
INSERT INTO vendas_itens (id_venda,id_material_base,id_material_catalogo,quantidade_kg,preco_por_kg) VALUES (10,1,1,333.71,3.53);
INSERT INTO vendas (id_venda,id_cooperativa,id_comprador,data_venda,valor_total) VALUES (11,39,29,'2025-11-01 02:43:39',0);
INSERT INTO vendas_itens (id_venda,id_material_base,id_material_catalogo,quantidade_kg,preco_por_kg) VALUES (11,2,5,597.38,1.70);
INSERT INTO avaliacoes_compradores (id_venda,pontualidade_pagamento,logistica_entrega,qualidade_negociacao,comentario_livre) VALUES (11,5,4,2,'');
INSERT INTO vendas (id_venda,id_cooperativa,id_comprador,data_venda,valor_total) VALUES (12,31,38,'2025-02-18 02:43:39',0);
INSERT INTO vendas_itens (id_venda,id_material_base,id_material_catalogo,quantidade_kg,preco_por_kg) VALUES (12,1,1,439.18,1.87);
INSERT INTO vendas_itens (id_venda,id_material_base,id_material_catalogo,quantidade_kg,preco_por_kg) VALUES (12,3,8,364.30,6.59);
INSERT INTO avaliacoes_compradores (id_venda,pontualidade_pagamento,logistica_entrega,qualidade_negociacao,comentario_livre) VALUES (12,4,5,5,'');
INSERT INTO avaliacao_feedback_selecionado (id_avaliacao,id_feedback_tag) SELECT id_avaliacao,9 FROM avaliacoes_compradores WHERE id_venda=12;
INSERT INTO avaliacao_feedback_selecionado (id_avaliacao,id_feedback_tag) SELECT id_avaliacao,7 FROM avaliacoes_compradores WHERE id_venda=12;
INSERT INTO avaliacao_feedback_selecionado (id_avaliacao,id_feedback_tag) SELECT id_avaliacao,2 FROM avaliacoes_compradores WHERE id_venda=12;
INSERT INTO vendas (id_venda,id_cooperativa,id_comprador,data_venda,valor_total) VALUES (13,4,90,'2025-05-29 02:43:39',0);
INSERT INTO vendas_itens (id_venda,id_material_base,id_material_catalogo,quantidade_kg,preco_por_kg) VALUES (13,1,2,45.28,3.65);
INSERT INTO vendas_itens (id_venda,id_material_base,id_material_catalogo,quantidade_kg,preco_por_kg) VALUES (13,2,5,456.59,1.45);
INSERT INTO vendas_itens (id_venda,id_material_base,id_material_catalogo,quantidade_kg,preco_por_kg) VALUES (13,3,8,178.72,2.80);
INSERT INTO vendas (id_venda,id_cooperativa,id_comprador,data_venda,valor_total) VALUES (14,10,85,'2025-06-01 02:43:39',0);
INSERT INTO vendas_itens (id_venda,id_material_base,id_material_catalogo,quantidade_kg,preco_por_kg) VALUES (14,2,4,276.01,1.14);
INSERT INTO vendas (id_venda,id_cooperativa,id_comprador,data_venda,valor_total) VALUES (15,8,58,'2025-02-23 02:43:39',0);
INSERT INTO vendas_itens (id_venda,id_material_base,id_material_catalogo,quantidade_kg,preco_por_kg) VALUES (15,1,2,252.01,2.98);
INSERT INTO vendas_itens (id_venda,id_material_base,id_material_catalogo,quantidade_kg,preco_por_kg) VALUES (15,3,8,176.77,7.64);
INSERT INTO vendas_itens (id_venda,id_material_base,id_material_catalogo,quantidade_kg,preco_por_kg) VALUES (15,3,9,548.14,5.75);
INSERT INTO avaliacoes_compradores (id_venda,pontualidade_pagamento,logistica_entrega,qualidade_negociacao,comentario_livre) VALUES (15,5,2,1,'');
INSERT INTO vendas (id_venda,id_cooperativa,id_comprador,data_venda,valor_total) VALUES (16,12,30,'2025-01-22 02:43:39',0);
INSERT INTO vendas_itens (id_venda,id_material_base,id_material_catalogo,quantidade_kg,preco_por_kg) VALUES (16,2,6,575.37,1.04);
INSERT INTO vendas_itens (id_venda,id_material_base,id_material_catalogo,quantidade_kg,preco_por_kg) VALUES (16,1,3,384.77,2.36);
INSERT INTO vendas_itens (id_venda,id_material_base,id_material_catalogo,quantidade_kg,preco_por_kg) VALUES (16,2,4,305.47,1.62);
INSERT INTO avaliacoes_compradores (id_venda,pontualidade_pagamento,logistica_entrega,qualidade_negociacao,comentario_livre) VALUES (16,2,5,4,'');
INSERT INTO vendas (id_venda,id_cooperativa,id_comprador,data_venda,valor_total) VALUES (17,2,17,'2025-02-12 02:43:39',0);
INSERT INTO vendas_itens (id_venda,id_material_base,id_material_catalogo,quantidade_kg,preco_por_kg) VALUES (17,3,7,71.68,4.25);
INSERT INTO vendas_itens (id_venda,id_material_base,id_material_catalogo,quantidade_kg,preco_por_kg) VALUES (17,2,5,593.23,1.44);
INSERT INTO avaliacoes_compradores (id_venda,pontualidade_pagamento,logistica_entrega,qualidade_negociacao,comentario_livre) VALUES (17,3,4,5,'');
INSERT INTO avaliacao_feedback_selecionado (id_avaliacao,id_feedback_tag) SELECT id_avaliacao,11 FROM avaliacoes_compradores WHERE id_venda=17;
INSERT INTO vendas (id_venda,id_cooperativa,id_comprador,data_venda,valor_total) VALUES (18,36,49,'2025-05-04 02:43:39',0);
INSERT INTO vendas_itens (id_venda,id_material_base,id_material_catalogo,quantidade_kg,preco_por_kg) VALUES (18,1,2,499.04,1.85);
INSERT INTO vendas_itens (id_venda,id_material_base,id_material_catalogo,quantidade_kg,preco_por_kg) VALUES (18,1,1,373.24,2.69);
INSERT INTO vendas_itens (id_venda,id_material_base,id_material_catalogo,quantidade_kg,preco_por_kg) VALUES (18,2,4,57.35,1.44);
INSERT INTO avaliacoes_compradores (id_venda,pontualidade_pagamento,logistica_entrega,qualidade_negociacao,comentario_livre) VALUES (18,5,1,2,'');
INSERT INTO vendas (id_venda,id_cooperativa,id_comprador,data_venda,valor_total) VALUES (19,4,52,'2024-11-20 02:43:39',0);
INSERT INTO vendas_itens (id_venda,id_material_base,id_material_catalogo,quantidade_kg,preco_por_kg) VALUES (19,3,8,337.65,7.11);
INSERT INTO vendas_itens (id_venda,id_material_base,id_material_catalogo,quantidade_kg,preco_por_kg) VALUES (19,1,2,103.83,2.73);
INSERT INTO vendas_itens (id_venda,id_material_base,id_material_catalogo,quantidade_kg,preco_por_kg) VALUES (19,3,7,342.23,3.06);
INSERT INTO avaliacoes_compradores (id_venda,pontualidade_pagamento,logistica_entrega,qualidade_negociacao,comentario_livre) VALUES (19,4,4,3,'');
INSERT INTO vendas (id_venda,id_cooperativa,id_comprador,data_venda,valor_total) VALUES (20,36,97,'2024-12-24 02:43:39',0);
INSERT INTO vendas_itens (id_venda,id_material_base,id_material_catalogo,quantidade_kg,preco_por_kg) VALUES (20,1,2,275.63,3.59);
INSERT INTO vendas_itens (id_venda,id_material_base,id_material_catalogo,quantidade_kg,preco_por_kg) VALUES (20,2,4,274.68,1.64);
INSERT INTO vendas_itens (id_venda,id_material_base,id_material_catalogo,quantidade_kg,preco_por_kg) VALUES (20,2,4,345.40,0.57);
INSERT INTO avaliacoes_compradores (id_venda,pontualidade_pagamento,logistica_entrega,qualidade_negociacao,comentario_livre) VALUES (20,1,2,2,'');
INSERT INTO avaliacao_feedback_selecionado (id_avaliacao,id_feedback_tag) SELECT id_avaliacao,20 FROM avaliacoes_compradores WHERE id_venda=20;
INSERT INTO vendas (id_venda,id_cooperativa,id_comprador,data_venda,valor_total) VALUES (21,4,43,'2025-01-14 02:43:39',0);
INSERT INTO vendas_itens (id_venda,id_material_base,id_material_catalogo,quantidade_kg,preco_por_kg) VALUES (21,3,8,310.83,4.16);
INSERT INTO avaliacoes_compradores (id_venda,pontualidade_pagamento,logistica_entrega,qualidade_negociacao,comentario_livre) VALUES (21,4,5,4,'');
INSERT INTO avaliacao_feedback_selecionado (id_avaliacao,id_feedback_tag) SELECT id_avaliacao,1 FROM avaliacoes_compradores WHERE id_venda=21;
INSERT INTO avaliacao_feedback_selecionado (id_avaliacao,id_feedback_tag) SELECT id_avaliacao,4 FROM avaliacoes_compradores WHERE id_venda=21;
INSERT INTO vendas (id_venda,id_cooperativa,id_comprador,data_venda,valor_total) VALUES (22,1,50,'2025-08-01 02:43:39',0);
INSERT INTO vendas_itens (id_venda,id_material_base,id_material_catalogo,quantidade_kg,preco_por_kg) VALUES (22,2,4,474.88,0.74);
INSERT INTO vendas_itens (id_venda,id_material_base,id_material_catalogo,quantidade_kg,preco_por_kg) VALUES (22,1,1,305.80,3.93);
INSERT INTO vendas_itens (id_venda,id_material_base,id_material_catalogo,quantidade_kg,preco_por_kg) VALUES (22,2,4,168.17,0.93);
INSERT INTO avaliacoes_compradores (id_venda,pontualidade_pagamento,logistica_entrega,qualidade_negociacao,comentario_livre) VALUES (22,2,1,2,'');
INSERT INTO avaliacao_feedback_selecionado (id_avaliacao,id_feedback_tag) SELECT id_avaliacao,12 FROM avaliacoes_compradores WHERE id_venda=22;
INSERT INTO avaliacao_feedback_selecionado (id_avaliacao,id_feedback_tag) SELECT id_avaliacao,23 FROM avaliacoes_compradores WHERE id_venda=22;
INSERT INTO avaliacao_feedback_selecionado (id_avaliacao,id_feedback_tag) SELECT id_avaliacao,15 FROM avaliacoes_compradores WHERE id_venda=22;
INSERT INTO vendas (id_venda,id_cooperativa,id_comprador,data_venda,valor_total) VALUES (23,35,28,'2025-04-09 02:43:39',0);
INSERT INTO vendas_itens (id_venda,id_material_base,id_material_catalogo,quantidade_kg,preco_por_kg) VALUES (23,1,2,544.12,1.43);
INSERT INTO vendas (id_venda,id_cooperativa,id_comprador,data_venda,valor_total) VALUES (24,9,85,'2025-08-06 02:43:39',0);
INSERT INTO vendas_itens (id_venda,id_material_base,id_material_catalogo,quantidade_kg,preco_por_kg) VALUES (24,1,1,465.43,3.23);
INSERT INTO vendas_itens (id_venda,id_material_base,id_material_catalogo,quantidade_kg,preco_por_kg) VALUES (24,1,2,345.35,1.67);
INSERT INTO vendas (id_venda,id_cooperativa,id_comprador,data_venda,valor_total) VALUES (25,2,21,'2025-03-19 02:43:39',0);
INSERT INTO vendas_itens (id_venda,id_material_base,id_material_catalogo,quantidade_kg,preco_por_kg) VALUES (25,1,1,65.11,3.01);
INSERT INTO avaliacoes_compradores (id_venda,pontualidade_pagamento,logistica_entrega,qualidade_negociacao,comentario_livre) VALUES (25,5,4,5,'');
INSERT INTO avaliacao_feedback_selecionado (id_avaliacao,id_feedback_tag) SELECT id_avaliacao,5 FROM avaliacoes_compradores WHERE id_venda=25;
INSERT INTO avaliacao_feedback_selecionado (id_avaliacao,id_feedback_tag) SELECT id_avaliacao,7 FROM avaliacoes_compradores WHERE id_venda=25;
INSERT INTO vendas (id_venda,id_cooperativa,id_comprador,data_venda,valor_total) VALUES (26,33,5,'2025-02-22 02:43:39',0);
INSERT INTO vendas_itens (id_venda,id_material_base,id_material_catalogo,quantidade_kg,preco_por_kg) VALUES (26,2,4,370.32,1.21);
INSERT INTO vendas_itens (id_venda,id_material_base,id_material_catalogo,quantidade_kg,preco_por_kg) VALUES (26,2,6,76.87,0.65);
INSERT INTO avaliacoes_compradores (id_venda,pontualidade_pagamento,logistica_entrega,qualidade_negociacao,comentario_livre) VALUES (26,4,5,2,'');
INSERT INTO vendas (id_venda,id_cooperativa,id_comprador,data_venda,valor_total) VALUES (27,36,24,'2025-05-04 02:43:39',0);
INSERT INTO vendas_itens (id_venda,id_material_base,id_material_catalogo,quantidade_kg,preco_por_kg) VALUES (27,2,4,80.49,1.44);
INSERT INTO vendas_itens (id_venda,id_material_base,id_material_catalogo,quantidade_kg,preco_por_kg) VALUES (27,1,1,427.62,2.20);
INSERT INTO avaliacoes_compradores (id_venda,pontualidade_pagamento,logistica_entrega,qualidade_negociacao,comentario_livre) VALUES (27,4,3,5,'');
INSERT INTO avaliacao_feedback_selecionado (id_avaliacao,id_feedback_tag) SELECT id_avaliacao,5 FROM avaliacoes_compradores WHERE id_venda=27;
INSERT INTO vendas (id_venda,id_cooperativa,id_comprador,data_venda,valor_total) VALUES (28,33,21,'2025-05-14 02:43:39',0);
INSERT INTO vendas_itens (id_venda,id_material_base,id_material_catalogo,quantidade_kg,preco_por_kg) VALUES (28,3,9,447.38,2.77);
INSERT INTO vendas_itens (id_venda,id_material_base,id_material_catalogo,quantidade_kg,preco_por_kg) VALUES (28,2,4,330.36,0.53);
INSERT INTO avaliacoes_compradores (id_venda,pontualidade_pagamento,logistica_entrega,qualidade_negociacao,comentario_livre) VALUES (28,1,4,5,'');
INSERT INTO vendas (id_venda,id_cooperativa,id_comprador,data_venda,valor_total) VALUES (29,25,32,'2025-02-03 02:43:39',0);
INSERT INTO vendas_itens (id_venda,id_material_base,id_material_catalogo,quantidade_kg,preco_por_kg) VALUES (29,1,3,543.55,1.31);
INSERT INTO vendas_itens (id_venda,id_material_base,id_material_catalogo,quantidade_kg,preco_por_kg) VALUES (29,2,6,535.45,1.63);
INSERT INTO avaliacoes_compradores (id_venda,pontualidade_pagamento,logistica_entrega,qualidade_negociacao,comentario_livre) VALUES (29,3,1,3,'');
INSERT INTO vendas (id_venda,id_cooperativa,id_comprador,data_venda,valor_total) VALUES (30,50,84,'2025-10-06 02:43:39',0);
INSERT INTO vendas_itens (id_venda,id_material_base,id_material_catalogo,quantidade_kg,preco_por_kg) VALUES (30,3,9,448.24,3.91);
INSERT INTO avaliacoes_compradores (id_venda,pontualidade_pagamento,logistica_entrega,qualidade_negociacao,comentario_livre) VALUES (30,3,2,2,'');
INSERT INTO vendas (id_venda,id_cooperativa,id_comprador,data_venda,valor_total) VALUES (31,14,90,'2025-09-30 02:43:39',0);
INSERT INTO vendas_itens (id_venda,id_material_base,id_material_catalogo,quantidade_kg,preco_por_kg) VALUES (31,3,8,445.26,4.51);
INSERT INTO avaliacoes_compradores (id_venda,pontualidade_pagamento,logistica_entrega,qualidade_negociacao,comentario_livre) VALUES (31,2,1,2,'');
INSERT INTO avaliacao_feedback_selecionado (id_avaliacao,id_feedback_tag) SELECT id_avaliacao,12 FROM avaliacoes_compradores WHERE id_venda=31;
INSERT INTO avaliacao_feedback_selecionado (id_avaliacao,id_feedback_tag) SELECT id_avaliacao,23 FROM avaliacoes_compradores WHERE id_venda=31;
INSERT INTO vendas (id_venda,id_cooperativa,id_comprador,data_venda,valor_total) VALUES (32,40,74,'2025-07-29 02:43:39',0);
INSERT INTO vendas_itens (id_venda,id_material_base,id_material_catalogo,quantidade_kg,preco_por_kg) VALUES (32,1,3,318.66,1.74);
INSERT INTO vendas_itens (id_venda,id_material_base,id_material_catalogo,quantidade_kg,preco_por_kg) VALUES (32,1,3,93.45,2.05);
INSERT INTO vendas_itens (id_venda,id_material_base,id_material_catalogo,quantidade_kg,preco_por_kg) VALUES (32,3,7,317.57,4.52);
INSERT INTO vendas (id_venda,id_cooperativa,id_comprador,data_venda,valor_total) VALUES (33,12,99,'2024-12-14 02:43:39',0);
INSERT INTO vendas_itens (id_venda,id_material_base,id_material_catalogo,quantidade_kg,preco_por_kg) VALUES (33,2,4,408.83,0.64);
INSERT INTO vendas_itens (id_venda,id_material_base,id_material_catalogo,quantidade_kg,preco_por_kg) VALUES (33,1,3,202.71,3.96);
INSERT INTO avaliacoes_compradores (id_venda,pontualidade_pagamento,logistica_entrega,qualidade_negociacao,comentario_livre) VALUES (33,4,3,4,'');
INSERT INTO vendas (id_venda,id_cooperativa,id_comprador,data_venda,valor_total) VALUES (34,41,25,'2025-02-08 02:43:39',0);
INSERT INTO vendas_itens (id_venda,id_material_base,id_material_catalogo,quantidade_kg,preco_por_kg) VALUES (34,1,3,245.79,2.17);
INSERT INTO vendas_itens (id_venda,id_material_base,id_material_catalogo,quantidade_kg,preco_por_kg) VALUES (34,3,8,475.17,6.98);
INSERT INTO vendas_itens (id_venda,id_material_base,id_material_catalogo,quantidade_kg,preco_por_kg) VALUES (34,2,6,405.20,0.77);
INSERT INTO avaliacoes_compradores (id_venda,pontualidade_pagamento,logistica_entrega,qualidade_negociacao,comentario_livre) VALUES (34,4,3,2,'');
INSERT INTO vendas (id_venda,id_cooperativa,id_comprador,data_venda,valor_total) VALUES (35,32,51,'2025-06-24 02:43:39',0);
INSERT INTO vendas_itens (id_venda,id_material_base,id_material_catalogo,quantidade_kg,preco_por_kg) VALUES (35,1,3,329.12,2.72);
INSERT INTO vendas_itens (id_venda,id_material_base,id_material_catalogo,quantidade_kg,preco_por_kg) VALUES (35,2,4,405.06,1.25);
INSERT INTO vendas (id_venda,id_cooperativa,id_comprador,data_venda,valor_total) VALUES (36,4,95,'2025-10-21 02:43:39',0);
INSERT INTO vendas_itens (id_venda,id_material_base,id_material_catalogo,quantidade_kg,preco_por_kg) VALUES (36,2,5,147.58,1.16);
INSERT INTO vendas_itens (id_venda,id_material_base,id_material_catalogo,quantidade_kg,preco_por_kg) VALUES (36,2,5,302.91,0.87);
INSERT INTO avaliacoes_compradores (id_venda,pontualidade_pagamento,logistica_entrega,qualidade_negociacao,comentario_livre) VALUES (36,2,4,4,'');
INSERT INTO vendas (id_venda,id_cooperativa,id_comprador,data_venda,valor_total) VALUES (37,48,82,'2025-08-17 02:43:39',0);
INSERT INTO vendas_itens (id_venda,id_material_base,id_material_catalogo,quantidade_kg,preco_por_kg) VALUES (37,1,3,189.90,2.59);
INSERT INTO vendas_itens (id_venda,id_material_base,id_material_catalogo,quantidade_kg,preco_por_kg) VALUES (37,1,3,368.63,1.98);
INSERT INTO vendas (id_venda,id_cooperativa,id_comprador,data_venda,valor_total) VALUES (38,6,11,'2025-02-19 02:43:39',0);
INSERT INTO vendas_itens (id_venda,id_material_base,id_material_catalogo,quantidade_kg,preco_por_kg) VALUES (38,1,2,110.76,3.19);
INSERT INTO vendas_itens (id_venda,id_material_base,id_material_catalogo,quantidade_kg,preco_por_kg) VALUES (38,3,7,493.55,4.29);
INSERT INTO vendas (id_venda,id_cooperativa,id_comprador,data_venda,valor_total) VALUES (39,19,71,'2025-06-17 02:43:39',0);
INSERT INTO vendas_itens (id_venda,id_material_base,id_material_catalogo,quantidade_kg,preco_por_kg) VALUES (39,3,8,557.24,5.48);
INSERT INTO vendas_itens (id_venda,id_material_base,id_material_catalogo,quantidade_kg,preco_por_kg) VALUES (39,1,3,92.47,3.88);
INSERT INTO vendas (id_venda,id_cooperativa,id_comprador,data_venda,valor_total) VALUES (40,23,33,'2024-11-20 02:43:39',0);
INSERT INTO vendas_itens (id_venda,id_material_base,id_material_catalogo,quantidade_kg,preco_por_kg) VALUES (40,2,4,506.46,0.63);
INSERT INTO avaliacoes_compradores (id_venda,pontualidade_pagamento,logistica_entrega,qualidade_negociacao,comentario_livre) VALUES (40,2,3,3,'');
INSERT INTO vendas (id_venda,id_cooperativa,id_comprador,data_venda,valor_total) VALUES (41,48,47,'2025-02-03 02:43:39',0);
INSERT INTO vendas_itens (id_venda,id_material_base,id_material_catalogo,quantidade_kg,preco_por_kg) VALUES (41,2,6,194.72,0.93);
INSERT INTO vendas_itens (id_venda,id_material_base,id_material_catalogo,quantidade_kg,preco_por_kg) VALUES (41,1,2,435.13,1.34);
INSERT INTO avaliacoes_compradores (id_venda,pontualidade_pagamento,logistica_entrega,qualidade_negociacao,comentario_livre) VALUES (41,3,4,1,'');
INSERT INTO vendas (id_venda,id_cooperativa,id_comprador,data_venda,valor_total) VALUES (42,26,71,'2025-11-17 02:43:39',0);
INSERT INTO vendas_itens (id_venda,id_material_base,id_material_catalogo,quantidade_kg,preco_por_kg) VALUES (42,2,4,115.07,1.31);
INSERT INTO vendas_itens (id_venda,id_material_base,id_material_catalogo,quantidade_kg,preco_por_kg) VALUES (42,1,2,539.71,3.39);
INSERT INTO vendas_itens (id_venda,id_material_base,id_material_catalogo,quantidade_kg,preco_por_kg) VALUES (42,3,9,33.91,2.57);
INSERT INTO avaliacoes_compradores (id_venda,pontualidade_pagamento,logistica_entrega,qualidade_negociacao,comentario_livre) VALUES (42,2,3,2,'');
INSERT INTO vendas (id_venda,id_cooperativa,id_comprador,data_venda,valor_total) VALUES (43,33,81,'2025-11-16 02:43:39',0);
INSERT INTO vendas_itens (id_venda,id_material_base,id_material_catalogo,quantidade_kg,preco_por_kg) VALUES (43,1,1,413.22,3.75);
INSERT INTO vendas_itens (id_venda,id_material_base,id_material_catalogo,quantidade_kg,preco_por_kg) VALUES (43,3,8,324.25,6.14);
INSERT INTO vendas_itens (id_venda,id_material_base,id_material_catalogo,quantidade_kg,preco_por_kg) VALUES (43,2,4,51.86,1.10);
INSERT INTO avaliacoes_compradores (id_venda,pontualidade_pagamento,logistica_entrega,qualidade_negociacao,comentario_livre) VALUES (43,4,3,5,'');
INSERT INTO avaliacao_feedback_selecionado (id_avaliacao,id_feedback_tag) SELECT id_avaliacao,9 FROM avaliacoes_compradores WHERE id_venda=43;
INSERT INTO avaliacao_feedback_selecionado (id_avaliacao,id_feedback_tag) SELECT id_avaliacao,1 FROM avaliacoes_compradores WHERE id_venda=43;
INSERT INTO vendas (id_venda,id_cooperativa,id_comprador,data_venda,valor_total) VALUES (44,35,92,'2025-07-28 02:43:39',0);
INSERT INTO vendas_itens (id_venda,id_material_base,id_material_catalogo,quantidade_kg,preco_por_kg) VALUES (44,1,2,371.87,3.66);
INSERT INTO vendas_itens (id_venda,id_material_base,id_material_catalogo,quantidade_kg,preco_por_kg) VALUES (44,2,6,77.43,1.62);
INSERT INTO avaliacoes_compradores (id_venda,pontualidade_pagamento,logistica_entrega,qualidade_negociacao,comentario_livre) VALUES (44,2,5,1,'');
INSERT INTO vendas (id_venda,id_cooperativa,id_comprador,data_venda,valor_total) VALUES (45,49,100,'2025-11-09 02:43:39',0);
INSERT INTO vendas_itens (id_venda,id_material_base,id_material_catalogo,quantidade_kg,preco_por_kg) VALUES (45,3,8,502.52,6.76);
INSERT INTO vendas_itens (id_venda,id_material_base,id_material_catalogo,quantidade_kg,preco_por_kg) VALUES (45,2,4,502.03,0.64);
INSERT INTO vendas_itens (id_venda,id_material_base,id_material_catalogo,quantidade_kg,preco_por_kg) VALUES (45,2,6,596.51,0.86);
INSERT INTO avaliacoes_compradores (id_venda,pontualidade_pagamento,logistica_entrega,qualidade_negociacao,comentario_livre) VALUES (45,5,3,4,'');
INSERT INTO avaliacao_feedback_selecionado (id_avaliacao,id_feedback_tag) SELECT id_avaliacao,2 FROM avaliacoes_compradores WHERE id_venda=45;
INSERT INTO vendas (id_venda,id_cooperativa,id_comprador,data_venda,valor_total) VALUES (46,23,34,'2025-01-04 02:43:39',0);
INSERT INTO vendas_itens (id_venda,id_material_base,id_material_catalogo,quantidade_kg,preco_por_kg) VALUES (46,2,5,514.93,0.63);
INSERT INTO vendas (id_venda,id_cooperativa,id_comprador,data_venda,valor_total) VALUES (47,27,19,'2025-09-20 02:43:39',0);
INSERT INTO vendas_itens (id_venda,id_material_base,id_material_catalogo,quantidade_kg,preco_por_kg) VALUES (47,3,9,302.85,7.34);
INSERT INTO vendas_itens (id_venda,id_material_base,id_material_catalogo,quantidade_kg,preco_por_kg) VALUES (47,1,2,69.52,2.70);
INSERT INTO vendas_itens (id_venda,id_material_base,id_material_catalogo,quantidade_kg,preco_por_kg) VALUES (47,3,8,526.57,2.87);
INSERT INTO avaliacoes_compradores (id_venda,pontualidade_pagamento,logistica_entrega,qualidade_negociacao,comentario_livre) VALUES (47,3,1,1,'');
INSERT INTO avaliacao_feedback_selecionado (id_avaliacao,id_feedback_tag) SELECT id_avaliacao,23 FROM avaliacoes_compradores WHERE id_venda=47;
INSERT INTO vendas (id_venda,id_cooperativa,id_comprador,data_venda,valor_total) VALUES (48,25,29,'2025-07-26 02:43:39',0);
INSERT INTO vendas_itens (id_venda,id_material_base,id_material_catalogo,quantidade_kg,preco_por_kg) VALUES (48,1,3,302.38,3.61);
INSERT INTO vendas_itens (id_venda,id_material_base,id_material_catalogo,quantidade_kg,preco_por_kg) VALUES (48,2,5,225.69,0.57);
INSERT INTO vendas_itens (id_venda,id_material_base,id_material_catalogo,quantidade_kg,preco_por_kg) VALUES (48,2,4,255.68,0.56);
INSERT INTO vendas (id_venda,id_cooperativa,id_comprador,data_venda,valor_total) VALUES (49,49,55,'2025-01-19 02:43:39',0);
INSERT INTO vendas_itens (id_venda,id_material_base,id_material_catalogo,quantidade_kg,preco_por_kg) VALUES (49,3,7,231.12,4.95);
INSERT INTO vendas (id_venda,id_cooperativa,id_comprador,data_venda,valor_total) VALUES (50,4,17,'2025-10-06 02:43:39',0);
INSERT INTO vendas_itens (id_venda,id_material_base,id_material_catalogo,quantidade_kg,preco_por_kg) VALUES (50,3,9,139.52,5.51);
INSERT INTO vendas_itens (id_venda,id_material_base,id_material_catalogo,quantidade_kg,preco_por_kg) VALUES (50,3,9,271.80,5.74);
INSERT INTO vendas (id_venda,id_cooperativa,id_comprador,data_venda,valor_total) VALUES (51,50,60,'2025-09-12 02:43:39',0);
INSERT INTO vendas_itens (id_venda,id_material_base,id_material_catalogo,quantidade_kg,preco_por_kg) VALUES (51,1,3,426.65,3.74);
INSERT INTO vendas_itens (id_venda,id_material_base,id_material_catalogo,quantidade_kg,preco_por_kg) VALUES (51,1,2,321.20,1.88);
INSERT INTO vendas (id_venda,id_cooperativa,id_comprador,data_venda,valor_total) VALUES (52,29,36,'2024-12-04 02:43:39',0);
INSERT INTO vendas_itens (id_venda,id_material_base,id_material_catalogo,quantidade_kg,preco_por_kg) VALUES (52,1,1,94.56,2.98);
INSERT INTO vendas_itens (id_venda,id_material_base,id_material_catalogo,quantidade_kg,preco_por_kg) VALUES (52,3,7,126.78,3.43);
INSERT INTO avaliacoes_compradores (id_venda,pontualidade_pagamento,logistica_entrega,qualidade_negociacao,comentario_livre) VALUES (52,3,2,3,'');
INSERT INTO vendas (id_venda,id_cooperativa,id_comprador,data_venda,valor_total) VALUES (53,49,31,'2025-09-16 02:43:39',0);
INSERT INTO vendas_itens (id_venda,id_material_base,id_material_catalogo,quantidade_kg,preco_por_kg) VALUES (53,1,1,367.98,2.77);
INSERT INTO vendas_itens (id_venda,id_material_base,id_material_catalogo,quantidade_kg,preco_por_kg) VALUES (53,3,7,415.91,6.62);
INSERT INTO vendas (id_venda,id_cooperativa,id_comprador,data_venda,valor_total) VALUES (54,4,35,'2025-04-13 02:43:39',0);
INSERT INTO vendas_itens (id_venda,id_material_base,id_material_catalogo,quantidade_kg,preco_por_kg) VALUES (54,1,1,360.50,2.19);
INSERT INTO avaliacoes_compradores (id_venda,pontualidade_pagamento,logistica_entrega,qualidade_negociacao,comentario_livre) VALUES (54,5,5,3,'');
INSERT INTO avaliacao_feedback_selecionado (id_avaliacao,id_feedback_tag) SELECT id_avaliacao,10 FROM avaliacoes_compradores WHERE id_venda=54;
INSERT INTO vendas (id_venda,id_cooperativa,id_comprador,data_venda,valor_total) VALUES (55,9,21,'2025-09-26 02:43:39',0);
INSERT INTO vendas_itens (id_venda,id_material_base,id_material_catalogo,quantidade_kg,preco_por_kg) VALUES (55,3,8,501.45,7.14);
INSERT INTO vendas_itens (id_venda,id_material_base,id_material_catalogo,quantidade_kg,preco_por_kg) VALUES (55,1,2,378.10,3.33);
INSERT INTO vendas_itens (id_venda,id_material_base,id_material_catalogo,quantidade_kg,preco_por_kg) VALUES (55,3,8,40.48,5.02);
INSERT INTO avaliacoes_compradores (id_venda,pontualidade_pagamento,logistica_entrega,qualidade_negociacao,comentario_livre) VALUES (55,1,3,5,'');
INSERT INTO vendas (id_venda,id_cooperativa,id_comprador,data_venda,valor_total) VALUES (56,22,66,'2025-01-13 02:43:39',0);
INSERT INTO vendas_itens (id_venda,id_material_base,id_material_catalogo,quantidade_kg,preco_por_kg) VALUES (56,3,7,87.29,3.25);
INSERT INTO vendas_itens (id_venda,id_material_base,id_material_catalogo,quantidade_kg,preco_por_kg) VALUES (56,3,7,587.66,4.15);
INSERT INTO avaliacoes_compradores (id_venda,pontualidade_pagamento,logistica_entrega,qualidade_negociacao,comentario_livre) VALUES (56,4,5,4,'');
INSERT INTO avaliacao_feedback_selecionado (id_avaliacao,id_feedback_tag) SELECT id_avaliacao,9 FROM avaliacoes_compradores WHERE id_venda=56;
INSERT INTO avaliacao_feedback_selecionado (id_avaliacao,id_feedback_tag) SELECT id_avaliacao,10 FROM avaliacoes_compradores WHERE id_venda=56;
INSERT INTO vendas (id_venda,id_cooperativa,id_comprador,data_venda,valor_total) VALUES (57,12,18,'2025-05-21 02:43:39',0);
INSERT INTO vendas_itens (id_venda,id_material_base,id_material_catalogo,quantidade_kg,preco_por_kg) VALUES (57,3,9,245.66,4.45);
INSERT INTO vendas (id_venda,id_cooperativa,id_comprador,data_venda,valor_total) VALUES (58,36,36,'2025-01-24 02:43:39',0);
INSERT INTO vendas_itens (id_venda,id_material_base,id_material_catalogo,quantidade_kg,preco_por_kg) VALUES (58,2,6,242.14,1.25);
INSERT INTO vendas_itens (id_venda,id_material_base,id_material_catalogo,quantidade_kg,preco_por_kg) VALUES (58,1,2,46.37,2.70);
INSERT INTO vendas_itens (id_venda,id_material_base,id_material_catalogo,quantidade_kg,preco_por_kg) VALUES (58,2,4,257.33,0.80);
INSERT INTO vendas (id_venda,id_cooperativa,id_comprador,data_venda,valor_total) VALUES (59,31,61,'2025-11-07 02:43:39',0);
INSERT INTO vendas_itens (id_venda,id_material_base,id_material_catalogo,quantidade_kg,preco_por_kg) VALUES (59,2,4,114.49,0.85);
INSERT INTO vendas (id_venda,id_cooperativa,id_comprador,data_venda,valor_total) VALUES (60,39,40,'2025-11-16 02:43:39',0);
INSERT INTO vendas_itens (id_venda,id_material_base,id_material_catalogo,quantidade_kg,preco_por_kg) VALUES (60,2,4,85.13,0.64);
INSERT INTO avaliacoes_compradores (id_venda,pontualidade_pagamento,logistica_entrega,qualidade_negociacao,comentario_livre) VALUES (60,3,4,4,'');
INSERT INTO vendas (id_venda,id_cooperativa,id_comprador,data_venda,valor_total) VALUES (61,36,5,'2024-12-02 02:43:39',0);
INSERT INTO vendas_itens (id_venda,id_material_base,id_material_catalogo,quantidade_kg,preco_por_kg) VALUES (61,2,5,460.01,0.51);
INSERT INTO avaliacoes_compradores (id_venda,pontualidade_pagamento,logistica_entrega,qualidade_negociacao,comentario_livre) VALUES (61,5,3,4,'');
INSERT INTO avaliacao_feedback_selecionado (id_avaliacao,id_feedback_tag) SELECT id_avaliacao,10 FROM avaliacoes_compradores WHERE id_venda=61;
INSERT INTO avaliacao_feedback_selecionado (id_avaliacao,id_feedback_tag) SELECT id_avaliacao,1 FROM avaliacoes_compradores WHERE id_venda=61;
INSERT INTO vendas (id_venda,id_cooperativa,id_comprador,data_venda,valor_total) VALUES (62,33,4,'2025-07-23 02:43:39',0);
INSERT INTO vendas_itens (id_venda,id_material_base,id_material_catalogo,quantidade_kg,preco_por_kg) VALUES (62,2,5,393.94,0.75);
INSERT INTO vendas_itens (id_venda,id_material_base,id_material_catalogo,quantidade_kg,preco_por_kg) VALUES (62,3,9,396.64,7.57);
INSERT INTO vendas_itens (id_venda,id_material_base,id_material_catalogo,quantidade_kg,preco_por_kg) VALUES (62,3,8,147.80,5.80);
INSERT INTO vendas (id_venda,id_cooperativa,id_comprador,data_venda,valor_total) VALUES (63,37,34,'2025-01-20 02:43:39',0);
INSERT INTO vendas_itens (id_venda,id_material_base,id_material_catalogo,quantidade_kg,preco_por_kg) VALUES (63,3,7,581.47,3.61);
INSERT INTO avaliacoes_compradores (id_venda,pontualidade_pagamento,logistica_entrega,qualidade_negociacao,comentario_livre) VALUES (63,2,1,5,'');
INSERT INTO vendas (id_venda,id_cooperativa,id_comprador,data_venda,valor_total) VALUES (64,10,73,'2025-05-07 02:43:39',0);
INSERT INTO vendas_itens (id_venda,id_material_base,id_material_catalogo,quantidade_kg,preco_por_kg) VALUES (64,3,8,384.72,7.70);
INSERT INTO vendas_itens (id_venda,id_material_base,id_material_catalogo,quantidade_kg,preco_por_kg) VALUES (64,3,9,579.87,6.91);
INSERT INTO vendas (id_venda,id_cooperativa,id_comprador,data_venda,valor_total) VALUES (65,33,67,'2025-04-10 02:43:39',0);
INSERT INTO vendas_itens (id_venda,id_material_base,id_material_catalogo,quantidade_kg,preco_por_kg) VALUES (65,1,3,391.85,1.74);
INSERT INTO vendas_itens (id_venda,id_material_base,id_material_catalogo,quantidade_kg,preco_por_kg) VALUES (65,1,1,328.84,3.21);
INSERT INTO vendas_itens (id_venda,id_material_base,id_material_catalogo,quantidade_kg,preco_por_kg) VALUES (65,3,8,198.73,4.42);
INSERT INTO avaliacoes_compradores (id_venda,pontualidade_pagamento,logistica_entrega,qualidade_negociacao,comentario_livre) VALUES (65,5,2,5,'');
INSERT INTO avaliacao_feedback_selecionado (id_avaliacao,id_feedback_tag) SELECT id_avaliacao,3 FROM avaliacoes_compradores WHERE id_venda=65;
INSERT INTO vendas (id_venda,id_cooperativa,id_comprador,data_venda,valor_total) VALUES (66,39,66,'2025-03-04 02:43:39',0);
INSERT INTO vendas_itens (id_venda,id_material_base,id_material_catalogo,quantidade_kg,preco_por_kg) VALUES (66,2,5,400.96,1.62);
INSERT INTO vendas_itens (id_venda,id_material_base,id_material_catalogo,quantidade_kg,preco_por_kg) VALUES (66,3,7,81.82,5.37);
INSERT INTO vendas_itens (id_venda,id_material_base,id_material_catalogo,quantidade_kg,preco_por_kg) VALUES (66,3,9,376.98,3.49);
INSERT INTO vendas (id_venda,id_cooperativa,id_comprador,data_venda,valor_total) VALUES (67,45,43,'2025-01-25 02:43:39',0);
INSERT INTO vendas_itens (id_venda,id_material_base,id_material_catalogo,quantidade_kg,preco_por_kg) VALUES (67,1,2,95.12,3.22);
INSERT INTO vendas_itens (id_venda,id_material_base,id_material_catalogo,quantidade_kg,preco_por_kg) VALUES (67,3,8,255.63,5.55);
INSERT INTO avaliacoes_compradores (id_venda,pontualidade_pagamento,logistica_entrega,qualidade_negociacao,comentario_livre) VALUES (67,1,4,2,'');
INSERT INTO vendas (id_venda,id_cooperativa,id_comprador,data_venda,valor_total) VALUES (68,34,6,'2025-05-05 02:43:39',0);
INSERT INTO vendas_itens (id_venda,id_material_base,id_material_catalogo,quantidade_kg,preco_por_kg) VALUES (68,1,2,111.99,2.57);
INSERT INTO vendas_itens (id_venda,id_material_base,id_material_catalogo,quantidade_kg,preco_por_kg) VALUES (68,1,2,254.28,2.99);
INSERT INTO avaliacoes_compradores (id_venda,pontualidade_pagamento,logistica_entrega,qualidade_negociacao,comentario_livre) VALUES (68,5,3,5,'');
INSERT INTO avaliacao_feedback_selecionado (id_avaliacao,id_feedback_tag) SELECT id_avaliacao,8 FROM avaliacoes_compradores WHERE id_venda=68;
INSERT INTO avaliacao_feedback_selecionado (id_avaliacao,id_feedback_tag) SELECT id_avaliacao,10 FROM avaliacoes_compradores WHERE id_venda=68;
INSERT INTO avaliacao_feedback_selecionado (id_avaliacao,id_feedback_tag) SELECT id_avaliacao,2 FROM avaliacoes_compradores WHERE id_venda=68;
INSERT INTO vendas (id_venda,id_cooperativa,id_comprador,data_venda,valor_total) VALUES (69,34,73,'2024-12-15 02:43:39',0);
INSERT INTO vendas_itens (id_venda,id_material_base,id_material_catalogo,quantidade_kg,preco_por_kg) VALUES (69,3,9,187.92,5.52);
INSERT INTO vendas_itens (id_venda,id_material_base,id_material_catalogo,quantidade_kg,preco_por_kg) VALUES (69,3,9,576.45,5.09);
INSERT INTO vendas_itens (id_venda,id_material_base,id_material_catalogo,quantidade_kg,preco_por_kg) VALUES (69,3,7,70.49,4.06);
INSERT INTO avaliacoes_compradores (id_venda,pontualidade_pagamento,logistica_entrega,qualidade_negociacao,comentario_livre) VALUES (69,2,3,2,'');
INSERT INTO vendas (id_venda,id_cooperativa,id_comprador,data_venda,valor_total) VALUES (70,46,21,'2025-02-08 02:43:39',0);
INSERT INTO vendas_itens (id_venda,id_material_base,id_material_catalogo,quantidade_kg,preco_por_kg) VALUES (70,3,8,82.59,6.92);
INSERT INTO vendas_itens (id_venda,id_material_base,id_material_catalogo,quantidade_kg,preco_por_kg) VALUES (70,2,4,174.41,1.07);
INSERT INTO vendas_itens (id_venda,id_material_base,id_material_catalogo,quantidade_kg,preco_por_kg) VALUES (70,2,6,126.43,0.56);
INSERT INTO avaliacoes_compradores (id_venda,pontualidade_pagamento,logistica_entrega,qualidade_negociacao,comentario_livre) VALUES (70,1,5,5,'');
INSERT INTO vendas (id_venda,id_cooperativa,id_comprador,data_venda,valor_total) VALUES (71,2,14,'2025-06-14 02:43:39',0);
INSERT INTO vendas_itens (id_venda,id_material_base,id_material_catalogo,quantidade_kg,preco_por_kg) VALUES (71,2,5,59.37,1.58);
INSERT INTO vendas_itens (id_venda,id_material_base,id_material_catalogo,quantidade_kg,preco_por_kg) VALUES (71,3,7,265.37,7.81);
INSERT INTO avaliacoes_compradores (id_venda,pontualidade_pagamento,logistica_entrega,qualidade_negociacao,comentario_livre) VALUES (71,2,1,2,'');
INSERT INTO avaliacao_feedback_selecionado (id_avaliacao,id_feedback_tag) SELECT id_avaliacao,22 FROM avaliacoes_compradores WHERE id_venda=71;
INSERT INTO avaliacao_feedback_selecionado (id_avaliacao,id_feedback_tag) SELECT id_avaliacao,17 FROM avaliacoes_compradores WHERE id_venda=71;
INSERT INTO avaliacao_feedback_selecionado (id_avaliacao,id_feedback_tag) SELECT id_avaliacao,12 FROM avaliacoes_compradores WHERE id_venda=71;
INSERT INTO vendas (id_venda,id_cooperativa,id_comprador,data_venda,valor_total) VALUES (72,11,52,'2025-07-26 02:43:39',0);
INSERT INTO vendas_itens (id_venda,id_material_base,id_material_catalogo,quantidade_kg,preco_por_kg) VALUES (72,3,8,484.88,3.82);
INSERT INTO vendas_itens (id_venda,id_material_base,id_material_catalogo,quantidade_kg,preco_por_kg) VALUES (72,1,1,95.57,2.27);
INSERT INTO vendas (id_venda,id_cooperativa,id_comprador,data_venda,valor_total) VALUES (73,11,7,'2025-07-18 02:43:39',0);
INSERT INTO vendas_itens (id_venda,id_material_base,id_material_catalogo,quantidade_kg,preco_por_kg) VALUES (73,1,1,457.06,2.95);
INSERT INTO avaliacoes_compradores (id_venda,pontualidade_pagamento,logistica_entrega,qualidade_negociacao,comentario_livre) VALUES (73,2,3,4,'');
INSERT INTO vendas (id_venda,id_cooperativa,id_comprador,data_venda,valor_total) VALUES (74,37,69,'2025-06-21 02:43:39',0);
INSERT INTO vendas_itens (id_venda,id_material_base,id_material_catalogo,quantidade_kg,preco_por_kg) VALUES (74,1,3,107.39,3.93);
INSERT INTO vendas (id_venda,id_cooperativa,id_comprador,data_venda,valor_total) VALUES (75,15,87,'2025-11-15 02:43:39',0);
INSERT INTO vendas_itens (id_venda,id_material_base,id_material_catalogo,quantidade_kg,preco_por_kg) VALUES (75,3,9,345.90,7.91);
INSERT INTO vendas_itens (id_venda,id_material_base,id_material_catalogo,quantidade_kg,preco_por_kg) VALUES (75,1,3,546.54,1.49);
INSERT INTO vendas (id_venda,id_cooperativa,id_comprador,data_venda,valor_total) VALUES (76,1,62,'2025-08-18 02:43:39',0);
INSERT INTO vendas_itens (id_venda,id_material_base,id_material_catalogo,quantidade_kg,preco_por_kg) VALUES (76,3,7,320.72,5.41);
INSERT INTO vendas_itens (id_venda,id_material_base,id_material_catalogo,quantidade_kg,preco_por_kg) VALUES (76,1,3,421.08,2.24);
INSERT INTO vendas_itens (id_venda,id_material_base,id_material_catalogo,quantidade_kg,preco_por_kg) VALUES (76,3,9,33.41,3.21);
INSERT INTO avaliacoes_compradores (id_venda,pontualidade_pagamento,logistica_entrega,qualidade_negociacao,comentario_livre) VALUES (76,2,3,2,'');
INSERT INTO vendas (id_venda,id_cooperativa,id_comprador,data_venda,valor_total) VALUES (77,47,55,'2025-04-19 02:43:39',0);
INSERT INTO vendas_itens (id_venda,id_material_base,id_material_catalogo,quantidade_kg,preco_por_kg) VALUES (77,3,7,96.66,5.12);
INSERT INTO vendas_itens (id_venda,id_material_base,id_material_catalogo,quantidade_kg,preco_por_kg) VALUES (77,1,2,328.68,1.68);
INSERT INTO vendas_itens (id_venda,id_material_base,id_material_catalogo,quantidade_kg,preco_por_kg) VALUES (77,1,1,151.43,2.63);
INSERT INTO avaliacoes_compradores (id_venda,pontualidade_pagamento,logistica_entrega,qualidade_negociacao,comentario_livre) VALUES (77,1,2,1,'');
INSERT INTO avaliacao_feedback_selecionado (id_avaliacao,id_feedback_tag) SELECT id_avaliacao,18 FROM avaliacoes_compradores WHERE id_venda=77;
INSERT INTO avaliacao_feedback_selecionado (id_avaliacao,id_feedback_tag) SELECT id_avaliacao,23 FROM avaliacoes_compradores WHERE id_venda=77;
INSERT INTO vendas (id_venda,id_cooperativa,id_comprador,data_venda,valor_total) VALUES (78,6,23,'2024-12-28 02:43:39',0);
INSERT INTO vendas_itens (id_venda,id_material_base,id_material_catalogo,quantidade_kg,preco_por_kg) VALUES (78,3,8,514.59,3.84);
INSERT INTO vendas (id_venda,id_cooperativa,id_comprador,data_venda,valor_total) VALUES (79,21,82,'2025-07-30 02:43:39',0);
INSERT INTO vendas_itens (id_venda,id_material_base,id_material_catalogo,quantidade_kg,preco_por_kg) VALUES (79,3,8,329.23,7.10);
INSERT INTO vendas_itens (id_venda,id_material_base,id_material_catalogo,quantidade_kg,preco_por_kg) VALUES (79,1,3,446.26,2.73);
INSERT INTO vendas_itens (id_venda,id_material_base,id_material_catalogo,quantidade_kg,preco_por_kg) VALUES (79,1,2,494.65,3.81);
INSERT INTO vendas (id_venda,id_cooperativa,id_comprador,data_venda,valor_total) VALUES (80,16,12,'2025-09-10 02:43:39',0);
INSERT INTO vendas_itens (id_venda,id_material_base,id_material_catalogo,quantidade_kg,preco_por_kg) VALUES (80,3,8,106.78,6.46);
INSERT INTO vendas_itens (id_venda,id_material_base,id_material_catalogo,quantidade_kg,preco_por_kg) VALUES (80,1,3,119.35,1.53);
INSERT INTO vendas (id_venda,id_cooperativa,id_comprador,data_venda,valor_total) VALUES (81,6,64,'2025-03-03 02:43:39',0);
INSERT INTO vendas_itens (id_venda,id_material_base,id_material_catalogo,quantidade_kg,preco_por_kg) VALUES (81,2,4,465.36,1.65);
INSERT INTO vendas_itens (id_venda,id_material_base,id_material_catalogo,quantidade_kg,preco_por_kg) VALUES (81,3,7,446.50,4.40);
INSERT INTO vendas (id_venda,id_cooperativa,id_comprador,data_venda,valor_total) VALUES (82,42,86,'2025-02-24 02:43:39',0);
INSERT INTO vendas_itens (id_venda,id_material_base,id_material_catalogo,quantidade_kg,preco_por_kg) VALUES (82,1,3,525.47,3.85);
INSERT INTO avaliacoes_compradores (id_venda,pontualidade_pagamento,logistica_entrega,qualidade_negociacao,comentario_livre) VALUES (82,3,3,3,'');
INSERT INTO vendas (id_venda,id_cooperativa,id_comprador,data_venda,valor_total) VALUES (83,46,7,'2025-08-01 02:43:39',0);
INSERT INTO vendas_itens (id_venda,id_material_base,id_material_catalogo,quantidade_kg,preco_por_kg) VALUES (83,3,9,337.21,7.41);
INSERT INTO avaliacoes_compradores (id_venda,pontualidade_pagamento,logistica_entrega,qualidade_negociacao,comentario_livre) VALUES (83,1,1,3,'');
INSERT INTO avaliacao_feedback_selecionado (id_avaliacao,id_feedback_tag) SELECT id_avaliacao,16 FROM avaliacoes_compradores WHERE id_venda=83;
INSERT INTO avaliacao_feedback_selecionado (id_avaliacao,id_feedback_tag) SELECT id_avaliacao,22 FROM avaliacoes_compradores WHERE id_venda=83;
INSERT INTO avaliacao_feedback_selecionado (id_avaliacao,id_feedback_tag) SELECT id_avaliacao,20 FROM avaliacoes_compradores WHERE id_venda=83;
INSERT INTO vendas (id_venda,id_cooperativa,id_comprador,data_venda,valor_total) VALUES (84,11,16,'2025-11-01 02:43:39',0);
INSERT INTO vendas_itens (id_venda,id_material_base,id_material_catalogo,quantidade_kg,preco_por_kg) VALUES (84,3,9,82.28,3.78);
INSERT INTO avaliacoes_compradores (id_venda,pontualidade_pagamento,logistica_entrega,qualidade_negociacao,comentario_livre) VALUES (84,2,3,4,'');
INSERT INTO vendas (id_venda,id_cooperativa,id_comprador,data_venda,valor_total) VALUES (85,10,38,'2025-03-12 02:43:39',0);
INSERT INTO vendas_itens (id_venda,id_material_base,id_material_catalogo,quantidade_kg,preco_por_kg) VALUES (85,3,7,198.95,6.81);
INSERT INTO vendas_itens (id_venda,id_material_base,id_material_catalogo,quantidade_kg,preco_por_kg) VALUES (85,3,7,184.77,6.86);
INSERT INTO vendas_itens (id_venda,id_material_base,id_material_catalogo,quantidade_kg,preco_por_kg) VALUES (85,3,7,64.79,6.43);
INSERT INTO avaliacoes_compradores (id_venda,pontualidade_pagamento,logistica_entrega,qualidade_negociacao,comentario_livre) VALUES (85,5,4,3,'');
INSERT INTO avaliacao_feedback_selecionado (id_avaliacao,id_feedback_tag) SELECT id_avaliacao,11 FROM avaliacoes_compradores WHERE id_venda=85;
INSERT INTO vendas (id_venda,id_cooperativa,id_comprador,data_venda,valor_total) VALUES (86,9,7,'2025-06-27 02:43:39',0);
INSERT INTO vendas_itens (id_venda,id_material_base,id_material_catalogo,quantidade_kg,preco_por_kg) VALUES (86,2,6,489.48,0.61);
INSERT INTO avaliacoes_compradores (id_venda,pontualidade_pagamento,logistica_entrega,qualidade_negociacao,comentario_livre) VALUES (86,1,4,5,'');
INSERT INTO vendas (id_venda,id_cooperativa,id_comprador,data_venda,valor_total) VALUES (87,29,79,'2024-12-28 02:43:39',0);
INSERT INTO vendas_itens (id_venda,id_material_base,id_material_catalogo,quantidade_kg,preco_por_kg) VALUES (87,1,2,203.92,3.32);
INSERT INTO vendas_itens (id_venda,id_material_base,id_material_catalogo,quantidade_kg,preco_por_kg) VALUES (87,1,3,372.51,2.69);
INSERT INTO vendas_itens (id_venda,id_material_base,id_material_catalogo,quantidade_kg,preco_por_kg) VALUES (87,2,4,564.57,0.85);
INSERT INTO vendas (id_venda,id_cooperativa,id_comprador,data_venda,valor_total) VALUES (88,35,62,'2024-12-16 02:43:39',0);
INSERT INTO vendas_itens (id_venda,id_material_base,id_material_catalogo,quantidade_kg,preco_por_kg) VALUES (88,2,4,103.84,1.57);
INSERT INTO vendas_itens (id_venda,id_material_base,id_material_catalogo,quantidade_kg,preco_por_kg) VALUES (88,2,5,356.43,0.92);
INSERT INTO avaliacoes_compradores (id_venda,pontualidade_pagamento,logistica_entrega,qualidade_negociacao,comentario_livre) VALUES (88,1,4,4,'');
INSERT INTO vendas (id_venda,id_cooperativa,id_comprador,data_venda,valor_total) VALUES (89,13,47,'2025-02-15 02:43:39',0);
INSERT INTO vendas_itens (id_venda,id_material_base,id_material_catalogo,quantidade_kg,preco_por_kg) VALUES (89,2,5,355.60,1.24);
INSERT INTO vendas_itens (id_venda,id_material_base,id_material_catalogo,quantidade_kg,preco_por_kg) VALUES (89,2,4,359.85,1.30);
INSERT INTO vendas_itens (id_venda,id_material_base,id_material_catalogo,quantidade_kg,preco_por_kg) VALUES (89,1,2,97.32,2.99);
INSERT INTO vendas (id_venda,id_cooperativa,id_comprador,data_venda,valor_total) VALUES (90,39,89,'2024-11-22 02:43:39',0);
INSERT INTO vendas_itens (id_venda,id_material_base,id_material_catalogo,quantidade_kg,preco_por_kg) VALUES (90,2,6,574.58,1.00);
INSERT INTO avaliacoes_compradores (id_venda,pontualidade_pagamento,logistica_entrega,qualidade_negociacao,comentario_livre) VALUES (90,1,3,5,'');
INSERT INTO vendas (id_venda,id_cooperativa,id_comprador,data_venda,valor_total) VALUES (91,46,84,'2025-07-04 02:43:39',0);
INSERT INTO vendas_itens (id_venda,id_material_base,id_material_catalogo,quantidade_kg,preco_por_kg) VALUES (91,1,1,149.03,1.89);
INSERT INTO avaliacoes_compradores (id_venda,pontualidade_pagamento,logistica_entrega,qualidade_negociacao,comentario_livre) VALUES (91,2,1,1,'');
INSERT INTO avaliacao_feedback_selecionado (id_avaliacao,id_feedback_tag) SELECT id_avaliacao,16 FROM avaliacoes_compradores WHERE id_venda=91;
INSERT INTO avaliacao_feedback_selecionado (id_avaliacao,id_feedback_tag) SELECT id_avaliacao,13 FROM avaliacoes_compradores WHERE id_venda=91;
INSERT INTO avaliacao_feedback_selecionado (id_avaliacao,id_feedback_tag) SELECT id_avaliacao,23 FROM avaliacoes_compradores WHERE id_venda=91;
INSERT INTO vendas (id_venda,id_cooperativa,id_comprador,data_venda,valor_total) VALUES (92,11,76,'2025-04-03 02:43:39',0);
INSERT INTO vendas_itens (id_venda,id_material_base,id_material_catalogo,quantidade_kg,preco_por_kg) VALUES (92,3,8,111.12,6.82);
INSERT INTO vendas_itens (id_venda,id_material_base,id_material_catalogo,quantidade_kg,preco_por_kg) VALUES (92,1,3,532.56,1.43);
INSERT INTO vendas_itens (id_venda,id_material_base,id_material_catalogo,quantidade_kg,preco_por_kg) VALUES (92,1,1,61.16,3.12);
INSERT INTO avaliacoes_compradores (id_venda,pontualidade_pagamento,logistica_entrega,qualidade_negociacao,comentario_livre) VALUES (92,5,3,2,'');
INSERT INTO vendas (id_venda,id_cooperativa,id_comprador,data_venda,valor_total) VALUES (93,29,81,'2025-06-13 02:43:39',0);
INSERT INTO vendas_itens (id_venda,id_material_base,id_material_catalogo,quantidade_kg,preco_por_kg) VALUES (93,1,1,80.29,1.46);
INSERT INTO vendas (id_venda,id_cooperativa,id_comprador,data_venda,valor_total) VALUES (94,38,70,'2025-05-26 02:43:39',0);
INSERT INTO vendas_itens (id_venda,id_material_base,id_material_catalogo,quantidade_kg,preco_por_kg) VALUES (94,1,2,457.75,2.15);
INSERT INTO vendas_itens (id_venda,id_material_base,id_material_catalogo,quantidade_kg,preco_por_kg) VALUES (94,1,2,543.40,1.66);
INSERT INTO avaliacoes_compradores (id_venda,pontualidade_pagamento,logistica_entrega,qualidade_negociacao,comentario_livre) VALUES (94,5,4,2,'');
INSERT INTO vendas (id_venda,id_cooperativa,id_comprador,data_venda,valor_total) VALUES (95,10,100,'2025-01-10 02:43:39',0);
INSERT INTO vendas_itens (id_venda,id_material_base,id_material_catalogo,quantidade_kg,preco_por_kg) VALUES (95,2,5,440.43,1.67);
INSERT INTO avaliacoes_compradores (id_venda,pontualidade_pagamento,logistica_entrega,qualidade_negociacao,comentario_livre) VALUES (95,1,3,1,'');
INSERT INTO avaliacao_feedback_selecionado (id_avaliacao,id_feedback_tag) SELECT id_avaliacao,20 FROM avaliacoes_compradores WHERE id_venda=95;
INSERT INTO avaliacao_feedback_selecionado (id_avaliacao,id_feedback_tag) SELECT id_avaliacao,17 FROM avaliacoes_compradores WHERE id_venda=95;
INSERT INTO vendas (id_venda,id_cooperativa,id_comprador,data_venda,valor_total) VALUES (96,16,34,'2025-01-20 02:43:39',0);
INSERT INTO vendas_itens (id_venda,id_material_base,id_material_catalogo,quantidade_kg,preco_por_kg) VALUES (96,2,5,181.55,0.78);
INSERT INTO vendas (id_venda,id_cooperativa,id_comprador,data_venda,valor_total) VALUES (97,50,54,'2025-01-15 02:43:39',0);
INSERT INTO vendas_itens (id_venda,id_material_base,id_material_catalogo,quantidade_kg,preco_por_kg) VALUES (97,2,4,562.61,1.28);
INSERT INTO vendas (id_venda,id_cooperativa,id_comprador,data_venda,valor_total) VALUES (98,28,91,'2025-03-23 02:43:39',0);
INSERT INTO vendas_itens (id_venda,id_material_base,id_material_catalogo,quantidade_kg,preco_por_kg) VALUES (98,1,2,97.01,2.92);
INSERT INTO vendas_itens (id_venda,id_material_base,id_material_catalogo,quantidade_kg,preco_por_kg) VALUES (98,1,2,319.43,1.91);
INSERT INTO vendas_itens (id_venda,id_material_base,id_material_catalogo,quantidade_kg,preco_por_kg) VALUES (98,1,3,283.17,3.22);
INSERT INTO avaliacoes_compradores (id_venda,pontualidade_pagamento,logistica_entrega,qualidade_negociacao,comentario_livre) VALUES (98,5,2,5,'');
INSERT INTO avaliacao_feedback_selecionado (id_avaliacao,id_feedback_tag) SELECT id_avaliacao,4 FROM avaliacoes_compradores WHERE id_venda=98;
INSERT INTO avaliacao_feedback_selecionado (id_avaliacao,id_feedback_tag) SELECT id_avaliacao,1 FROM avaliacoes_compradores WHERE id_venda=98;
INSERT INTO vendas (id_venda,id_cooperativa,id_comprador,data_venda,valor_total) VALUES (99,46,10,'2025-07-24 02:43:39',0);
INSERT INTO vendas_itens (id_venda,id_material_base,id_material_catalogo,quantidade_kg,preco_por_kg) VALUES (99,3,9,451.41,2.98);
INSERT INTO vendas_itens (id_venda,id_material_base,id_material_catalogo,quantidade_kg,preco_por_kg) VALUES (99,1,2,401.14,1.46);
INSERT INTO vendas_itens (id_venda,id_material_base,id_material_catalogo,quantidade_kg,preco_por_kg) VALUES (99,2,5,72.25,1.51);
INSERT INTO avaliacoes_compradores (id_venda,pontualidade_pagamento,logistica_entrega,qualidade_negociacao,comentario_livre) VALUES (99,5,1,3,'');
INSERT INTO vendas (id_venda,id_cooperativa,id_comprador,data_venda,valor_total) VALUES (100,41,6,'2025-10-20 02:43:39',0);
INSERT INTO vendas_itens (id_venda,id_material_base,id_material_catalogo,quantidade_kg,preco_por_kg) VALUES (100,3,9,434.35,2.74);
INSERT INTO avaliacoes_compradores (id_venda,pontualidade_pagamento,logistica_entrega,qualidade_negociacao,comentario_livre) VALUES (100,4,4,5,'');
INSERT INTO avaliacao_feedback_selecionado (id_avaliacao,id_feedback_tag) SELECT id_avaliacao,2 FROM avaliacoes_compradores WHERE id_venda=100;
INSERT INTO vendas (id_venda,id_cooperativa,id_comprador,data_venda,valor_total) VALUES (101,16,40,'2025-03-24 02:43:39',0);
INSERT INTO vendas_itens (id_venda,id_material_base,id_material_catalogo,quantidade_kg,preco_por_kg) VALUES (101,2,6,528.42,0.61);
INSERT INTO vendas_itens (id_venda,id_material_base,id_material_catalogo,quantidade_kg,preco_por_kg) VALUES (101,2,4,149.49,0.56);
INSERT INTO avaliacoes_compradores (id_venda,pontualidade_pagamento,logistica_entrega,qualidade_negociacao,comentario_livre) VALUES (101,5,1,2,'');
INSERT INTO vendas (id_venda,id_cooperativa,id_comprador,data_venda,valor_total) VALUES (102,8,96,'2025-10-04 02:43:39',0);
INSERT INTO vendas_itens (id_venda,id_material_base,id_material_catalogo,quantidade_kg,preco_por_kg) VALUES (102,1,2,192.20,1.21);
INSERT INTO vendas_itens (id_venda,id_material_base,id_material_catalogo,quantidade_kg,preco_por_kg) VALUES (102,1,1,157.62,1.33);
INSERT INTO vendas_itens (id_venda,id_material_base,id_material_catalogo,quantidade_kg,preco_por_kg) VALUES (102,2,5,237.25,0.61);
INSERT INTO avaliacoes_compradores (id_venda,pontualidade_pagamento,logistica_entrega,qualidade_negociacao,comentario_livre) VALUES (102,3,5,4,'');
INSERT INTO avaliacao_feedback_selecionado (id_avaliacao,id_feedback_tag) SELECT id_avaliacao,1 FROM avaliacoes_compradores WHERE id_venda=102;
INSERT INTO vendas (id_venda,id_cooperativa,id_comprador,data_venda,valor_total) VALUES (103,38,26,'2025-03-09 02:43:39',0);
INSERT INTO vendas_itens (id_venda,id_material_base,id_material_catalogo,quantidade_kg,preco_por_kg) VALUES (103,2,4,554.90,1.02);
INSERT INTO vendas_itens (id_venda,id_material_base,id_material_catalogo,quantidade_kg,preco_por_kg) VALUES (103,3,7,440.01,6.31);
INSERT INTO vendas_itens (id_venda,id_material_base,id_material_catalogo,quantidade_kg,preco_por_kg) VALUES (103,1,2,458.73,3.59);
INSERT INTO avaliacoes_compradores (id_venda,pontualidade_pagamento,logistica_entrega,qualidade_negociacao,comentario_livre) VALUES (103,4,5,2,'');
INSERT INTO vendas (id_venda,id_cooperativa,id_comprador,data_venda,valor_total) VALUES (104,29,11,'2025-10-31 02:43:39',0);
INSERT INTO vendas_itens (id_venda,id_material_base,id_material_catalogo,quantidade_kg,preco_por_kg) VALUES (104,3,7,347.40,7.68);
INSERT INTO vendas_itens (id_venda,id_material_base,id_material_catalogo,quantidade_kg,preco_por_kg) VALUES (104,3,9,210.51,4.82);
INSERT INTO avaliacoes_compradores (id_venda,pontualidade_pagamento,logistica_entrega,qualidade_negociacao,comentario_livre) VALUES (104,4,3,5,'');
INSERT INTO avaliacao_feedback_selecionado (id_avaliacao,id_feedback_tag) SELECT id_avaliacao,9 FROM avaliacoes_compradores WHERE id_venda=104;
INSERT INTO avaliacao_feedback_selecionado (id_avaliacao,id_feedback_tag) SELECT id_avaliacao,4 FROM avaliacoes_compradores WHERE id_venda=104;
INSERT INTO avaliacao_feedback_selecionado (id_avaliacao,id_feedback_tag) SELECT id_avaliacao,5 FROM avaliacoes_compradores WHERE id_venda=104;
INSERT INTO vendas (id_venda,id_cooperativa,id_comprador,data_venda,valor_total) VALUES (105,12,58,'2025-06-01 02:43:39',0);
INSERT INTO vendas_itens (id_venda,id_material_base,id_material_catalogo,quantidade_kg,preco_por_kg) VALUES (105,2,6,174.18,1.75);
INSERT INTO avaliacoes_compradores (id_venda,pontualidade_pagamento,logistica_entrega,qualidade_negociacao,comentario_livre) VALUES (105,4,2,2,'');
INSERT INTO vendas (id_venda,id_cooperativa,id_comprador,data_venda,valor_total) VALUES (106,33,65,'2025-09-07 02:43:39',0);
INSERT INTO vendas_itens (id_venda,id_material_base,id_material_catalogo,quantidade_kg,preco_por_kg) VALUES (106,3,8,357.48,3.76);
INSERT INTO avaliacoes_compradores (id_venda,pontualidade_pagamento,logistica_entrega,qualidade_negociacao,comentario_livre) VALUES (106,5,4,5,'');
INSERT INTO avaliacao_feedback_selecionado (id_avaliacao,id_feedback_tag) SELECT id_avaliacao,1 FROM avaliacoes_compradores WHERE id_venda=106;
INSERT INTO avaliacao_feedback_selecionado (id_avaliacao,id_feedback_tag) SELECT id_avaliacao,11 FROM avaliacoes_compradores WHERE id_venda=106;
INSERT INTO vendas (id_venda,id_cooperativa,id_comprador,data_venda,valor_total) VALUES (107,41,80,'2025-03-12 02:43:39',0);
INSERT INTO vendas_itens (id_venda,id_material_base,id_material_catalogo,quantidade_kg,preco_por_kg) VALUES (107,3,8,458.53,5.34);
INSERT INTO vendas_itens (id_venda,id_material_base,id_material_catalogo,quantidade_kg,preco_por_kg) VALUES (107,3,7,197.19,5.83);
INSERT INTO vendas (id_venda,id_cooperativa,id_comprador,data_venda,valor_total) VALUES (108,38,51,'2025-08-09 02:43:39',0);
INSERT INTO vendas_itens (id_venda,id_material_base,id_material_catalogo,quantidade_kg,preco_por_kg) VALUES (108,3,7,521.29,4.17);
INSERT INTO vendas_itens (id_venda,id_material_base,id_material_catalogo,quantidade_kg,preco_por_kg) VALUES (108,3,8,570.58,7.80);
INSERT INTO vendas (id_venda,id_cooperativa,id_comprador,data_venda,valor_total) VALUES (109,32,4,'2025-04-04 02:43:39',0);
INSERT INTO vendas_itens (id_venda,id_material_base,id_material_catalogo,quantidade_kg,preco_por_kg) VALUES (109,2,6,418.00,0.74);
INSERT INTO vendas_itens (id_venda,id_material_base,id_material_catalogo,quantidade_kg,preco_por_kg) VALUES (109,3,8,370.30,7.99);
INSERT INTO vendas_itens (id_venda,id_material_base,id_material_catalogo,quantidade_kg,preco_por_kg) VALUES (109,2,6,385.57,1.66);
INSERT INTO avaliacoes_compradores (id_venda,pontualidade_pagamento,logistica_entrega,qualidade_negociacao,comentario_livre) VALUES (109,3,5,4,'');
INSERT INTO avaliacao_feedback_selecionado (id_avaliacao,id_feedback_tag) SELECT id_avaliacao,7 FROM avaliacoes_compradores WHERE id_venda=109;
INSERT INTO avaliacao_feedback_selecionado (id_avaliacao,id_feedback_tag) SELECT id_avaliacao,10 FROM avaliacoes_compradores WHERE id_venda=109;
INSERT INTO avaliacao_feedback_selecionado (id_avaliacao,id_feedback_tag) SELECT id_avaliacao,9 FROM avaliacoes_compradores WHERE id_venda=109;
INSERT INTO vendas (id_venda,id_cooperativa,id_comprador,data_venda,valor_total) VALUES (110,12,85,'2025-03-21 02:43:39',0);
INSERT INTO vendas_itens (id_venda,id_material_base,id_material_catalogo,quantidade_kg,preco_por_kg) VALUES (110,3,9,555.83,7.08);
INSERT INTO avaliacoes_compradores (id_venda,pontualidade_pagamento,logistica_entrega,qualidade_negociacao,comentario_livre) VALUES (110,1,1,4,'');
INSERT INTO avaliacao_feedback_selecionado (id_avaliacao,id_feedback_tag) SELECT id_avaliacao,12 FROM avaliacoes_compradores WHERE id_venda=110;
INSERT INTO avaliacao_feedback_selecionado (id_avaliacao,id_feedback_tag) SELECT id_avaliacao,23 FROM avaliacoes_compradores WHERE id_venda=110;
INSERT INTO vendas (id_venda,id_cooperativa,id_comprador,data_venda,valor_total) VALUES (111,48,22,'2024-11-30 02:43:39',0);
INSERT INTO vendas_itens (id_venda,id_material_base,id_material_catalogo,quantidade_kg,preco_por_kg) VALUES (111,1,3,235.21,2.05);
INSERT INTO vendas_itens (id_venda,id_material_base,id_material_catalogo,quantidade_kg,preco_por_kg) VALUES (111,2,5,515.78,1.65);
INSERT INTO vendas (id_venda,id_cooperativa,id_comprador,data_venda,valor_total) VALUES (112,14,58,'2025-05-31 02:43:39',0);
INSERT INTO vendas_itens (id_venda,id_material_base,id_material_catalogo,quantidade_kg,preco_por_kg) VALUES (112,2,4,379.26,1.76);
INSERT INTO vendas_itens (id_venda,id_material_base,id_material_catalogo,quantidade_kg,preco_por_kg) VALUES (112,1,3,532.91,1.54);
INSERT INTO vendas_itens (id_venda,id_material_base,id_material_catalogo,quantidade_kg,preco_por_kg) VALUES (112,2,4,113.64,0.72);
INSERT INTO vendas (id_venda,id_cooperativa,id_comprador,data_venda,valor_total) VALUES (113,18,21,'2025-10-31 02:43:39',0);
INSERT INTO vendas_itens (id_venda,id_material_base,id_material_catalogo,quantidade_kg,preco_por_kg) VALUES (113,3,9,524.97,2.72);
INSERT INTO vendas_itens (id_venda,id_material_base,id_material_catalogo,quantidade_kg,preco_por_kg) VALUES (113,2,5,180.81,1.02);
INSERT INTO vendas_itens (id_venda,id_material_base,id_material_catalogo,quantidade_kg,preco_por_kg) VALUES (113,2,5,214.02,1.49);
INSERT INTO vendas (id_venda,id_cooperativa,id_comprador,data_venda,valor_total) VALUES (114,12,70,'2025-07-08 02:43:39',0);
INSERT INTO vendas_itens (id_venda,id_material_base,id_material_catalogo,quantidade_kg,preco_por_kg) VALUES (114,2,5,156.56,1.11);
INSERT INTO vendas_itens (id_venda,id_material_base,id_material_catalogo,quantidade_kg,preco_por_kg) VALUES (114,3,9,374.19,5.80);
INSERT INTO avaliacoes_compradores (id_venda,pontualidade_pagamento,logistica_entrega,qualidade_negociacao,comentario_livre) VALUES (114,1,2,1,'');
INSERT INTO avaliacao_feedback_selecionado (id_avaliacao,id_feedback_tag) SELECT id_avaliacao,22 FROM avaliacoes_compradores WHERE id_venda=114;
INSERT INTO avaliacao_feedback_selecionado (id_avaliacao,id_feedback_tag) SELECT id_avaliacao,18 FROM avaliacoes_compradores WHERE id_venda=114;
INSERT INTO vendas (id_venda,id_cooperativa,id_comprador,data_venda,valor_total) VALUES (115,20,3,'2025-10-06 02:43:39',0);
INSERT INTO vendas_itens (id_venda,id_material_base,id_material_catalogo,quantidade_kg,preco_por_kg) VALUES (115,1,3,340.41,1.63);
INSERT INTO avaliacoes_compradores (id_venda,pontualidade_pagamento,logistica_entrega,qualidade_negociacao,comentario_livre) VALUES (115,5,3,1,'');
INSERT INTO vendas (id_venda,id_cooperativa,id_comprador,data_venda,valor_total) VALUES (116,30,22,'2025-05-25 02:43:39',0);
INSERT INTO vendas_itens (id_venda,id_material_base,id_material_catalogo,quantidade_kg,preco_por_kg) VALUES (116,3,9,447.70,6.22);
INSERT INTO vendas_itens (id_venda,id_material_base,id_material_catalogo,quantidade_kg,preco_por_kg) VALUES (116,1,1,488.92,1.53);
INSERT INTO vendas_itens (id_venda,id_material_base,id_material_catalogo,quantidade_kg,preco_por_kg) VALUES (116,2,5,412.93,1.16);
INSERT INTO avaliacoes_compradores (id_venda,pontualidade_pagamento,logistica_entrega,qualidade_negociacao,comentario_livre) VALUES (116,3,2,1,'');
INSERT INTO avaliacao_feedback_selecionado (id_avaliacao,id_feedback_tag) SELECT id_avaliacao,15 FROM avaliacoes_compradores WHERE id_venda=116;
INSERT INTO avaliacao_feedback_selecionado (id_avaliacao,id_feedback_tag) SELECT id_avaliacao,19 FROM avaliacoes_compradores WHERE id_venda=116;
INSERT INTO avaliacao_feedback_selecionado (id_avaliacao,id_feedback_tag) SELECT id_avaliacao,14 FROM avaliacoes_compradores WHERE id_venda=116;
INSERT INTO vendas (id_venda,id_cooperativa,id_comprador,data_venda,valor_total) VALUES (117,29,1,'2025-03-22 02:43:39',0);
INSERT INTO vendas_itens (id_venda,id_material_base,id_material_catalogo,quantidade_kg,preco_por_kg) VALUES (117,3,8,558.16,2.98);
INSERT INTO vendas (id_venda,id_cooperativa,id_comprador,data_venda,valor_total) VALUES (118,33,36,'2025-09-02 02:43:39',0);
INSERT INTO vendas_itens (id_venda,id_material_base,id_material_catalogo,quantidade_kg,preco_por_kg) VALUES (118,3,7,157.89,3.12);
INSERT INTO vendas_itens (id_venda,id_material_base,id_material_catalogo,quantidade_kg,preco_por_kg) VALUES (118,3,7,540.48,3.01);
INSERT INTO vendas_itens (id_venda,id_material_base,id_material_catalogo,quantidade_kg,preco_por_kg) VALUES (118,1,2,325.30,3.26);
INSERT INTO avaliacoes_compradores (id_venda,pontualidade_pagamento,logistica_entrega,qualidade_negociacao,comentario_livre) VALUES (118,4,1,1,'');
INSERT INTO avaliacao_feedback_selecionado (id_avaliacao,id_feedback_tag) SELECT id_avaliacao,18 FROM avaliacoes_compradores WHERE id_venda=118;
INSERT INTO avaliacao_feedback_selecionado (id_avaliacao,id_feedback_tag) SELECT id_avaliacao,15 FROM avaliacoes_compradores WHERE id_venda=118;
INSERT INTO avaliacao_feedback_selecionado (id_avaliacao,id_feedback_tag) SELECT id_avaliacao,12 FROM avaliacoes_compradores WHERE id_venda=118;
INSERT INTO vendas (id_venda,id_cooperativa,id_comprador,data_venda,valor_total) VALUES (119,20,99,'2025-08-05 02:43:39',0);
INSERT INTO vendas_itens (id_venda,id_material_base,id_material_catalogo,quantidade_kg,preco_por_kg) VALUES (119,2,4,112.53,1.72);
INSERT INTO vendas_itens (id_venda,id_material_base,id_material_catalogo,quantidade_kg,preco_por_kg) VALUES (119,2,5,32.53,1.71);
INSERT INTO avaliacoes_compradores (id_venda,pontualidade_pagamento,logistica_entrega,qualidade_negociacao,comentario_livre) VALUES (119,5,4,1,'');
INSERT INTO vendas (id_venda,id_cooperativa,id_comprador,data_venda,valor_total) VALUES (120,35,89,'2025-01-12 02:43:39',0);
INSERT INTO vendas_itens (id_venda,id_material_base,id_material_catalogo,quantidade_kg,preco_por_kg) VALUES (120,3,8,239.20,7.37);
INSERT INTO vendas_itens (id_venda,id_material_base,id_material_catalogo,quantidade_kg,preco_por_kg) VALUES (120,2,4,564.97,1.70);
INSERT INTO vendas_itens (id_venda,id_material_base,id_material_catalogo,quantidade_kg,preco_por_kg) VALUES (120,2,4,397.76,0.86);
INSERT INTO avaliacoes_compradores (id_venda,pontualidade_pagamento,logistica_entrega,qualidade_negociacao,comentario_livre) VALUES (120,1,5,5,'');
INSERT INTO vendas (id_venda,id_cooperativa,id_comprador,data_venda,valor_total) VALUES (121,31,52,'2025-01-19 02:43:39',0);
INSERT INTO vendas_itens (id_venda,id_material_base,id_material_catalogo,quantidade_kg,preco_por_kg) VALUES (121,1,3,422.22,3.68);
INSERT INTO vendas_itens (id_venda,id_material_base,id_material_catalogo,quantidade_kg,preco_por_kg) VALUES (121,2,5,126.39,0.75);
INSERT INTO avaliacoes_compradores (id_venda,pontualidade_pagamento,logistica_entrega,qualidade_negociacao,comentario_livre) VALUES (121,3,4,1,'');
INSERT INTO vendas (id_venda,id_cooperativa,id_comprador,data_venda,valor_total) VALUES (122,12,26,'2024-12-19 02:43:39',0);
INSERT INTO vendas_itens (id_venda,id_material_base,id_material_catalogo,quantidade_kg,preco_por_kg) VALUES (122,2,5,200.36,0.97);
INSERT INTO vendas_itens (id_venda,id_material_base,id_material_catalogo,quantidade_kg,preco_por_kg) VALUES (122,3,7,248.47,4.86);
INSERT INTO avaliacoes_compradores (id_venda,pontualidade_pagamento,logistica_entrega,qualidade_negociacao,comentario_livre) VALUES (122,2,3,5,'');
INSERT INTO vendas (id_venda,id_cooperativa,id_comprador,data_venda,valor_total) VALUES (123,2,16,'2025-07-27 02:43:39',0);
INSERT INTO vendas_itens (id_venda,id_material_base,id_material_catalogo,quantidade_kg,preco_por_kg) VALUES (123,3,9,328.50,5.38);
INSERT INTO vendas_itens (id_venda,id_material_base,id_material_catalogo,quantidade_kg,preco_por_kg) VALUES (123,3,8,357.66,6.21);
INSERT INTO avaliacoes_compradores (id_venda,pontualidade_pagamento,logistica_entrega,qualidade_negociacao,comentario_livre) VALUES (123,4,4,3,'');
INSERT INTO vendas (id_venda,id_cooperativa,id_comprador,data_venda,valor_total) VALUES (124,44,80,'2025-05-27 02:43:39',0);
INSERT INTO vendas_itens (id_venda,id_material_base,id_material_catalogo,quantidade_kg,preco_por_kg) VALUES (124,2,6,395.80,1.58);
INSERT INTO vendas_itens (id_venda,id_material_base,id_material_catalogo,quantidade_kg,preco_por_kg) VALUES (124,1,3,98.08,1.57);
INSERT INTO vendas_itens (id_venda,id_material_base,id_material_catalogo,quantidade_kg,preco_por_kg) VALUES (124,3,8,224.82,6.04);
INSERT INTO avaliacoes_compradores (id_venda,pontualidade_pagamento,logistica_entrega,qualidade_negociacao,comentario_livre) VALUES (124,1,2,4,'');
INSERT INTO vendas (id_venda,id_cooperativa,id_comprador,data_venda,valor_total) VALUES (125,49,44,'2025-04-19 02:43:39',0);
INSERT INTO vendas_itens (id_venda,id_material_base,id_material_catalogo,quantidade_kg,preco_por_kg) VALUES (125,3,7,553.15,2.98);
INSERT INTO vendas_itens (id_venda,id_material_base,id_material_catalogo,quantidade_kg,preco_por_kg) VALUES (125,1,2,205.00,3.16);
INSERT INTO avaliacoes_compradores (id_venda,pontualidade_pagamento,logistica_entrega,qualidade_negociacao,comentario_livre) VALUES (125,2,3,4,'');
INSERT INTO vendas (id_venda,id_cooperativa,id_comprador,data_venda,valor_total) VALUES (126,2,44,'2025-04-10 02:43:39',0);
INSERT INTO vendas_itens (id_venda,id_material_base,id_material_catalogo,quantidade_kg,preco_por_kg) VALUES (126,2,6,554.29,0.52);
INSERT INTO vendas (id_venda,id_cooperativa,id_comprador,data_venda,valor_total) VALUES (127,6,86,'2025-01-22 02:43:39',0);
INSERT INTO vendas_itens (id_venda,id_material_base,id_material_catalogo,quantidade_kg,preco_por_kg) VALUES (127,2,4,494.95,0.56);
INSERT INTO vendas (id_venda,id_cooperativa,id_comprador,data_venda,valor_total) VALUES (128,14,16,'2025-10-15 02:43:39',0);
INSERT INTO vendas_itens (id_venda,id_material_base,id_material_catalogo,quantidade_kg,preco_por_kg) VALUES (128,1,1,166.14,1.24);
INSERT INTO vendas_itens (id_venda,id_material_base,id_material_catalogo,quantidade_kg,preco_por_kg) VALUES (128,1,2,238.64,3.39);
INSERT INTO avaliacoes_compradores (id_venda,pontualidade_pagamento,logistica_entrega,qualidade_negociacao,comentario_livre) VALUES (128,3,4,4,'');
INSERT INTO vendas (id_venda,id_cooperativa,id_comprador,data_venda,valor_total) VALUES (129,19,17,'2024-12-15 02:43:39',0);
INSERT INTO vendas_itens (id_venda,id_material_base,id_material_catalogo,quantidade_kg,preco_por_kg) VALUES (129,2,6,419.50,1.50);
INSERT INTO vendas_itens (id_venda,id_material_base,id_material_catalogo,quantidade_kg,preco_por_kg) VALUES (129,3,7,584.63,3.85);
INSERT INTO vendas_itens (id_venda,id_material_base,id_material_catalogo,quantidade_kg,preco_por_kg) VALUES (129,1,2,218.37,2.31);
INSERT INTO avaliacoes_compradores (id_venda,pontualidade_pagamento,logistica_entrega,qualidade_negociacao,comentario_livre) VALUES (129,1,2,4,'');
INSERT INTO vendas (id_venda,id_cooperativa,id_comprador,data_venda,valor_total) VALUES (130,33,37,'2025-06-01 02:43:39',0);
INSERT INTO vendas_itens (id_venda,id_material_base,id_material_catalogo,quantidade_kg,preco_por_kg) VALUES (130,3,7,76.31,4.06);
INSERT INTO vendas_itens (id_venda,id_material_base,id_material_catalogo,quantidade_kg,preco_por_kg) VALUES (130,2,4,62.78,0.59);
INSERT INTO avaliacoes_compradores (id_venda,pontualidade_pagamento,logistica_entrega,qualidade_negociacao,comentario_livre) VALUES (130,4,1,1,'');
INSERT INTO avaliacao_feedback_selecionado (id_avaliacao,id_feedback_tag) SELECT id_avaliacao,21 FROM avaliacoes_compradores WHERE id_venda=130;
INSERT INTO vendas (id_venda,id_cooperativa,id_comprador,data_venda,valor_total) VALUES (131,48,71,'2025-08-07 02:43:39',0);
INSERT INTO vendas_itens (id_venda,id_material_base,id_material_catalogo,quantidade_kg,preco_por_kg) VALUES (131,1,2,570.14,1.80);
INSERT INTO vendas_itens (id_venda,id_material_base,id_material_catalogo,quantidade_kg,preco_por_kg) VALUES (131,1,2,492.99,3.10);
INSERT INTO vendas_itens (id_venda,id_material_base,id_material_catalogo,quantidade_kg,preco_por_kg) VALUES (131,2,4,86.50,1.01);
INSERT INTO avaliacoes_compradores (id_venda,pontualidade_pagamento,logistica_entrega,qualidade_negociacao,comentario_livre) VALUES (131,1,2,4,'');
INSERT INTO vendas (id_venda,id_cooperativa,id_comprador,data_venda,valor_total) VALUES (132,1,5,'2025-01-05 02:43:39',0);
INSERT INTO vendas_itens (id_venda,id_material_base,id_material_catalogo,quantidade_kg,preco_por_kg) VALUES (132,2,5,274.48,1.08);
INSERT INTO vendas_itens (id_venda,id_material_base,id_material_catalogo,quantidade_kg,preco_por_kg) VALUES (132,1,2,279.53,3.44);
INSERT INTO vendas_itens (id_venda,id_material_base,id_material_catalogo,quantidade_kg,preco_por_kg) VALUES (132,3,9,438.95,5.40);
INSERT INTO vendas (id_venda,id_cooperativa,id_comprador,data_venda,valor_total) VALUES (133,33,52,'2025-03-02 02:43:39',0);
INSERT INTO vendas_itens (id_venda,id_material_base,id_material_catalogo,quantidade_kg,preco_por_kg) VALUES (133,2,4,222.23,0.80);
INSERT INTO avaliacoes_compradores (id_venda,pontualidade_pagamento,logistica_entrega,qualidade_negociacao,comentario_livre) VALUES (133,3,1,3,'');
INSERT INTO vendas (id_venda,id_cooperativa,id_comprador,data_venda,valor_total) VALUES (134,34,55,'2025-08-20 02:43:39',0);
INSERT INTO vendas_itens (id_venda,id_material_base,id_material_catalogo,quantidade_kg,preco_por_kg) VALUES (134,3,8,156.14,2.98);
INSERT INTO vendas_itens (id_venda,id_material_base,id_material_catalogo,quantidade_kg,preco_por_kg) VALUES (134,2,5,230.71,0.91);
INSERT INTO avaliacoes_compradores (id_venda,pontualidade_pagamento,logistica_entrega,qualidade_negociacao,comentario_livre) VALUES (134,4,3,2,'');
INSERT INTO vendas (id_venda,id_cooperativa,id_comprador,data_venda,valor_total) VALUES (135,10,55,'2025-03-22 02:43:39',0);
INSERT INTO vendas_itens (id_venda,id_material_base,id_material_catalogo,quantidade_kg,preco_por_kg) VALUES (135,3,9,231.65,5.34);
INSERT INTO vendas_itens (id_venda,id_material_base,id_material_catalogo,quantidade_kg,preco_por_kg) VALUES (135,3,8,439.24,5.65);
INSERT INTO vendas (id_venda,id_cooperativa,id_comprador,data_venda,valor_total) VALUES (136,43,93,'2024-11-24 02:43:39',0);
INSERT INTO vendas_itens (id_venda,id_material_base,id_material_catalogo,quantidade_kg,preco_por_kg) VALUES (136,3,9,376.90,2.99);
INSERT INTO vendas (id_venda,id_cooperativa,id_comprador,data_venda,valor_total) VALUES (137,24,99,'2025-04-23 02:43:39',0);
INSERT INTO vendas_itens (id_venda,id_material_base,id_material_catalogo,quantidade_kg,preco_por_kg) VALUES (137,3,9,305.43,3.75);
INSERT INTO vendas_itens (id_venda,id_material_base,id_material_catalogo,quantidade_kg,preco_por_kg) VALUES (137,1,2,462.81,3.33);
INSERT INTO vendas_itens (id_venda,id_material_base,id_material_catalogo,quantidade_kg,preco_por_kg) VALUES (137,3,9,248.04,4.46);
INSERT INTO avaliacoes_compradores (id_venda,pontualidade_pagamento,logistica_entrega,qualidade_negociacao,comentario_livre) VALUES (137,3,3,3,'');
INSERT INTO vendas (id_venda,id_cooperativa,id_comprador,data_venda,valor_total) VALUES (138,15,88,'2025-04-25 02:43:39',0);
INSERT INTO vendas_itens (id_venda,id_material_base,id_material_catalogo,quantidade_kg,preco_por_kg) VALUES (138,3,7,270.11,7.96);
INSERT INTO vendas_itens (id_venda,id_material_base,id_material_catalogo,quantidade_kg,preco_por_kg) VALUES (138,3,7,177.89,3.03);
INSERT INTO vendas_itens (id_venda,id_material_base,id_material_catalogo,quantidade_kg,preco_por_kg) VALUES (138,1,1,537.03,3.09);
INSERT INTO avaliacoes_compradores (id_venda,pontualidade_pagamento,logistica_entrega,qualidade_negociacao,comentario_livre) VALUES (138,1,4,5,'');
INSERT INTO vendas (id_venda,id_cooperativa,id_comprador,data_venda,valor_total) VALUES (139,26,39,'2025-03-25 02:43:39',0);
INSERT INTO vendas_itens (id_venda,id_material_base,id_material_catalogo,quantidade_kg,preco_por_kg) VALUES (139,2,5,154.38,1.01);
INSERT INTO vendas_itens (id_venda,id_material_base,id_material_catalogo,quantidade_kg,preco_por_kg) VALUES (139,3,9,479.41,4.33);
INSERT INTO vendas (id_venda,id_cooperativa,id_comprador,data_venda,valor_total) VALUES (140,42,65,'2025-05-22 02:43:39',0);
INSERT INTO vendas_itens (id_venda,id_material_base,id_material_catalogo,quantidade_kg,preco_por_kg) VALUES (140,1,1,187.78,3.04);
INSERT INTO vendas_itens (id_venda,id_material_base,id_material_catalogo,quantidade_kg,preco_por_kg) VALUES (140,2,6,319.66,1.09);
INSERT INTO vendas_itens (id_venda,id_material_base,id_material_catalogo,quantidade_kg,preco_por_kg) VALUES (140,3,9,411.97,3.49);
INSERT INTO vendas (id_venda,id_cooperativa,id_comprador,data_venda,valor_total) VALUES (141,38,71,'2025-08-27 02:43:39',0);
INSERT INTO vendas_itens (id_venda,id_material_base,id_material_catalogo,quantidade_kg,preco_por_kg) VALUES (141,2,4,401.40,0.99);
INSERT INTO vendas_itens (id_venda,id_material_base,id_material_catalogo,quantidade_kg,preco_por_kg) VALUES (141,3,7,432.12,3.06);
INSERT INTO vendas_itens (id_venda,id_material_base,id_material_catalogo,quantidade_kg,preco_por_kg) VALUES (141,2,4,363.91,1.56);
INSERT INTO avaliacoes_compradores (id_venda,pontualidade_pagamento,logistica_entrega,qualidade_negociacao,comentario_livre) VALUES (141,3,5,3,'');
INSERT INTO vendas (id_venda,id_cooperativa,id_comprador,data_venda,valor_total) VALUES (142,3,86,'2025-11-04 02:43:39',0);
INSERT INTO vendas_itens (id_venda,id_material_base,id_material_catalogo,quantidade_kg,preco_por_kg) VALUES (142,3,8,89.72,5.69);
INSERT INTO avaliacoes_compradores (id_venda,pontualidade_pagamento,logistica_entrega,qualidade_negociacao,comentario_livre) VALUES (142,3,3,3,'');
INSERT INTO vendas (id_venda,id_cooperativa,id_comprador,data_venda,valor_total) VALUES (143,49,41,'2024-11-20 02:43:39',0);
INSERT INTO vendas_itens (id_venda,id_material_base,id_material_catalogo,quantidade_kg,preco_por_kg) VALUES (143,1,1,586.96,2.80);
INSERT INTO vendas_itens (id_venda,id_material_base,id_material_catalogo,quantidade_kg,preco_por_kg) VALUES (143,3,9,88.53,4.11);
INSERT INTO avaliacoes_compradores (id_venda,pontualidade_pagamento,logistica_entrega,qualidade_negociacao,comentario_livre) VALUES (143,1,1,5,'');
INSERT INTO vendas (id_venda,id_cooperativa,id_comprador,data_venda,valor_total) VALUES (144,25,57,'2025-04-05 02:43:39',0);
INSERT INTO vendas_itens (id_venda,id_material_base,id_material_catalogo,quantidade_kg,preco_por_kg) VALUES (144,3,8,373.98,3.63);
INSERT INTO vendas (id_venda,id_cooperativa,id_comprador,data_venda,valor_total) VALUES (145,18,60,'2025-06-19 02:43:39',0);
INSERT INTO vendas_itens (id_venda,id_material_base,id_material_catalogo,quantidade_kg,preco_por_kg) VALUES (145,2,4,416.53,1.34);
INSERT INTO vendas_itens (id_venda,id_material_base,id_material_catalogo,quantidade_kg,preco_por_kg) VALUES (145,2,5,245.24,0.85);
INSERT INTO vendas_itens (id_venda,id_material_base,id_material_catalogo,quantidade_kg,preco_por_kg) VALUES (145,1,1,305.94,3.84);
INSERT INTO vendas (id_venda,id_cooperativa,id_comprador,data_venda,valor_total) VALUES (146,7,14,'2025-01-31 02:43:39',0);
INSERT INTO vendas_itens (id_venda,id_material_base,id_material_catalogo,quantidade_kg,preco_por_kg) VALUES (146,3,7,58.68,2.99);
INSERT INTO vendas_itens (id_venda,id_material_base,id_material_catalogo,quantidade_kg,preco_por_kg) VALUES (146,3,7,212.02,6.23);
INSERT INTO avaliacoes_compradores (id_venda,pontualidade_pagamento,logistica_entrega,qualidade_negociacao,comentario_livre) VALUES (146,2,5,4,'');
INSERT INTO vendas (id_venda,id_cooperativa,id_comprador,data_venda,valor_total) VALUES (147,48,42,'2025-03-13 02:43:39',0);
INSERT INTO vendas_itens (id_venda,id_material_base,id_material_catalogo,quantidade_kg,preco_por_kg) VALUES (147,1,3,406.15,1.59);
INSERT INTO vendas_itens (id_venda,id_material_base,id_material_catalogo,quantidade_kg,preco_por_kg) VALUES (147,1,1,97.52,3.40);
INSERT INTO avaliacoes_compradores (id_venda,pontualidade_pagamento,logistica_entrega,qualidade_negociacao,comentario_livre) VALUES (147,5,2,5,'');
INSERT INTO avaliacao_feedback_selecionado (id_avaliacao,id_feedback_tag) SELECT id_avaliacao,4 FROM avaliacoes_compradores WHERE id_venda=147;
INSERT INTO avaliacao_feedback_selecionado (id_avaliacao,id_feedback_tag) SELECT id_avaliacao,11 FROM avaliacoes_compradores WHERE id_venda=147;
INSERT INTO avaliacao_feedback_selecionado (id_avaliacao,id_feedback_tag) SELECT id_avaliacao,5 FROM avaliacoes_compradores WHERE id_venda=147;
INSERT INTO vendas (id_venda,id_cooperativa,id_comprador,data_venda,valor_total) VALUES (148,1,83,'2024-11-23 02:43:39',0);
INSERT INTO vendas_itens (id_venda,id_material_base,id_material_catalogo,quantidade_kg,preco_por_kg) VALUES (148,1,3,446.25,1.44);
INSERT INTO avaliacoes_compradores (id_venda,pontualidade_pagamento,logistica_entrega,qualidade_negociacao,comentario_livre) VALUES (148,2,5,1,'');
INSERT INTO vendas (id_venda,id_cooperativa,id_comprador,data_venda,valor_total) VALUES (149,10,27,'2025-10-14 02:43:39',0);
INSERT INTO vendas_itens (id_venda,id_material_base,id_material_catalogo,quantidade_kg,preco_por_kg) VALUES (149,2,5,523.38,1.22);
INSERT INTO avaliacoes_compradores (id_venda,pontualidade_pagamento,logistica_entrega,qualidade_negociacao,comentario_livre) VALUES (149,4,1,4,'');
INSERT INTO vendas (id_venda,id_cooperativa,id_comprador,data_venda,valor_total) VALUES (150,39,15,'2025-03-27 02:43:39',0);
INSERT INTO vendas_itens (id_venda,id_material_base,id_material_catalogo,quantidade_kg,preco_por_kg) VALUES (150,2,6,441.89,1.31);
INSERT INTO vendas (id_venda,id_cooperativa,id_comprador,data_venda,valor_total) VALUES (151,40,45,'2025-01-30 02:43:39',0);
INSERT INTO vendas_itens (id_venda,id_material_base,id_material_catalogo,quantidade_kg,preco_por_kg) VALUES (151,3,9,39.62,6.31);
INSERT INTO vendas_itens (id_venda,id_material_base,id_material_catalogo,quantidade_kg,preco_por_kg) VALUES (151,2,5,406.23,1.68);
INSERT INTO vendas_itens (id_venda,id_material_base,id_material_catalogo,quantidade_kg,preco_por_kg) VALUES (151,3,9,49.13,7.46);
INSERT INTO vendas (id_venda,id_cooperativa,id_comprador,data_venda,valor_total) VALUES (152,34,52,'2025-04-22 02:43:39',0);
INSERT INTO vendas_itens (id_venda,id_material_base,id_material_catalogo,quantidade_kg,preco_por_kg) VALUES (152,2,4,220.12,1.76);
INSERT INTO vendas_itens (id_venda,id_material_base,id_material_catalogo,quantidade_kg,preco_por_kg) VALUES (152,2,6,362.89,1.06);
INSERT INTO vendas (id_venda,id_cooperativa,id_comprador,data_venda,valor_total) VALUES (153,21,73,'2025-07-17 02:43:39',0);
INSERT INTO vendas_itens (id_venda,id_material_base,id_material_catalogo,quantidade_kg,preco_por_kg) VALUES (153,3,7,534.20,2.57);
INSERT INTO vendas_itens (id_venda,id_material_base,id_material_catalogo,quantidade_kg,preco_por_kg) VALUES (153,3,8,242.23,2.84);
INSERT INTO vendas (id_venda,id_cooperativa,id_comprador,data_venda,valor_total) VALUES (154,48,36,'2024-11-28 02:43:39',0);
INSERT INTO vendas_itens (id_venda,id_material_base,id_material_catalogo,quantidade_kg,preco_por_kg) VALUES (154,2,6,171.51,1.51);
INSERT INTO vendas_itens (id_venda,id_material_base,id_material_catalogo,quantidade_kg,preco_por_kg) VALUES (154,1,2,392.75,2.81);
INSERT INTO vendas_itens (id_venda,id_material_base,id_material_catalogo,quantidade_kg,preco_por_kg) VALUES (154,1,3,469.88,2.20);
INSERT INTO vendas (id_venda,id_cooperativa,id_comprador,data_venda,valor_total) VALUES (155,33,92,'2025-08-04 02:43:39',0);
INSERT INTO vendas_itens (id_venda,id_material_base,id_material_catalogo,quantidade_kg,preco_por_kg) VALUES (155,2,6,350.11,1.80);
INSERT INTO vendas_itens (id_venda,id_material_base,id_material_catalogo,quantidade_kg,preco_por_kg) VALUES (155,1,3,74.79,2.07);
INSERT INTO vendas_itens (id_venda,id_material_base,id_material_catalogo,quantidade_kg,preco_por_kg) VALUES (155,2,6,98.89,0.96);
INSERT INTO vendas (id_venda,id_cooperativa,id_comprador,data_venda,valor_total) VALUES (156,38,51,'2025-01-02 02:43:39',0);
INSERT INTO vendas_itens (id_venda,id_material_base,id_material_catalogo,quantidade_kg,preco_por_kg) VALUES (156,3,8,439.22,7.02);
INSERT INTO vendas_itens (id_venda,id_material_base,id_material_catalogo,quantidade_kg,preco_por_kg) VALUES (156,3,9,204.67,7.72);
INSERT INTO vendas_itens (id_venda,id_material_base,id_material_catalogo,quantidade_kg,preco_por_kg) VALUES (156,3,7,362.79,7.83);
INSERT INTO avaliacoes_compradores (id_venda,pontualidade_pagamento,logistica_entrega,qualidade_negociacao,comentario_livre) VALUES (156,3,5,1,'');
INSERT INTO vendas (id_venda,id_cooperativa,id_comprador,data_venda,valor_total) VALUES (157,13,37,'2025-07-29 02:43:39',0);
INSERT INTO vendas_itens (id_venda,id_material_base,id_material_catalogo,quantidade_kg,preco_por_kg) VALUES (157,3,8,259.85,6.96);
INSERT INTO vendas_itens (id_venda,id_material_base,id_material_catalogo,quantidade_kg,preco_por_kg) VALUES (157,2,5,175.44,1.77);
INSERT INTO vendas_itens (id_venda,id_material_base,id_material_catalogo,quantidade_kg,preco_por_kg) VALUES (157,1,1,85.73,3.67);
INSERT INTO avaliacoes_compradores (id_venda,pontualidade_pagamento,logistica_entrega,qualidade_negociacao,comentario_livre) VALUES (157,1,3,4,'');
INSERT INTO vendas (id_venda,id_cooperativa,id_comprador,data_venda,valor_total) VALUES (158,45,46,'2025-06-28 02:43:39',0);
INSERT INTO vendas_itens (id_venda,id_material_base,id_material_catalogo,quantidade_kg,preco_por_kg) VALUES (158,3,8,313.87,7.03);
INSERT INTO avaliacoes_compradores (id_venda,pontualidade_pagamento,logistica_entrega,qualidade_negociacao,comentario_livre) VALUES (158,5,5,5,'');
INSERT INTO avaliacao_feedback_selecionado (id_avaliacao,id_feedback_tag) SELECT id_avaliacao,6 FROM avaliacoes_compradores WHERE id_venda=158;
INSERT INTO vendas (id_venda,id_cooperativa,id_comprador,data_venda,valor_total) VALUES (159,29,98,'2025-10-27 02:43:39',0);
INSERT INTO vendas_itens (id_venda,id_material_base,id_material_catalogo,quantidade_kg,preco_por_kg) VALUES (159,1,3,338.89,1.89);
INSERT INTO vendas_itens (id_venda,id_material_base,id_material_catalogo,quantidade_kg,preco_por_kg) VALUES (159,1,1,518.02,2.88);
INSERT INTO vendas (id_venda,id_cooperativa,id_comprador,data_venda,valor_total) VALUES (160,5,45,'2024-12-17 02:43:39',0);
INSERT INTO vendas_itens (id_venda,id_material_base,id_material_catalogo,quantidade_kg,preco_por_kg) VALUES (160,2,4,101.35,0.99);
INSERT INTO avaliacoes_compradores (id_venda,pontualidade_pagamento,logistica_entrega,qualidade_negociacao,comentario_livre) VALUES (160,1,4,4,'');
INSERT INTO vendas (id_venda,id_cooperativa,id_comprador,data_venda,valor_total) VALUES (161,46,95,'2025-07-19 02:43:39',0);
INSERT INTO vendas_itens (id_venda,id_material_base,id_material_catalogo,quantidade_kg,preco_por_kg) VALUES (161,2,5,547.17,1.32);
INSERT INTO vendas_itens (id_venda,id_material_base,id_material_catalogo,quantidade_kg,preco_por_kg) VALUES (161,3,8,336.31,4.52);
INSERT INTO avaliacoes_compradores (id_venda,pontualidade_pagamento,logistica_entrega,qualidade_negociacao,comentario_livre) VALUES (161,3,4,5,'');
INSERT INTO avaliacao_feedback_selecionado (id_avaliacao,id_feedback_tag) SELECT id_avaliacao,3 FROM avaliacoes_compradores WHERE id_venda=161;
INSERT INTO avaliacao_feedback_selecionado (id_avaliacao,id_feedback_tag) SELECT id_avaliacao,1 FROM avaliacoes_compradores WHERE id_venda=161;
INSERT INTO vendas (id_venda,id_cooperativa,id_comprador,data_venda,valor_total) VALUES (162,34,62,'2025-06-29 02:43:39',0);
INSERT INTO vendas_itens (id_venda,id_material_base,id_material_catalogo,quantidade_kg,preco_por_kg) VALUES (162,1,2,36.46,3.54);
INSERT INTO vendas_itens (id_venda,id_material_base,id_material_catalogo,quantidade_kg,preco_por_kg) VALUES (162,2,6,547.37,0.58);
INSERT INTO vendas (id_venda,id_cooperativa,id_comprador,data_venda,valor_total) VALUES (163,12,40,'2025-04-08 02:43:39',0);
INSERT INTO vendas_itens (id_venda,id_material_base,id_material_catalogo,quantidade_kg,preco_por_kg) VALUES (163,2,6,260.88,0.71);
INSERT INTO vendas_itens (id_venda,id_material_base,id_material_catalogo,quantidade_kg,preco_por_kg) VALUES (163,2,5,154.73,1.67);
INSERT INTO avaliacoes_compradores (id_venda,pontualidade_pagamento,logistica_entrega,qualidade_negociacao,comentario_livre) VALUES (163,1,3,5,'');
INSERT INTO vendas (id_venda,id_cooperativa,id_comprador,data_venda,valor_total) VALUES (164,35,100,'2025-07-19 02:43:39',0);
INSERT INTO vendas_itens (id_venda,id_material_base,id_material_catalogo,quantidade_kg,preco_por_kg) VALUES (164,1,2,201.26,2.63);
INSERT INTO vendas_itens (id_venda,id_material_base,id_material_catalogo,quantidade_kg,preco_por_kg) VALUES (164,2,4,190.42,1.77);
INSERT INTO vendas_itens (id_venda,id_material_base,id_material_catalogo,quantidade_kg,preco_por_kg) VALUES (164,1,1,451.30,3.38);
INSERT INTO avaliacoes_compradores (id_venda,pontualidade_pagamento,logistica_entrega,qualidade_negociacao,comentario_livre) VALUES (164,2,2,4,'');
INSERT INTO vendas (id_venda,id_cooperativa,id_comprador,data_venda,valor_total) VALUES (165,47,27,'2025-02-07 02:43:39',0);
INSERT INTO vendas_itens (id_venda,id_material_base,id_material_catalogo,quantidade_kg,preco_por_kg) VALUES (165,1,2,596.27,2.66);
INSERT INTO vendas_itens (id_venda,id_material_base,id_material_catalogo,quantidade_kg,preco_por_kg) VALUES (165,1,2,341.45,2.51);
INSERT INTO vendas (id_venda,id_cooperativa,id_comprador,data_venda,valor_total) VALUES (166,49,47,'2025-08-06 02:43:39',0);
INSERT INTO vendas_itens (id_venda,id_material_base,id_material_catalogo,quantidade_kg,preco_por_kg) VALUES (166,2,6,368.20,1.06);
INSERT INTO vendas_itens (id_venda,id_material_base,id_material_catalogo,quantidade_kg,preco_por_kg) VALUES (166,2,5,384.64,0.80);
INSERT INTO vendas_itens (id_venda,id_material_base,id_material_catalogo,quantidade_kg,preco_por_kg) VALUES (166,2,4,573.61,0.57);
INSERT INTO avaliacoes_compradores (id_venda,pontualidade_pagamento,logistica_entrega,qualidade_negociacao,comentario_livre) VALUES (166,1,3,4,'');
INSERT INTO vendas (id_venda,id_cooperativa,id_comprador,data_venda,valor_total) VALUES (167,30,40,'2025-10-06 02:43:39',0);
INSERT INTO vendas_itens (id_venda,id_material_base,id_material_catalogo,quantidade_kg,preco_por_kg) VALUES (167,1,1,280.78,1.28);
INSERT INTO vendas_itens (id_venda,id_material_base,id_material_catalogo,quantidade_kg,preco_por_kg) VALUES (167,3,7,230.57,5.85);
INSERT INTO vendas_itens (id_venda,id_material_base,id_material_catalogo,quantidade_kg,preco_por_kg) VALUES (167,1,3,450.26,3.90);
INSERT INTO avaliacoes_compradores (id_venda,pontualidade_pagamento,logistica_entrega,qualidade_negociacao,comentario_livre) VALUES (167,5,4,2,'');
INSERT INTO vendas (id_venda,id_cooperativa,id_comprador,data_venda,valor_total) VALUES (168,36,58,'2024-11-17 02:43:39',0);
INSERT INTO vendas_itens (id_venda,id_material_base,id_material_catalogo,quantidade_kg,preco_por_kg) VALUES (168,2,4,504.96,1.10);
INSERT INTO vendas_itens (id_venda,id_material_base,id_material_catalogo,quantidade_kg,preco_por_kg) VALUES (168,1,1,219.58,2.28);
INSERT INTO vendas_itens (id_venda,id_material_base,id_material_catalogo,quantidade_kg,preco_por_kg) VALUES (168,1,2,422.22,2.53);
INSERT INTO avaliacoes_compradores (id_venda,pontualidade_pagamento,logistica_entrega,qualidade_negociacao,comentario_livre) VALUES (168,2,1,3,'');
INSERT INTO avaliacao_feedback_selecionado (id_avaliacao,id_feedback_tag) SELECT id_avaliacao,17 FROM avaliacoes_compradores WHERE id_venda=168;
INSERT INTO vendas (id_venda,id_cooperativa,id_comprador,data_venda,valor_total) VALUES (169,14,70,'2025-05-17 02:43:39',0);
INSERT INTO vendas_itens (id_venda,id_material_base,id_material_catalogo,quantidade_kg,preco_por_kg) VALUES (169,3,8,429.85,5.90);
INSERT INTO vendas_itens (id_venda,id_material_base,id_material_catalogo,quantidade_kg,preco_por_kg) VALUES (169,3,7,117.54,3.18);
INSERT INTO vendas (id_venda,id_cooperativa,id_comprador,data_venda,valor_total) VALUES (170,10,84,'2025-06-30 02:43:39',0);
INSERT INTO vendas_itens (id_venda,id_material_base,id_material_catalogo,quantidade_kg,preco_por_kg) VALUES (170,3,9,597.36,5.53);
INSERT INTO vendas_itens (id_venda,id_material_base,id_material_catalogo,quantidade_kg,preco_por_kg) VALUES (170,2,6,126.26,1.46);
INSERT INTO vendas_itens (id_venda,id_material_base,id_material_catalogo,quantidade_kg,preco_por_kg) VALUES (170,2,4,307.67,1.57);
INSERT INTO avaliacoes_compradores (id_venda,pontualidade_pagamento,logistica_entrega,qualidade_negociacao,comentario_livre) VALUES (170,3,2,4,'');
INSERT INTO vendas (id_venda,id_cooperativa,id_comprador,data_venda,valor_total) VALUES (171,13,1,'2025-11-11 02:43:39',0);
INSERT INTO vendas_itens (id_venda,id_material_base,id_material_catalogo,quantidade_kg,preco_por_kg) VALUES (171,1,2,148.87,3.06);
INSERT INTO vendas_itens (id_venda,id_material_base,id_material_catalogo,quantidade_kg,preco_por_kg) VALUES (171,3,9,301.29,3.00);
INSERT INTO vendas_itens (id_venda,id_material_base,id_material_catalogo,quantidade_kg,preco_por_kg) VALUES (171,3,8,47.50,7.09);
INSERT INTO vendas (id_venda,id_cooperativa,id_comprador,data_venda,valor_total) VALUES (172,47,17,'2025-06-14 02:43:39',0);
INSERT INTO vendas_itens (id_venda,id_material_base,id_material_catalogo,quantidade_kg,preco_por_kg) VALUES (172,1,3,365.22,3.40);
INSERT INTO vendas_itens (id_venda,id_material_base,id_material_catalogo,quantidade_kg,preco_por_kg) VALUES (172,2,4,461.33,1.54);
INSERT INTO avaliacoes_compradores (id_venda,pontualidade_pagamento,logistica_entrega,qualidade_negociacao,comentario_livre) VALUES (172,3,3,3,'');
INSERT INTO vendas (id_venda,id_cooperativa,id_comprador,data_venda,valor_total) VALUES (173,49,27,'2024-12-20 02:43:39',0);
INSERT INTO vendas_itens (id_venda,id_material_base,id_material_catalogo,quantidade_kg,preco_por_kg) VALUES (173,2,5,147.88,1.19);
INSERT INTO avaliacoes_compradores (id_venda,pontualidade_pagamento,logistica_entrega,qualidade_negociacao,comentario_livre) VALUES (173,3,1,1,'');
INSERT INTO avaliacao_feedback_selecionado (id_avaliacao,id_feedback_tag) SELECT id_avaliacao,15 FROM avaliacoes_compradores WHERE id_venda=173;
INSERT INTO avaliacao_feedback_selecionado (id_avaliacao,id_feedback_tag) SELECT id_avaliacao,12 FROM avaliacoes_compradores WHERE id_venda=173;
INSERT INTO vendas (id_venda,id_cooperativa,id_comprador,data_venda,valor_total) VALUES (174,34,33,'2025-10-27 02:43:39',0);
INSERT INTO vendas_itens (id_venda,id_material_base,id_material_catalogo,quantidade_kg,preco_por_kg) VALUES (174,2,6,43.76,1.36);
INSERT INTO vendas (id_venda,id_cooperativa,id_comprador,data_venda,valor_total) VALUES (175,18,2,'2024-11-28 02:43:39',0);
INSERT INTO vendas_itens (id_venda,id_material_base,id_material_catalogo,quantidade_kg,preco_por_kg) VALUES (175,2,6,117.71,1.40);
INSERT INTO vendas_itens (id_venda,id_material_base,id_material_catalogo,quantidade_kg,preco_por_kg) VALUES (175,1,1,446.64,2.55);
INSERT INTO avaliacoes_compradores (id_venda,pontualidade_pagamento,logistica_entrega,qualidade_negociacao,comentario_livre) VALUES (175,4,2,2,'');
INSERT INTO vendas (id_venda,id_cooperativa,id_comprador,data_venda,valor_total) VALUES (176,21,56,'2025-06-23 02:43:39',0);
INSERT INTO vendas_itens (id_venda,id_material_base,id_material_catalogo,quantidade_kg,preco_por_kg) VALUES (176,2,6,567.77,1.67);
INSERT INTO vendas_itens (id_venda,id_material_base,id_material_catalogo,quantidade_kg,preco_por_kg) VALUES (176,2,6,321.89,1.70);
INSERT INTO vendas_itens (id_venda,id_material_base,id_material_catalogo,quantidade_kg,preco_por_kg) VALUES (176,2,5,204.72,1.02);
INSERT INTO vendas (id_venda,id_cooperativa,id_comprador,data_venda,valor_total) VALUES (177,15,23,'2025-07-08 02:43:39',0);
INSERT INTO vendas_itens (id_venda,id_material_base,id_material_catalogo,quantidade_kg,preco_por_kg) VALUES (177,1,1,238.06,2.04);
INSERT INTO vendas_itens (id_venda,id_material_base,id_material_catalogo,quantidade_kg,preco_por_kg) VALUES (177,1,3,571.49,3.89);
INSERT INTO avaliacoes_compradores (id_venda,pontualidade_pagamento,logistica_entrega,qualidade_negociacao,comentario_livre) VALUES (177,4,3,4,'');
INSERT INTO vendas (id_venda,id_cooperativa,id_comprador,data_venda,valor_total) VALUES (178,17,30,'2025-07-19 02:43:39',0);
INSERT INTO vendas_itens (id_venda,id_material_base,id_material_catalogo,quantidade_kg,preco_por_kg) VALUES (178,2,5,228.86,1.62);
INSERT INTO avaliacoes_compradores (id_venda,pontualidade_pagamento,logistica_entrega,qualidade_negociacao,comentario_livre) VALUES (178,1,3,1,'');
INSERT INTO avaliacao_feedback_selecionado (id_avaliacao,id_feedback_tag) SELECT id_avaliacao,13 FROM avaliacoes_compradores WHERE id_venda=178;
INSERT INTO avaliacao_feedback_selecionado (id_avaliacao,id_feedback_tag) SELECT id_avaliacao,21 FROM avaliacoes_compradores WHERE id_venda=178;
INSERT INTO vendas (id_venda,id_cooperativa,id_comprador,data_venda,valor_total) VALUES (179,24,27,'2025-02-17 02:43:39',0);
INSERT INTO vendas_itens (id_venda,id_material_base,id_material_catalogo,quantidade_kg,preco_por_kg) VALUES (179,1,1,73.72,3.01);
INSERT INTO vendas_itens (id_venda,id_material_base,id_material_catalogo,quantidade_kg,preco_por_kg) VALUES (179,1,3,516.77,2.33);
INSERT INTO avaliacoes_compradores (id_venda,pontualidade_pagamento,logistica_entrega,qualidade_negociacao,comentario_livre) VALUES (179,2,1,1,'');
INSERT INTO avaliacao_feedback_selecionado (id_avaliacao,id_feedback_tag) SELECT id_avaliacao,14 FROM avaliacoes_compradores WHERE id_venda=179;
INSERT INTO avaliacao_feedback_selecionado (id_avaliacao,id_feedback_tag) SELECT id_avaliacao,22 FROM avaliacoes_compradores WHERE id_venda=179;
INSERT INTO vendas (id_venda,id_cooperativa,id_comprador,data_venda,valor_total) VALUES (180,29,17,'2025-09-26 02:43:39',0);
INSERT INTO vendas_itens (id_venda,id_material_base,id_material_catalogo,quantidade_kg,preco_por_kg) VALUES (180,1,1,77.89,2.81);
INSERT INTO vendas_itens (id_venda,id_material_base,id_material_catalogo,quantidade_kg,preco_por_kg) VALUES (180,2,5,597.93,0.88);
INSERT INTO vendas (id_venda,id_cooperativa,id_comprador,data_venda,valor_total) VALUES (181,25,28,'2025-03-13 02:43:39',0);
INSERT INTO vendas_itens (id_venda,id_material_base,id_material_catalogo,quantidade_kg,preco_por_kg) VALUES (181,1,1,219.41,2.79);
INSERT INTO vendas (id_venda,id_cooperativa,id_comprador,data_venda,valor_total) VALUES (182,19,32,'2025-05-17 02:43:39',0);
INSERT INTO vendas_itens (id_venda,id_material_base,id_material_catalogo,quantidade_kg,preco_por_kg) VALUES (182,3,9,505.74,6.73);
INSERT INTO vendas_itens (id_venda,id_material_base,id_material_catalogo,quantidade_kg,preco_por_kg) VALUES (182,2,5,448.45,1.13);
INSERT INTO vendas_itens (id_venda,id_material_base,id_material_catalogo,quantidade_kg,preco_por_kg) VALUES (182,1,3,422.87,1.62);
INSERT INTO avaliacoes_compradores (id_venda,pontualidade_pagamento,logistica_entrega,qualidade_negociacao,comentario_livre) VALUES (182,5,3,3,'');
INSERT INTO vendas (id_venda,id_cooperativa,id_comprador,data_venda,valor_total) VALUES (183,11,99,'2024-11-30 02:43:39',0);
INSERT INTO vendas_itens (id_venda,id_material_base,id_material_catalogo,quantidade_kg,preco_por_kg) VALUES (183,1,1,499.09,1.65);
INSERT INTO vendas (id_venda,id_cooperativa,id_comprador,data_venda,valor_total) VALUES (184,29,55,'2025-04-27 02:43:39',0);
INSERT INTO vendas_itens (id_venda,id_material_base,id_material_catalogo,quantidade_kg,preco_por_kg) VALUES (184,1,3,51.67,1.20);
INSERT INTO vendas_itens (id_venda,id_material_base,id_material_catalogo,quantidade_kg,preco_por_kg) VALUES (184,2,4,103.40,1.33);
INSERT INTO vendas (id_venda,id_cooperativa,id_comprador,data_venda,valor_total) VALUES (185,2,49,'2025-04-13 02:43:39',0);
INSERT INTO vendas_itens (id_venda,id_material_base,id_material_catalogo,quantidade_kg,preco_por_kg) VALUES (185,2,6,500.74,0.94);
INSERT INTO vendas_itens (id_venda,id_material_base,id_material_catalogo,quantidade_kg,preco_por_kg) VALUES (185,1,2,323.23,2.77);
INSERT INTO vendas_itens (id_venda,id_material_base,id_material_catalogo,quantidade_kg,preco_por_kg) VALUES (185,1,1,488.79,2.28);
INSERT INTO avaliacoes_compradores (id_venda,pontualidade_pagamento,logistica_entrega,qualidade_negociacao,comentario_livre) VALUES (185,3,2,1,'');
INSERT INTO avaliacao_feedback_selecionado (id_avaliacao,id_feedback_tag) SELECT id_avaliacao,13 FROM avaliacoes_compradores WHERE id_venda=185;
INSERT INTO avaliacao_feedback_selecionado (id_avaliacao,id_feedback_tag) SELECT id_avaliacao,14 FROM avaliacoes_compradores WHERE id_venda=185;
INSERT INTO vendas (id_venda,id_cooperativa,id_comprador,data_venda,valor_total) VALUES (186,46,25,'2025-10-07 02:43:39',0);
INSERT INTO vendas_itens (id_venda,id_material_base,id_material_catalogo,quantidade_kg,preco_por_kg) VALUES (186,3,8,277.96,7.28);
INSERT INTO vendas_itens (id_venda,id_material_base,id_material_catalogo,quantidade_kg,preco_por_kg) VALUES (186,3,8,83.56,4.20);
INSERT INTO vendas_itens (id_venda,id_material_base,id_material_catalogo,quantidade_kg,preco_por_kg) VALUES (186,3,9,169.23,2.80);
INSERT INTO vendas (id_venda,id_cooperativa,id_comprador,data_venda,valor_total) VALUES (187,20,93,'2025-11-02 02:43:39',0);
INSERT INTO vendas_itens (id_venda,id_material_base,id_material_catalogo,quantidade_kg,preco_por_kg) VALUES (187,3,8,310.73,3.04);
INSERT INTO vendas_itens (id_venda,id_material_base,id_material_catalogo,quantidade_kg,preco_por_kg) VALUES (187,2,6,425.18,1.00);
INSERT INTO vendas_itens (id_venda,id_material_base,id_material_catalogo,quantidade_kg,preco_por_kg) VALUES (187,3,7,378.68,5.56);
INSERT INTO vendas (id_venda,id_cooperativa,id_comprador,data_venda,valor_total) VALUES (188,34,32,'2025-09-13 02:43:39',0);
INSERT INTO vendas_itens (id_venda,id_material_base,id_material_catalogo,quantidade_kg,preco_por_kg) VALUES (188,2,4,288.64,0.95);
INSERT INTO vendas_itens (id_venda,id_material_base,id_material_catalogo,quantidade_kg,preco_por_kg) VALUES (188,2,6,429.83,0.68);
INSERT INTO vendas_itens (id_venda,id_material_base,id_material_catalogo,quantidade_kg,preco_por_kg) VALUES (188,3,9,408.39,5.92);
INSERT INTO vendas (id_venda,id_cooperativa,id_comprador,data_venda,valor_total) VALUES (189,41,68,'2025-10-19 02:43:39',0);
INSERT INTO vendas_itens (id_venda,id_material_base,id_material_catalogo,quantidade_kg,preco_por_kg) VALUES (189,2,4,353.05,1.61);
INSERT INTO vendas_itens (id_venda,id_material_base,id_material_catalogo,quantidade_kg,preco_por_kg) VALUES (189,3,9,566.74,7.40);
INSERT INTO avaliacoes_compradores (id_venda,pontualidade_pagamento,logistica_entrega,qualidade_negociacao,comentario_livre) VALUES (189,2,2,5,'');
INSERT INTO vendas (id_venda,id_cooperativa,id_comprador,data_venda,valor_total) VALUES (190,27,73,'2025-10-13 02:43:39',0);
INSERT INTO vendas_itens (id_venda,id_material_base,id_material_catalogo,quantidade_kg,preco_por_kg) VALUES (190,1,1,153.79,1.76);
INSERT INTO vendas_itens (id_venda,id_material_base,id_material_catalogo,quantidade_kg,preco_por_kg) VALUES (190,3,9,374.52,7.97);
INSERT INTO vendas_itens (id_venda,id_material_base,id_material_catalogo,quantidade_kg,preco_por_kg) VALUES (190,2,6,330.00,1.14);
INSERT INTO avaliacoes_compradores (id_venda,pontualidade_pagamento,logistica_entrega,qualidade_negociacao,comentario_livre) VALUES (190,4,1,4,'');
INSERT INTO vendas (id_venda,id_cooperativa,id_comprador,data_venda,valor_total) VALUES (191,48,15,'2025-05-05 02:43:39',0);
INSERT INTO vendas_itens (id_venda,id_material_base,id_material_catalogo,quantidade_kg,preco_por_kg) VALUES (191,1,2,109.52,2.09);
INSERT INTO vendas_itens (id_venda,id_material_base,id_material_catalogo,quantidade_kg,preco_por_kg) VALUES (191,3,8,507.14,5.35);
INSERT INTO vendas_itens (id_venda,id_material_base,id_material_catalogo,quantidade_kg,preco_por_kg) VALUES (191,2,5,85.44,0.54);
INSERT INTO vendas (id_venda,id_cooperativa,id_comprador,data_venda,valor_total) VALUES (192,37,94,'2025-08-01 02:43:39',0);
INSERT INTO vendas_itens (id_venda,id_material_base,id_material_catalogo,quantidade_kg,preco_por_kg) VALUES (192,2,4,257.75,0.66);
INSERT INTO vendas (id_venda,id_cooperativa,id_comprador,data_venda,valor_total) VALUES (193,18,68,'2025-09-01 02:43:39',0);
INSERT INTO vendas_itens (id_venda,id_material_base,id_material_catalogo,quantidade_kg,preco_por_kg) VALUES (193,1,3,501.99,3.40);
INSERT INTO vendas_itens (id_venda,id_material_base,id_material_catalogo,quantidade_kg,preco_por_kg) VALUES (193,1,1,196.30,3.57);
INSERT INTO vendas (id_venda,id_cooperativa,id_comprador,data_venda,valor_total) VALUES (194,43,18,'2025-07-09 02:43:39',0);
INSERT INTO vendas_itens (id_venda,id_material_base,id_material_catalogo,quantidade_kg,preco_por_kg) VALUES (194,2,6,322.81,1.65);
INSERT INTO vendas_itens (id_venda,id_material_base,id_material_catalogo,quantidade_kg,preco_por_kg) VALUES (194,2,4,116.77,1.01);
INSERT INTO avaliacoes_compradores (id_venda,pontualidade_pagamento,logistica_entrega,qualidade_negociacao,comentario_livre) VALUES (194,4,1,3,'');
INSERT INTO vendas (id_venda,id_cooperativa,id_comprador,data_venda,valor_total) VALUES (195,3,48,'2025-07-08 02:43:39',0);
INSERT INTO vendas_itens (id_venda,id_material_base,id_material_catalogo,quantidade_kg,preco_por_kg) VALUES (195,2,4,299.88,1.26);
INSERT INTO vendas_itens (id_venda,id_material_base,id_material_catalogo,quantidade_kg,preco_por_kg) VALUES (195,2,4,520.67,1.72);
INSERT INTO avaliacoes_compradores (id_venda,pontualidade_pagamento,logistica_entrega,qualidade_negociacao,comentario_livre) VALUES (195,2,5,5,'');
INSERT INTO avaliacao_feedback_selecionado (id_avaliacao,id_feedback_tag) SELECT id_avaliacao,9 FROM avaliacoes_compradores WHERE id_venda=195;
INSERT INTO avaliacao_feedback_selecionado (id_avaliacao,id_feedback_tag) SELECT id_avaliacao,6 FROM avaliacoes_compradores WHERE id_venda=195;
INSERT INTO vendas (id_venda,id_cooperativa,id_comprador,data_venda,valor_total) VALUES (196,29,35,'2025-07-22 02:43:39',0);
INSERT INTO vendas_itens (id_venda,id_material_base,id_material_catalogo,quantidade_kg,preco_por_kg) VALUES (196,1,2,264.95,3.10);
INSERT INTO vendas_itens (id_venda,id_material_base,id_material_catalogo,quantidade_kg,preco_por_kg) VALUES (196,3,9,69.61,6.24);
INSERT INTO vendas_itens (id_venda,id_material_base,id_material_catalogo,quantidade_kg,preco_por_kg) VALUES (196,3,7,233.45,3.72);
INSERT INTO avaliacoes_compradores (id_venda,pontualidade_pagamento,logistica_entrega,qualidade_negociacao,comentario_livre) VALUES (196,2,3,5,'');
INSERT INTO vendas (id_venda,id_cooperativa,id_comprador,data_venda,valor_total) VALUES (197,26,66,'2025-04-13 02:43:39',0);
INSERT INTO vendas_itens (id_venda,id_material_base,id_material_catalogo,quantidade_kg,preco_por_kg) VALUES (197,2,5,375.08,0.90);
INSERT INTO vendas_itens (id_venda,id_material_base,id_material_catalogo,quantidade_kg,preco_por_kg) VALUES (197,3,8,290.04,2.97);
INSERT INTO vendas (id_venda,id_cooperativa,id_comprador,data_venda,valor_total) VALUES (198,37,71,'2025-07-20 02:43:39',0);
INSERT INTO vendas_itens (id_venda,id_material_base,id_material_catalogo,quantidade_kg,preco_por_kg) VALUES (198,2,4,54.52,0.84);
INSERT INTO vendas_itens (id_venda,id_material_base,id_material_catalogo,quantidade_kg,preco_por_kg) VALUES (198,2,4,350.40,0.70);
INSERT INTO vendas_itens (id_venda,id_material_base,id_material_catalogo,quantidade_kg,preco_por_kg) VALUES (198,2,6,396.66,0.74);
INSERT INTO vendas (id_venda,id_cooperativa,id_comprador,data_venda,valor_total) VALUES (199,28,15,'2025-11-05 02:43:39',0);
INSERT INTO vendas_itens (id_venda,id_material_base,id_material_catalogo,quantidade_kg,preco_por_kg) VALUES (199,3,9,38.24,6.60);
INSERT INTO vendas_itens (id_venda,id_material_base,id_material_catalogo,quantidade_kg,preco_por_kg) VALUES (199,2,6,482.97,1.53);
INSERT INTO vendas_itens (id_venda,id_material_base,id_material_catalogo,quantidade_kg,preco_por_kg) VALUES (199,1,3,503.82,3.92);
INSERT INTO vendas (id_venda,id_cooperativa,id_comprador,data_venda,valor_total) VALUES (200,6,66,'2025-02-21 02:43:39',0);
INSERT INTO vendas_itens (id_venda,id_material_base,id_material_catalogo,quantidade_kg,preco_por_kg) VALUES (200,1,3,504.47,2.85);
INSERT INTO vendas_itens (id_venda,id_material_base,id_material_catalogo,quantidade_kg,preco_por_kg) VALUES (200,1,1,551.80,2.45);
INSERT INTO vendas_itens (id_venda,id_material_base,id_material_catalogo,quantidade_kg,preco_por_kg) VALUES (200,1,1,519.12,1.64);
INSERT INTO avaliacoes_compradores (id_venda,pontualidade_pagamento,logistica_entrega,qualidade_negociacao,comentario_livre) VALUES (200,5,5,2,'');
INSERT INTO avaliacao_feedback_selecionado (id_avaliacao,id_feedback_tag) SELECT id_avaliacao,8 FROM avaliacoes_compradores WHERE id_venda=200;
INSERT INTO avaliacao_feedback_selecionado (id_avaliacao,id_feedback_tag) SELECT id_avaliacao,5 FROM avaliacoes_compradores WHERE id_venda=200;
INSERT INTO vendas (id_venda,id_cooperativa,id_comprador,data_venda,valor_total) VALUES (201,17,44,'2025-01-17 02:43:39',0);
INSERT INTO vendas_itens (id_venda,id_material_base,id_material_catalogo,quantidade_kg,preco_por_kg) VALUES (201,3,9,514.51,2.93);
INSERT INTO avaliacoes_compradores (id_venda,pontualidade_pagamento,logistica_entrega,qualidade_negociacao,comentario_livre) VALUES (201,5,1,3,'');
INSERT INTO vendas (id_venda,id_cooperativa,id_comprador,data_venda,valor_total) VALUES (202,10,87,'2025-04-01 02:43:39',0);
INSERT INTO vendas_itens (id_venda,id_material_base,id_material_catalogo,quantidade_kg,preco_por_kg) VALUES (202,3,9,191.93,5.56);
INSERT INTO vendas_itens (id_venda,id_material_base,id_material_catalogo,quantidade_kg,preco_por_kg) VALUES (202,3,8,32.21,4.02);
INSERT INTO vendas_itens (id_venda,id_material_base,id_material_catalogo,quantidade_kg,preco_por_kg) VALUES (202,2,5,567.00,1.53);
INSERT INTO avaliacoes_compradores (id_venda,pontualidade_pagamento,logistica_entrega,qualidade_negociacao,comentario_livre) VALUES (202,4,1,2,'');
INSERT INTO vendas (id_venda,id_cooperativa,id_comprador,data_venda,valor_total) VALUES (203,7,5,'2025-01-30 02:43:39',0);
INSERT INTO vendas_itens (id_venda,id_material_base,id_material_catalogo,quantidade_kg,preco_por_kg) VALUES (203,1,3,111.00,3.61);
INSERT INTO vendas_itens (id_venda,id_material_base,id_material_catalogo,quantidade_kg,preco_por_kg) VALUES (203,2,6,223.40,1.62);
INSERT INTO avaliacoes_compradores (id_venda,pontualidade_pagamento,logistica_entrega,qualidade_negociacao,comentario_livre) VALUES (203,4,4,2,'');
INSERT INTO vendas (id_venda,id_cooperativa,id_comprador,data_venda,valor_total) VALUES (204,21,94,'2025-08-20 02:43:39',0);
INSERT INTO vendas_itens (id_venda,id_material_base,id_material_catalogo,quantidade_kg,preco_por_kg) VALUES (204,2,5,322.86,1.00);
INSERT INTO vendas (id_venda,id_cooperativa,id_comprador,data_venda,valor_total) VALUES (205,39,74,'2025-05-02 02:43:39',0);
INSERT INTO vendas_itens (id_venda,id_material_base,id_material_catalogo,quantidade_kg,preco_por_kg) VALUES (205,3,8,516.10,7.71);
INSERT INTO vendas_itens (id_venda,id_material_base,id_material_catalogo,quantidade_kg,preco_por_kg) VALUES (205,1,3,378.57,1.46);
INSERT INTO vendas_itens (id_venda,id_material_base,id_material_catalogo,quantidade_kg,preco_por_kg) VALUES (205,2,4,415.33,0.67);
INSERT INTO avaliacoes_compradores (id_venda,pontualidade_pagamento,logistica_entrega,qualidade_negociacao,comentario_livre) VALUES (205,3,2,1,'');
INSERT INTO avaliacao_feedback_selecionado (id_avaliacao,id_feedback_tag) SELECT id_avaliacao,12 FROM avaliacoes_compradores WHERE id_venda=205;
INSERT INTO avaliacao_feedback_selecionado (id_avaliacao,id_feedback_tag) SELECT id_avaliacao,17 FROM avaliacoes_compradores WHERE id_venda=205;
INSERT INTO avaliacao_feedback_selecionado (id_avaliacao,id_feedback_tag) SELECT id_avaliacao,19 FROM avaliacoes_compradores WHERE id_venda=205;
INSERT INTO vendas (id_venda,id_cooperativa,id_comprador,data_venda,valor_total) VALUES (206,32,88,'2025-05-01 02:43:39',0);
INSERT INTO vendas_itens (id_venda,id_material_base,id_material_catalogo,quantidade_kg,preco_por_kg) VALUES (206,1,1,475.39,1.71);
INSERT INTO vendas_itens (id_venda,id_material_base,id_material_catalogo,quantidade_kg,preco_por_kg) VALUES (206,3,9,229.43,5.97);
INSERT INTO vendas (id_venda,id_cooperativa,id_comprador,data_venda,valor_total) VALUES (207,26,6,'2025-06-28 02:43:39',0);
INSERT INTO vendas_itens (id_venda,id_material_base,id_material_catalogo,quantidade_kg,preco_por_kg) VALUES (207,1,1,511.02,2.08);
INSERT INTO vendas (id_venda,id_cooperativa,id_comprador,data_venda,valor_total) VALUES (208,39,63,'2025-05-13 02:43:39',0);
INSERT INTO vendas_itens (id_venda,id_material_base,id_material_catalogo,quantidade_kg,preco_por_kg) VALUES (208,2,4,194.34,0.72);
INSERT INTO vendas_itens (id_venda,id_material_base,id_material_catalogo,quantidade_kg,preco_por_kg) VALUES (208,3,9,122.30,3.40);
INSERT INTO vendas_itens (id_venda,id_material_base,id_material_catalogo,quantidade_kg,preco_por_kg) VALUES (208,3,8,511.28,2.67);
INSERT INTO avaliacoes_compradores (id_venda,pontualidade_pagamento,logistica_entrega,qualidade_negociacao,comentario_livre) VALUES (208,4,4,4,'');
INSERT INTO avaliacao_feedback_selecionado (id_avaliacao,id_feedback_tag) SELECT id_avaliacao,2 FROM avaliacoes_compradores WHERE id_venda=208;
INSERT INTO vendas (id_venda,id_cooperativa,id_comprador,data_venda,valor_total) VALUES (209,47,38,'2024-11-27 02:43:39',0);
INSERT INTO vendas_itens (id_venda,id_material_base,id_material_catalogo,quantidade_kg,preco_por_kg) VALUES (209,1,2,598.59,3.92);
INSERT INTO avaliacoes_compradores (id_venda,pontualidade_pagamento,logistica_entrega,qualidade_negociacao,comentario_livre) VALUES (209,3,3,2,'');
INSERT INTO vendas (id_venda,id_cooperativa,id_comprador,data_venda,valor_total) VALUES (210,18,98,'2025-03-12 02:43:39',0);
INSERT INTO vendas_itens (id_venda,id_material_base,id_material_catalogo,quantidade_kg,preco_por_kg) VALUES (210,1,3,316.15,3.60);
INSERT INTO vendas_itens (id_venda,id_material_base,id_material_catalogo,quantidade_kg,preco_por_kg) VALUES (210,1,2,262.02,2.86);
INSERT INTO vendas_itens (id_venda,id_material_base,id_material_catalogo,quantidade_kg,preco_por_kg) VALUES (210,3,9,146.55,7.20);
INSERT INTO vendas (id_venda,id_cooperativa,id_comprador,data_venda,valor_total) VALUES (211,2,88,'2025-03-14 02:43:39',0);
INSERT INTO vendas_itens (id_venda,id_material_base,id_material_catalogo,quantidade_kg,preco_por_kg) VALUES (211,1,2,346.26,1.96);
INSERT INTO vendas_itens (id_venda,id_material_base,id_material_catalogo,quantidade_kg,preco_por_kg) VALUES (211,3,7,107.15,3.32);
INSERT INTO avaliacoes_compradores (id_venda,pontualidade_pagamento,logistica_entrega,qualidade_negociacao,comentario_livre) VALUES (211,4,4,4,'');
INSERT INTO avaliacao_feedback_selecionado (id_avaliacao,id_feedback_tag) SELECT id_avaliacao,11 FROM avaliacoes_compradores WHERE id_venda=211;
INSERT INTO avaliacao_feedback_selecionado (id_avaliacao,id_feedback_tag) SELECT id_avaliacao,1 FROM avaliacoes_compradores WHERE id_venda=211;
INSERT INTO vendas (id_venda,id_cooperativa,id_comprador,data_venda,valor_total) VALUES (212,50,52,'2025-08-27 02:43:39',0);
INSERT INTO vendas_itens (id_venda,id_material_base,id_material_catalogo,quantidade_kg,preco_por_kg) VALUES (212,3,7,104.55,4.84);
INSERT INTO vendas_itens (id_venda,id_material_base,id_material_catalogo,quantidade_kg,preco_por_kg) VALUES (212,1,3,494.28,1.77);
INSERT INTO vendas_itens (id_venda,id_material_base,id_material_catalogo,quantidade_kg,preco_por_kg) VALUES (212,1,2,551.34,1.28);
INSERT INTO vendas (id_venda,id_cooperativa,id_comprador,data_venda,valor_total) VALUES (213,32,44,'2025-10-23 02:43:39',0);
INSERT INTO vendas_itens (id_venda,id_material_base,id_material_catalogo,quantidade_kg,preco_por_kg) VALUES (213,2,6,592.53,1.70);
INSERT INTO vendas_itens (id_venda,id_material_base,id_material_catalogo,quantidade_kg,preco_por_kg) VALUES (213,1,1,204.76,3.27);
INSERT INTO vendas_itens (id_venda,id_material_base,id_material_catalogo,quantidade_kg,preco_por_kg) VALUES (213,3,7,95.11,6.41);
INSERT INTO vendas (id_venda,id_cooperativa,id_comprador,data_venda,valor_total) VALUES (214,24,81,'2024-11-22 02:43:39',0);
INSERT INTO vendas_itens (id_venda,id_material_base,id_material_catalogo,quantidade_kg,preco_por_kg) VALUES (214,1,3,215.07,2.60);
INSERT INTO avaliacoes_compradores (id_venda,pontualidade_pagamento,logistica_entrega,qualidade_negociacao,comentario_livre) VALUES (214,4,5,3,'');
INSERT INTO avaliacao_feedback_selecionado (id_avaliacao,id_feedback_tag) SELECT id_avaliacao,3 FROM avaliacoes_compradores WHERE id_venda=214;
INSERT INTO avaliacao_feedback_selecionado (id_avaliacao,id_feedback_tag) SELECT id_avaliacao,1 FROM avaliacoes_compradores WHERE id_venda=214;
INSERT INTO avaliacao_feedback_selecionado (id_avaliacao,id_feedback_tag) SELECT id_avaliacao,8 FROM avaliacoes_compradores WHERE id_venda=214;
INSERT INTO vendas (id_venda,id_cooperativa,id_comprador,data_venda,valor_total) VALUES (215,2,11,'2025-01-04 02:43:39',0);
INSERT INTO vendas_itens (id_venda,id_material_base,id_material_catalogo,quantidade_kg,preco_por_kg) VALUES (215,1,2,84.73,2.88);
INSERT INTO vendas_itens (id_venda,id_material_base,id_material_catalogo,quantidade_kg,preco_por_kg) VALUES (215,1,3,378.26,2.69);
INSERT INTO vendas_itens (id_venda,id_material_base,id_material_catalogo,quantidade_kg,preco_por_kg) VALUES (215,3,7,245.05,4.14);
INSERT INTO avaliacoes_compradores (id_venda,pontualidade_pagamento,logistica_entrega,qualidade_negociacao,comentario_livre) VALUES (215,4,2,3,'');
INSERT INTO vendas (id_venda,id_cooperativa,id_comprador,data_venda,valor_total) VALUES (216,17,66,'2024-12-02 02:43:39',0);
INSERT INTO vendas_itens (id_venda,id_material_base,id_material_catalogo,quantidade_kg,preco_por_kg) VALUES (216,3,9,71.60,3.63);
INSERT INTO vendas_itens (id_venda,id_material_base,id_material_catalogo,quantidade_kg,preco_por_kg) VALUES (216,3,9,362.60,7.33);
INSERT INTO vendas_itens (id_venda,id_material_base,id_material_catalogo,quantidade_kg,preco_por_kg) VALUES (216,2,4,597.95,1.68);
INSERT INTO avaliacoes_compradores (id_venda,pontualidade_pagamento,logistica_entrega,qualidade_negociacao,comentario_livre) VALUES (216,1,1,1,'');
INSERT INTO avaliacao_feedback_selecionado (id_avaliacao,id_feedback_tag) SELECT id_avaliacao,22 FROM avaliacoes_compradores WHERE id_venda=216;
INSERT INTO vendas (id_venda,id_cooperativa,id_comprador,data_venda,valor_total) VALUES (217,44,73,'2025-11-16 02:43:39',0);
INSERT INTO vendas_itens (id_venda,id_material_base,id_material_catalogo,quantidade_kg,preco_por_kg) VALUES (217,2,6,324.00,1.20);
INSERT INTO avaliacoes_compradores (id_venda,pontualidade_pagamento,logistica_entrega,qualidade_negociacao,comentario_livre) VALUES (217,3,4,3,'');
INSERT INTO vendas (id_venda,id_cooperativa,id_comprador,data_venda,valor_total) VALUES (218,18,32,'2025-04-24 02:43:39',0);
INSERT INTO vendas_itens (id_venda,id_material_base,id_material_catalogo,quantidade_kg,preco_por_kg) VALUES (218,1,3,398.12,1.68);
INSERT INTO vendas_itens (id_venda,id_material_base,id_material_catalogo,quantidade_kg,preco_por_kg) VALUES (218,3,7,467.83,7.86);
INSERT INTO avaliacoes_compradores (id_venda,pontualidade_pagamento,logistica_entrega,qualidade_negociacao,comentario_livre) VALUES (218,1,3,4,'');
INSERT INTO vendas (id_venda,id_cooperativa,id_comprador,data_venda,valor_total) VALUES (219,9,65,'2025-03-01 02:43:39',0);
INSERT INTO vendas_itens (id_venda,id_material_base,id_material_catalogo,quantidade_kg,preco_por_kg) VALUES (219,3,9,91.92,2.64);
INSERT INTO vendas_itens (id_venda,id_material_base,id_material_catalogo,quantidade_kg,preco_por_kg) VALUES (219,2,6,174.66,1.08);
INSERT INTO vendas_itens (id_venda,id_material_base,id_material_catalogo,quantidade_kg,preco_por_kg) VALUES (219,2,4,235.54,0.92);
INSERT INTO avaliacoes_compradores (id_venda,pontualidade_pagamento,logistica_entrega,qualidade_negociacao,comentario_livre) VALUES (219,4,5,5,'');
INSERT INTO avaliacao_feedback_selecionado (id_avaliacao,id_feedback_tag) SELECT id_avaliacao,6 FROM avaliacoes_compradores WHERE id_venda=219;
INSERT INTO vendas (id_venda,id_cooperativa,id_comprador,data_venda,valor_total) VALUES (220,29,58,'2025-11-05 02:43:39',0);
INSERT INTO vendas_itens (id_venda,id_material_base,id_material_catalogo,quantidade_kg,preco_por_kg) VALUES (220,3,7,304.79,7.83);
INSERT INTO vendas_itens (id_venda,id_material_base,id_material_catalogo,quantidade_kg,preco_por_kg) VALUES (220,2,4,125.00,0.70);
INSERT INTO vendas_itens (id_venda,id_material_base,id_material_catalogo,quantidade_kg,preco_por_kg) VALUES (220,2,6,32.13,1.38);
INSERT INTO avaliacoes_compradores (id_venda,pontualidade_pagamento,logistica_entrega,qualidade_negociacao,comentario_livre) VALUES (220,4,1,4,'');
INSERT INTO vendas (id_venda,id_cooperativa,id_comprador,data_venda,valor_total) VALUES (221,16,95,'2025-05-13 02:43:39',0);
INSERT INTO vendas_itens (id_venda,id_material_base,id_material_catalogo,quantidade_kg,preco_por_kg) VALUES (221,1,3,266.94,2.04);
INSERT INTO vendas (id_venda,id_cooperativa,id_comprador,data_venda,valor_total) VALUES (222,34,31,'2024-12-15 02:43:39',0);
INSERT INTO vendas_itens (id_venda,id_material_base,id_material_catalogo,quantidade_kg,preco_por_kg) VALUES (222,3,9,538.31,5.97);
INSERT INTO avaliacoes_compradores (id_venda,pontualidade_pagamento,logistica_entrega,qualidade_negociacao,comentario_livre) VALUES (222,2,2,2,'');
INSERT INTO avaliacao_feedback_selecionado (id_avaliacao,id_feedback_tag) SELECT id_avaliacao,19 FROM avaliacoes_compradores WHERE id_venda=222;
INSERT INTO vendas (id_venda,id_cooperativa,id_comprador,data_venda,valor_total) VALUES (223,11,23,'2025-05-18 02:43:39',0);
INSERT INTO vendas_itens (id_venda,id_material_base,id_material_catalogo,quantidade_kg,preco_por_kg) VALUES (223,1,2,272.33,3.58);
INSERT INTO avaliacoes_compradores (id_venda,pontualidade_pagamento,logistica_entrega,qualidade_negociacao,comentario_livre) VALUES (223,3,2,1,'');
INSERT INTO avaliacao_feedback_selecionado (id_avaliacao,id_feedback_tag) SELECT id_avaliacao,13 FROM avaliacoes_compradores WHERE id_venda=223;
INSERT INTO vendas (id_venda,id_cooperativa,id_comprador,data_venda,valor_total) VALUES (224,47,14,'2025-01-22 02:43:39',0);
INSERT INTO vendas_itens (id_venda,id_material_base,id_material_catalogo,quantidade_kg,preco_por_kg) VALUES (224,1,1,424.71,2.30);
INSERT INTO avaliacoes_compradores (id_venda,pontualidade_pagamento,logistica_entrega,qualidade_negociacao,comentario_livre) VALUES (224,5,5,5,'');
INSERT INTO avaliacao_feedback_selecionado (id_avaliacao,id_feedback_tag) SELECT id_avaliacao,10 FROM avaliacoes_compradores WHERE id_venda=224;
INSERT INTO avaliacao_feedback_selecionado (id_avaliacao,id_feedback_tag) SELECT id_avaliacao,1 FROM avaliacoes_compradores WHERE id_venda=224;
INSERT INTO avaliacao_feedback_selecionado (id_avaliacao,id_feedback_tag) SELECT id_avaliacao,8 FROM avaliacoes_compradores WHERE id_venda=224;
INSERT INTO vendas (id_venda,id_cooperativa,id_comprador,data_venda,valor_total) VALUES (225,30,76,'2025-01-07 02:43:39',0);
INSERT INTO vendas_itens (id_venda,id_material_base,id_material_catalogo,quantidade_kg,preco_por_kg) VALUES (225,1,2,85.62,2.99);
INSERT INTO vendas_itens (id_venda,id_material_base,id_material_catalogo,quantidade_kg,preco_por_kg) VALUES (225,3,7,191.88,7.11);
INSERT INTO vendas (id_venda,id_cooperativa,id_comprador,data_venda,valor_total) VALUES (226,11,12,'2025-07-24 02:43:39',0);
INSERT INTO vendas_itens (id_venda,id_material_base,id_material_catalogo,quantidade_kg,preco_por_kg) VALUES (226,3,7,489.79,3.63);
INSERT INTO avaliacoes_compradores (id_venda,pontualidade_pagamento,logistica_entrega,qualidade_negociacao,comentario_livre) VALUES (226,3,3,1,'');
INSERT INTO vendas (id_venda,id_cooperativa,id_comprador,data_venda,valor_total) VALUES (227,30,28,'2025-09-28 02:43:39',0);
INSERT INTO vendas_itens (id_venda,id_material_base,id_material_catalogo,quantidade_kg,preco_por_kg) VALUES (227,3,9,346.82,7.76);
INSERT INTO vendas_itens (id_venda,id_material_base,id_material_catalogo,quantidade_kg,preco_por_kg) VALUES (227,1,1,41.78,2.17);
INSERT INTO vendas (id_venda,id_cooperativa,id_comprador,data_venda,valor_total) VALUES (228,22,56,'2025-05-14 02:43:39',0);
INSERT INTO vendas_itens (id_venda,id_material_base,id_material_catalogo,quantidade_kg,preco_por_kg) VALUES (228,1,2,479.57,1.25);
INSERT INTO vendas_itens (id_venda,id_material_base,id_material_catalogo,quantidade_kg,preco_por_kg) VALUES (228,1,1,554.68,3.60);
INSERT INTO avaliacoes_compradores (id_venda,pontualidade_pagamento,logistica_entrega,qualidade_negociacao,comentario_livre) VALUES (228,1,5,2,'');
INSERT INTO vendas (id_venda,id_cooperativa,id_comprador,data_venda,valor_total) VALUES (229,31,80,'2025-03-05 02:43:39',0);
INSERT INTO vendas_itens (id_venda,id_material_base,id_material_catalogo,quantidade_kg,preco_por_kg) VALUES (229,1,1,459.94,2.25);
INSERT INTO vendas (id_venda,id_cooperativa,id_comprador,data_venda,valor_total) VALUES (230,39,46,'2025-08-28 02:43:39',0);
INSERT INTO vendas_itens (id_venda,id_material_base,id_material_catalogo,quantidade_kg,preco_por_kg) VALUES (230,2,4,563.92,0.78);
INSERT INTO vendas_itens (id_venda,id_material_base,id_material_catalogo,quantidade_kg,preco_por_kg) VALUES (230,3,8,452.19,4.40);
INSERT INTO vendas (id_venda,id_cooperativa,id_comprador,data_venda,valor_total) VALUES (231,12,40,'2025-03-07 02:43:39',0);
INSERT INTO vendas_itens (id_venda,id_material_base,id_material_catalogo,quantidade_kg,preco_por_kg) VALUES (231,3,8,464.92,5.32);
INSERT INTO vendas_itens (id_venda,id_material_base,id_material_catalogo,quantidade_kg,preco_por_kg) VALUES (231,3,9,358.66,6.95);
INSERT INTO vendas_itens (id_venda,id_material_base,id_material_catalogo,quantidade_kg,preco_por_kg) VALUES (231,2,5,158.86,0.96);
INSERT INTO avaliacoes_compradores (id_venda,pontualidade_pagamento,logistica_entrega,qualidade_negociacao,comentario_livre) VALUES (231,4,4,2,'');
INSERT INTO vendas (id_venda,id_cooperativa,id_comprador,data_venda,valor_total) VALUES (232,17,95,'2025-05-31 02:43:39',0);
INSERT INTO vendas_itens (id_venda,id_material_base,id_material_catalogo,quantidade_kg,preco_por_kg) VALUES (232,2,6,530.58,1.35);
INSERT INTO vendas_itens (id_venda,id_material_base,id_material_catalogo,quantidade_kg,preco_por_kg) VALUES (232,2,4,500.06,1.79);
INSERT INTO vendas_itens (id_venda,id_material_base,id_material_catalogo,quantidade_kg,preco_por_kg) VALUES (232,3,9,189.81,4.11);
INSERT INTO avaliacoes_compradores (id_venda,pontualidade_pagamento,logistica_entrega,qualidade_negociacao,comentario_livre) VALUES (232,1,2,2,'');
INSERT INTO avaliacao_feedback_selecionado (id_avaliacao,id_feedback_tag) SELECT id_avaliacao,18 FROM avaliacoes_compradores WHERE id_venda=232;
INSERT INTO vendas (id_venda,id_cooperativa,id_comprador,data_venda,valor_total) VALUES (233,1,64,'2025-08-09 02:43:39',0);
INSERT INTO vendas_itens (id_venda,id_material_base,id_material_catalogo,quantidade_kg,preco_por_kg) VALUES (233,3,8,273.75,3.04);
INSERT INTO vendas_itens (id_venda,id_material_base,id_material_catalogo,quantidade_kg,preco_por_kg) VALUES (233,3,9,207.13,5.74);
INSERT INTO vendas_itens (id_venda,id_material_base,id_material_catalogo,quantidade_kg,preco_por_kg) VALUES (233,3,7,487.81,6.31);
INSERT INTO vendas (id_venda,id_cooperativa,id_comprador,data_venda,valor_total) VALUES (234,32,74,'2025-10-09 02:43:39',0);
INSERT INTO vendas_itens (id_venda,id_material_base,id_material_catalogo,quantidade_kg,preco_por_kg) VALUES (234,1,3,338.44,1.77);
INSERT INTO vendas_itens (id_venda,id_material_base,id_material_catalogo,quantidade_kg,preco_por_kg) VALUES (234,3,9,289.33,2.90);
INSERT INTO avaliacoes_compradores (id_venda,pontualidade_pagamento,logistica_entrega,qualidade_negociacao,comentario_livre) VALUES (234,5,5,3,'');
INSERT INTO avaliacao_feedback_selecionado (id_avaliacao,id_feedback_tag) SELECT id_avaliacao,10 FROM avaliacoes_compradores WHERE id_venda=234;
INSERT INTO vendas (id_venda,id_cooperativa,id_comprador,data_venda,valor_total) VALUES (235,11,44,'2025-02-18 02:43:39',0);
INSERT INTO vendas_itens (id_venda,id_material_base,id_material_catalogo,quantidade_kg,preco_por_kg) VALUES (235,3,7,381.20,2.74);
INSERT INTO vendas (id_venda,id_cooperativa,id_comprador,data_venda,valor_total) VALUES (236,1,84,'2024-12-05 02:43:39',0);
INSERT INTO vendas_itens (id_venda,id_material_base,id_material_catalogo,quantidade_kg,preco_por_kg) VALUES (236,2,6,202.94,1.47);
INSERT INTO vendas_itens (id_venda,id_material_base,id_material_catalogo,quantidade_kg,preco_por_kg) VALUES (236,1,2,192.12,2.19);
INSERT INTO vendas_itens (id_venda,id_material_base,id_material_catalogo,quantidade_kg,preco_por_kg) VALUES (236,2,4,454.84,0.92);
INSERT INTO avaliacoes_compradores (id_venda,pontualidade_pagamento,logistica_entrega,qualidade_negociacao,comentario_livre) VALUES (236,4,2,2,'');
INSERT INTO vendas (id_venda,id_cooperativa,id_comprador,data_venda,valor_total) VALUES (237,8,66,'2024-11-22 02:43:39',0);
INSERT INTO vendas_itens (id_venda,id_material_base,id_material_catalogo,quantidade_kg,preco_por_kg) VALUES (237,2,4,545.95,1.63);
INSERT INTO vendas_itens (id_venda,id_material_base,id_material_catalogo,quantidade_kg,preco_por_kg) VALUES (237,2,5,295.27,1.68);
INSERT INTO vendas_itens (id_venda,id_material_base,id_material_catalogo,quantidade_kg,preco_por_kg) VALUES (237,1,3,194.75,2.04);
INSERT INTO vendas (id_venda,id_cooperativa,id_comprador,data_venda,valor_total) VALUES (238,26,63,'2025-04-17 02:43:39',0);
INSERT INTO vendas_itens (id_venda,id_material_base,id_material_catalogo,quantidade_kg,preco_por_kg) VALUES (238,3,7,431.14,7.96);
INSERT INTO vendas_itens (id_venda,id_material_base,id_material_catalogo,quantidade_kg,preco_por_kg) VALUES (238,3,7,410.37,3.99);
INSERT INTO vendas_itens (id_venda,id_material_base,id_material_catalogo,quantidade_kg,preco_por_kg) VALUES (238,2,5,519.99,1.23);
INSERT INTO vendas (id_venda,id_cooperativa,id_comprador,data_venda,valor_total) VALUES (239,44,75,'2025-01-04 02:43:39',0);
INSERT INTO vendas_itens (id_venda,id_material_base,id_material_catalogo,quantidade_kg,preco_por_kg) VALUES (239,2,5,203.59,0.71);
INSERT INTO vendas_itens (id_venda,id_material_base,id_material_catalogo,quantidade_kg,preco_por_kg) VALUES (239,1,3,276.69,3.78);
INSERT INTO vendas_itens (id_venda,id_material_base,id_material_catalogo,quantidade_kg,preco_por_kg) VALUES (239,2,5,528.23,0.81);
INSERT INTO avaliacoes_compradores (id_venda,pontualidade_pagamento,logistica_entrega,qualidade_negociacao,comentario_livre) VALUES (239,4,1,2,'');
INSERT INTO vendas (id_venda,id_cooperativa,id_comprador,data_venda,valor_total) VALUES (240,48,32,'2024-12-22 02:43:39',0);
INSERT INTO vendas_itens (id_venda,id_material_base,id_material_catalogo,quantidade_kg,preco_por_kg) VALUES (240,3,9,435.44,7.35);
INSERT INTO vendas_itens (id_venda,id_material_base,id_material_catalogo,quantidade_kg,preco_por_kg) VALUES (240,3,7,59.10,5.89);
INSERT INTO avaliacoes_compradores (id_venda,pontualidade_pagamento,logistica_entrega,qualidade_negociacao,comentario_livre) VALUES (240,4,4,1,'');
INSERT INTO vendas (id_venda,id_cooperativa,id_comprador,data_venda,valor_total) VALUES (241,45,81,'2024-12-09 02:43:39',0);
INSERT INTO vendas_itens (id_venda,id_material_base,id_material_catalogo,quantidade_kg,preco_por_kg) VALUES (241,3,9,59.59,4.71);
INSERT INTO vendas_itens (id_venda,id_material_base,id_material_catalogo,quantidade_kg,preco_por_kg) VALUES (241,3,9,290.93,7.00);
INSERT INTO avaliacoes_compradores (id_venda,pontualidade_pagamento,logistica_entrega,qualidade_negociacao,comentario_livre) VALUES (241,3,2,3,'');
INSERT INTO vendas (id_venda,id_cooperativa,id_comprador,data_venda,valor_total) VALUES (242,46,74,'2025-10-09 02:43:39',0);
INSERT INTO vendas_itens (id_venda,id_material_base,id_material_catalogo,quantidade_kg,preco_por_kg) VALUES (242,1,3,488.74,2.75);
INSERT INTO avaliacoes_compradores (id_venda,pontualidade_pagamento,logistica_entrega,qualidade_negociacao,comentario_livre) VALUES (242,5,1,5,'');
INSERT INTO vendas (id_venda,id_cooperativa,id_comprador,data_venda,valor_total) VALUES (243,38,15,'2024-12-30 02:43:39',0);
INSERT INTO vendas_itens (id_venda,id_material_base,id_material_catalogo,quantidade_kg,preco_por_kg) VALUES (243,3,7,184.27,7.42);
INSERT INTO vendas_itens (id_venda,id_material_base,id_material_catalogo,quantidade_kg,preco_por_kg) VALUES (243,1,3,442.96,2.78);
INSERT INTO vendas_itens (id_venda,id_material_base,id_material_catalogo,quantidade_kg,preco_por_kg) VALUES (243,2,6,108.86,1.25);
INSERT INTO vendas (id_venda,id_cooperativa,id_comprador,data_venda,valor_total) VALUES (244,9,43,'2025-08-10 02:43:39',0);
INSERT INTO vendas_itens (id_venda,id_material_base,id_material_catalogo,quantidade_kg,preco_por_kg) VALUES (244,2,4,596.09,1.37);
INSERT INTO vendas_itens (id_venda,id_material_base,id_material_catalogo,quantidade_kg,preco_por_kg) VALUES (244,3,7,144.58,7.56);
INSERT INTO vendas_itens (id_venda,id_material_base,id_material_catalogo,quantidade_kg,preco_por_kg) VALUES (244,1,3,317.21,1.47);
INSERT INTO vendas (id_venda,id_cooperativa,id_comprador,data_venda,valor_total) VALUES (245,39,96,'2025-08-27 02:43:39',0);
INSERT INTO vendas_itens (id_venda,id_material_base,id_material_catalogo,quantidade_kg,preco_por_kg) VALUES (245,3,7,52.59,4.57);
INSERT INTO vendas_itens (id_venda,id_material_base,id_material_catalogo,quantidade_kg,preco_por_kg) VALUES (245,2,4,401.36,1.69);
INSERT INTO avaliacoes_compradores (id_venda,pontualidade_pagamento,logistica_entrega,qualidade_negociacao,comentario_livre) VALUES (245,1,5,3,'');
INSERT INTO vendas (id_venda,id_cooperativa,id_comprador,data_venda,valor_total) VALUES (246,12,75,'2025-01-21 02:43:39',0);
INSERT INTO vendas_itens (id_venda,id_material_base,id_material_catalogo,quantidade_kg,preco_por_kg) VALUES (246,3,8,250.10,3.73);
INSERT INTO vendas_itens (id_venda,id_material_base,id_material_catalogo,quantidade_kg,preco_por_kg) VALUES (246,3,8,583.77,2.95);
INSERT INTO vendas_itens (id_venda,id_material_base,id_material_catalogo,quantidade_kg,preco_por_kg) VALUES (246,3,7,290.42,6.62);
INSERT INTO avaliacoes_compradores (id_venda,pontualidade_pagamento,logistica_entrega,qualidade_negociacao,comentario_livre) VALUES (246,1,2,4,'');
INSERT INTO vendas (id_venda,id_cooperativa,id_comprador,data_venda,valor_total) VALUES (247,18,41,'2025-10-14 02:43:39',0);
INSERT INTO vendas_itens (id_venda,id_material_base,id_material_catalogo,quantidade_kg,preco_por_kg) VALUES (247,1,3,394.46,1.50);
INSERT INTO avaliacoes_compradores (id_venda,pontualidade_pagamento,logistica_entrega,qualidade_negociacao,comentario_livre) VALUES (247,4,2,2,'');
INSERT INTO vendas (id_venda,id_cooperativa,id_comprador,data_venda,valor_total) VALUES (248,40,70,'2025-04-14 02:43:39',0);
INSERT INTO vendas_itens (id_venda,id_material_base,id_material_catalogo,quantidade_kg,preco_por_kg) VALUES (248,2,5,231.02,1.53);
INSERT INTO vendas_itens (id_venda,id_material_base,id_material_catalogo,quantidade_kg,preco_por_kg) VALUES (248,1,2,148.42,2.61);
INSERT INTO vendas_itens (id_venda,id_material_base,id_material_catalogo,quantidade_kg,preco_por_kg) VALUES (248,1,3,438.62,1.68);
INSERT INTO avaliacoes_compradores (id_venda,pontualidade_pagamento,logistica_entrega,qualidade_negociacao,comentario_livre) VALUES (248,4,4,2,'');
INSERT INTO vendas (id_venda,id_cooperativa,id_comprador,data_venda,valor_total) VALUES (249,44,58,'2025-08-22 02:43:39',0);
INSERT INTO vendas_itens (id_venda,id_material_base,id_material_catalogo,quantidade_kg,preco_por_kg) VALUES (249,3,7,448.37,3.84);
INSERT INTO vendas_itens (id_venda,id_material_base,id_material_catalogo,quantidade_kg,preco_por_kg) VALUES (249,3,8,434.95,4.02);
INSERT INTO vendas_itens (id_venda,id_material_base,id_material_catalogo,quantidade_kg,preco_por_kg) VALUES (249,3,9,225.55,2.93);
INSERT INTO avaliacoes_compradores (id_venda,pontualidade_pagamento,logistica_entrega,qualidade_negociacao,comentario_livre) VALUES (249,4,1,5,'');
INSERT INTO vendas (id_venda,id_cooperativa,id_comprador,data_venda,valor_total) VALUES (250,13,70,'2025-06-24 02:43:39',0);
INSERT INTO vendas_itens (id_venda,id_material_base,id_material_catalogo,quantidade_kg,preco_por_kg) VALUES (250,3,7,96.73,3.38);
INSERT INTO vendas_itens (id_venda,id_material_base,id_material_catalogo,quantidade_kg,preco_por_kg) VALUES (250,1,2,314.15,3.04);
INSERT INTO vendas_itens (id_venda,id_material_base,id_material_catalogo,quantidade_kg,preco_por_kg) VALUES (250,1,3,323.51,3.26);
INSERT INTO avaliacoes_compradores (id_venda,pontualidade_pagamento,logistica_entrega,qualidade_negociacao,comentario_livre) VALUES (250,2,3,2,'');
INSERT INTO vendas (id_venda,id_cooperativa,id_comprador,data_venda,valor_total) VALUES (251,9,50,'2025-06-24 02:43:39',0);
INSERT INTO vendas_itens (id_venda,id_material_base,id_material_catalogo,quantidade_kg,preco_por_kg) VALUES (251,1,1,452.15,3.52);
INSERT INTO vendas_itens (id_venda,id_material_base,id_material_catalogo,quantidade_kg,preco_por_kg) VALUES (251,3,9,579.66,3.91);
INSERT INTO avaliacoes_compradores (id_venda,pontualidade_pagamento,logistica_entrega,qualidade_negociacao,comentario_livre) VALUES (251,4,2,2,'');
INSERT INTO vendas (id_venda,id_cooperativa,id_comprador,data_venda,valor_total) VALUES (252,43,61,'2025-05-12 02:43:39',0);
INSERT INTO vendas_itens (id_venda,id_material_base,id_material_catalogo,quantidade_kg,preco_por_kg) VALUES (252,1,2,197.41,1.27);
INSERT INTO vendas_itens (id_venda,id_material_base,id_material_catalogo,quantidade_kg,preco_por_kg) VALUES (252,3,7,214.40,5.58);
INSERT INTO vendas_itens (id_venda,id_material_base,id_material_catalogo,quantidade_kg,preco_por_kg) VALUES (252,1,1,129.84,2.01);
INSERT INTO avaliacoes_compradores (id_venda,pontualidade_pagamento,logistica_entrega,qualidade_negociacao,comentario_livre) VALUES (252,4,1,1,'');
INSERT INTO avaliacao_feedback_selecionado (id_avaliacao,id_feedback_tag) SELECT id_avaliacao,19 FROM avaliacoes_compradores WHERE id_venda=252;
INSERT INTO avaliacao_feedback_selecionado (id_avaliacao,id_feedback_tag) SELECT id_avaliacao,14 FROM avaliacoes_compradores WHERE id_venda=252;
INSERT INTO avaliacao_feedback_selecionado (id_avaliacao,id_feedback_tag) SELECT id_avaliacao,12 FROM avaliacoes_compradores WHERE id_venda=252;
INSERT INTO vendas (id_venda,id_cooperativa,id_comprador,data_venda,valor_total) VALUES (253,47,62,'2025-08-28 02:43:39',0);
INSERT INTO vendas_itens (id_venda,id_material_base,id_material_catalogo,quantidade_kg,preco_por_kg) VALUES (253,3,8,66.16,3.62);
INSERT INTO vendas_itens (id_venda,id_material_base,id_material_catalogo,quantidade_kg,preco_por_kg) VALUES (253,1,3,294.84,1.21);
INSERT INTO vendas_itens (id_venda,id_material_base,id_material_catalogo,quantidade_kg,preco_por_kg) VALUES (253,3,9,264.47,5.99);
INSERT INTO vendas (id_venda,id_cooperativa,id_comprador,data_venda,valor_total) VALUES (254,29,62,'2025-09-25 02:43:39',0);
INSERT INTO vendas_itens (id_venda,id_material_base,id_material_catalogo,quantidade_kg,preco_por_kg) VALUES (254,3,8,353.07,2.90);
INSERT INTO avaliacoes_compradores (id_venda,pontualidade_pagamento,logistica_entrega,qualidade_negociacao,comentario_livre) VALUES (254,1,1,4,'');
INSERT INTO avaliacao_feedback_selecionado (id_avaliacao,id_feedback_tag) SELECT id_avaliacao,21 FROM avaliacoes_compradores WHERE id_venda=254;
INSERT INTO vendas (id_venda,id_cooperativa,id_comprador,data_venda,valor_total) VALUES (255,40,3,'2025-10-31 02:43:39',0);
INSERT INTO vendas_itens (id_venda,id_material_base,id_material_catalogo,quantidade_kg,preco_por_kg) VALUES (255,1,2,512.60,3.81);
INSERT INTO vendas_itens (id_venda,id_material_base,id_material_catalogo,quantidade_kg,preco_por_kg) VALUES (255,2,5,135.97,1.12);
INSERT INTO vendas (id_venda,id_cooperativa,id_comprador,data_venda,valor_total) VALUES (256,27,37,'2025-03-18 02:43:39',0);
INSERT INTO vendas_itens (id_venda,id_material_base,id_material_catalogo,quantidade_kg,preco_por_kg) VALUES (256,2,4,268.09,1.73);
INSERT INTO avaliacoes_compradores (id_venda,pontualidade_pagamento,logistica_entrega,qualidade_negociacao,comentario_livre) VALUES (256,1,1,1,'');
INSERT INTO avaliacao_feedback_selecionado (id_avaliacao,id_feedback_tag) SELECT id_avaliacao,13 FROM avaliacoes_compradores WHERE id_venda=256;
INSERT INTO avaliacao_feedback_selecionado (id_avaliacao,id_feedback_tag) SELECT id_avaliacao,22 FROM avaliacoes_compradores WHERE id_venda=256;
INSERT INTO vendas (id_venda,id_cooperativa,id_comprador,data_venda,valor_total) VALUES (257,29,41,'2025-03-23 02:43:39',0);
INSERT INTO vendas_itens (id_venda,id_material_base,id_material_catalogo,quantidade_kg,preco_por_kg) VALUES (257,3,8,194.49,6.03);
INSERT INTO vendas_itens (id_venda,id_material_base,id_material_catalogo,quantidade_kg,preco_por_kg) VALUES (257,2,4,438.28,0.78);
INSERT INTO vendas_itens (id_venda,id_material_base,id_material_catalogo,quantidade_kg,preco_por_kg) VALUES (257,3,9,234.31,3.42);
INSERT INTO avaliacoes_compradores (id_venda,pontualidade_pagamento,logistica_entrega,qualidade_negociacao,comentario_livre) VALUES (257,5,3,5,'');
INSERT INTO avaliacao_feedback_selecionado (id_avaliacao,id_feedback_tag) SELECT id_avaliacao,11 FROM avaliacoes_compradores WHERE id_venda=257;
INSERT INTO avaliacao_feedback_selecionado (id_avaliacao,id_feedback_tag) SELECT id_avaliacao,7 FROM avaliacoes_compradores WHERE id_venda=257;
INSERT INTO avaliacao_feedback_selecionado (id_avaliacao,id_feedback_tag) SELECT id_avaliacao,10 FROM avaliacoes_compradores WHERE id_venda=257;
INSERT INTO vendas (id_venda,id_cooperativa,id_comprador,data_venda,valor_total) VALUES (258,33,78,'2025-01-09 02:43:39',0);
INSERT INTO vendas_itens (id_venda,id_material_base,id_material_catalogo,quantidade_kg,preco_por_kg) VALUES (258,2,5,544.38,0.80);
INSERT INTO vendas_itens (id_venda,id_material_base,id_material_catalogo,quantidade_kg,preco_por_kg) VALUES (258,1,3,324.40,2.94);
INSERT INTO vendas_itens (id_venda,id_material_base,id_material_catalogo,quantidade_kg,preco_por_kg) VALUES (258,3,9,196.98,6.57);
INSERT INTO vendas (id_venda,id_cooperativa,id_comprador,data_venda,valor_total) VALUES (259,23,29,'2025-06-22 02:43:39',0);
INSERT INTO vendas_itens (id_venda,id_material_base,id_material_catalogo,quantidade_kg,preco_por_kg) VALUES (259,2,6,194.19,0.55);
INSERT INTO vendas_itens (id_venda,id_material_base,id_material_catalogo,quantidade_kg,preco_por_kg) VALUES (259,2,4,517.62,1.77);
INSERT INTO avaliacoes_compradores (id_venda,pontualidade_pagamento,logistica_entrega,qualidade_negociacao,comentario_livre) VALUES (259,4,2,1,'');
INSERT INTO vendas (id_venda,id_cooperativa,id_comprador,data_venda,valor_total) VALUES (260,41,38,'2024-12-26 02:43:39',0);
INSERT INTO vendas_itens (id_venda,id_material_base,id_material_catalogo,quantidade_kg,preco_por_kg) VALUES (260,3,7,300.64,3.24);
INSERT INTO vendas_itens (id_venda,id_material_base,id_material_catalogo,quantidade_kg,preco_por_kg) VALUES (260,1,1,483.83,3.52);
INSERT INTO avaliacoes_compradores (id_venda,pontualidade_pagamento,logistica_entrega,qualidade_negociacao,comentario_livre) VALUES (260,5,1,3,'');
INSERT INTO vendas (id_venda,id_cooperativa,id_comprador,data_venda,valor_total) VALUES (261,32,21,'2025-09-17 02:43:39',0);
INSERT INTO vendas_itens (id_venda,id_material_base,id_material_catalogo,quantidade_kg,preco_por_kg) VALUES (261,3,8,166.33,3.68);
INSERT INTO vendas_itens (id_venda,id_material_base,id_material_catalogo,quantidade_kg,preco_por_kg) VALUES (261,1,2,569.91,2.91);
INSERT INTO vendas_itens (id_venda,id_material_base,id_material_catalogo,quantidade_kg,preco_por_kg) VALUES (261,2,6,81.39,0.68);
INSERT INTO vendas (id_venda,id_cooperativa,id_comprador,data_venda,valor_total) VALUES (262,31,22,'2025-03-18 02:43:39',0);
INSERT INTO vendas_itens (id_venda,id_material_base,id_material_catalogo,quantidade_kg,preco_por_kg) VALUES (262,1,2,513.96,3.04);
INSERT INTO vendas_itens (id_venda,id_material_base,id_material_catalogo,quantidade_kg,preco_por_kg) VALUES (262,1,2,323.62,1.21);
INSERT INTO vendas_itens (id_venda,id_material_base,id_material_catalogo,quantidade_kg,preco_por_kg) VALUES (262,2,6,320.44,1.37);
INSERT INTO avaliacoes_compradores (id_venda,pontualidade_pagamento,logistica_entrega,qualidade_negociacao,comentario_livre) VALUES (262,4,1,1,'');
INSERT INTO avaliacao_feedback_selecionado (id_avaliacao,id_feedback_tag) SELECT id_avaliacao,21 FROM avaliacoes_compradores WHERE id_venda=262;
INSERT INTO avaliacao_feedback_selecionado (id_avaliacao,id_feedback_tag) SELECT id_avaliacao,20 FROM avaliacoes_compradores WHERE id_venda=262;
INSERT INTO vendas (id_venda,id_cooperativa,id_comprador,data_venda,valor_total) VALUES (263,18,88,'2025-10-20 02:43:39',0);
INSERT INTO vendas_itens (id_venda,id_material_base,id_material_catalogo,quantidade_kg,preco_por_kg) VALUES (263,3,7,56.08,2.63);
INSERT INTO vendas_itens (id_venda,id_material_base,id_material_catalogo,quantidade_kg,preco_por_kg) VALUES (263,3,7,193.45,7.71);
INSERT INTO vendas_itens (id_venda,id_material_base,id_material_catalogo,quantidade_kg,preco_por_kg) VALUES (263,1,2,511.33,2.11);
INSERT INTO avaliacoes_compradores (id_venda,pontualidade_pagamento,logistica_entrega,qualidade_negociacao,comentario_livre) VALUES (263,2,1,2,'');
INSERT INTO avaliacao_feedback_selecionado (id_avaliacao,id_feedback_tag) SELECT id_avaliacao,17 FROM avaliacoes_compradores WHERE id_venda=263;
INSERT INTO avaliacao_feedback_selecionado (id_avaliacao,id_feedback_tag) SELECT id_avaliacao,22 FROM avaliacoes_compradores WHERE id_venda=263;
INSERT INTO vendas (id_venda,id_cooperativa,id_comprador,data_venda,valor_total) VALUES (264,37,73,'2024-11-25 02:43:39',0);
INSERT INTO vendas_itens (id_venda,id_material_base,id_material_catalogo,quantidade_kg,preco_por_kg) VALUES (264,2,5,507.94,0.64);
INSERT INTO vendas_itens (id_venda,id_material_base,id_material_catalogo,quantidade_kg,preco_por_kg) VALUES (264,3,9,362.50,6.82);
INSERT INTO vendas (id_venda,id_cooperativa,id_comprador,data_venda,valor_total) VALUES (265,27,4,'2025-04-27 02:43:39',0);
INSERT INTO vendas_itens (id_venda,id_material_base,id_material_catalogo,quantidade_kg,preco_por_kg) VALUES (265,2,6,199.13,0.76);
INSERT INTO vendas (id_venda,id_cooperativa,id_comprador,data_venda,valor_total) VALUES (266,19,45,'2025-03-22 02:43:39',0);
INSERT INTO vendas_itens (id_venda,id_material_base,id_material_catalogo,quantidade_kg,preco_por_kg) VALUES (266,2,5,396.38,1.66);
INSERT INTO vendas_itens (id_venda,id_material_base,id_material_catalogo,quantidade_kg,preco_por_kg) VALUES (266,1,2,161.74,3.82);
INSERT INTO vendas (id_venda,id_cooperativa,id_comprador,data_venda,valor_total) VALUES (267,48,14,'2025-10-26 02:43:39',0);
INSERT INTO vendas_itens (id_venda,id_material_base,id_material_catalogo,quantidade_kg,preco_por_kg) VALUES (267,2,6,540.72,1.42);
INSERT INTO vendas_itens (id_venda,id_material_base,id_material_catalogo,quantidade_kg,preco_por_kg) VALUES (267,1,2,82.71,2.38);
INSERT INTO vendas_itens (id_venda,id_material_base,id_material_catalogo,quantidade_kg,preco_por_kg) VALUES (267,1,1,64.28,3.08);
INSERT INTO avaliacoes_compradores (id_venda,pontualidade_pagamento,logistica_entrega,qualidade_negociacao,comentario_livre) VALUES (267,3,4,1,'');
INSERT INTO vendas (id_venda,id_cooperativa,id_comprador,data_venda,valor_total) VALUES (268,49,59,'2025-09-14 02:43:39',0);
INSERT INTO vendas_itens (id_venda,id_material_base,id_material_catalogo,quantidade_kg,preco_por_kg) VALUES (268,2,4,534.11,1.47);
INSERT INTO avaliacoes_compradores (id_venda,pontualidade_pagamento,logistica_entrega,qualidade_negociacao,comentario_livre) VALUES (268,2,3,3,'');
INSERT INTO vendas (id_venda,id_cooperativa,id_comprador,data_venda,valor_total) VALUES (269,24,45,'2025-10-18 02:43:39',0);
INSERT INTO vendas_itens (id_venda,id_material_base,id_material_catalogo,quantidade_kg,preco_por_kg) VALUES (269,1,1,81.23,2.24);
INSERT INTO vendas_itens (id_venda,id_material_base,id_material_catalogo,quantidade_kg,preco_por_kg) VALUES (269,2,6,244.42,1.39);
INSERT INTO vendas_itens (id_venda,id_material_base,id_material_catalogo,quantidade_kg,preco_por_kg) VALUES (269,3,9,68.02,5.98);
INSERT INTO avaliacoes_compradores (id_venda,pontualidade_pagamento,logistica_entrega,qualidade_negociacao,comentario_livre) VALUES (269,1,1,5,'');
INSERT INTO vendas (id_venda,id_cooperativa,id_comprador,data_venda,valor_total) VALUES (270,44,82,'2025-02-15 02:43:39',0);
INSERT INTO vendas_itens (id_venda,id_material_base,id_material_catalogo,quantidade_kg,preco_por_kg) VALUES (270,2,6,82.62,1.08);
INSERT INTO vendas_itens (id_venda,id_material_base,id_material_catalogo,quantidade_kg,preco_por_kg) VALUES (270,1,1,256.00,1.95);
INSERT INTO vendas (id_venda,id_cooperativa,id_comprador,data_venda,valor_total) VALUES (271,19,82,'2025-06-10 02:43:39',0);
INSERT INTO vendas_itens (id_venda,id_material_base,id_material_catalogo,quantidade_kg,preco_por_kg) VALUES (271,3,7,215.46,4.49);
INSERT INTO vendas_itens (id_venda,id_material_base,id_material_catalogo,quantidade_kg,preco_por_kg) VALUES (271,3,9,380.79,6.66);
INSERT INTO vendas_itens (id_venda,id_material_base,id_material_catalogo,quantidade_kg,preco_por_kg) VALUES (271,3,8,430.52,5.69);
INSERT INTO vendas (id_venda,id_cooperativa,id_comprador,data_venda,valor_total) VALUES (272,27,40,'2025-01-06 02:43:39',0);
INSERT INTO vendas_itens (id_venda,id_material_base,id_material_catalogo,quantidade_kg,preco_por_kg) VALUES (272,3,7,571.78,4.20);
INSERT INTO vendas_itens (id_venda,id_material_base,id_material_catalogo,quantidade_kg,preco_por_kg) VALUES (272,1,2,333.23,3.71);
INSERT INTO avaliacoes_compradores (id_venda,pontualidade_pagamento,logistica_entrega,qualidade_negociacao,comentario_livre) VALUES (272,3,3,2,'');
INSERT INTO vendas (id_venda,id_cooperativa,id_comprador,data_venda,valor_total) VALUES (273,1,24,'2025-08-28 02:43:39',0);
INSERT INTO vendas_itens (id_venda,id_material_base,id_material_catalogo,quantidade_kg,preco_por_kg) VALUES (273,1,2,303.12,3.11);
INSERT INTO vendas_itens (id_venda,id_material_base,id_material_catalogo,quantidade_kg,preco_por_kg) VALUES (273,3,8,63.28,3.06);
INSERT INTO avaliacoes_compradores (id_venda,pontualidade_pagamento,logistica_entrega,qualidade_negociacao,comentario_livre) VALUES (273,1,2,3,'');
INSERT INTO avaliacao_feedback_selecionado (id_avaliacao,id_feedback_tag) SELECT id_avaliacao,21 FROM avaliacoes_compradores WHERE id_venda=273;
INSERT INTO avaliacao_feedback_selecionado (id_avaliacao,id_feedback_tag) SELECT id_avaliacao,16 FROM avaliacoes_compradores WHERE id_venda=273;
INSERT INTO vendas (id_venda,id_cooperativa,id_comprador,data_venda,valor_total) VALUES (274,36,39,'2025-01-09 02:43:39',0);
INSERT INTO vendas_itens (id_venda,id_material_base,id_material_catalogo,quantidade_kg,preco_por_kg) VALUES (274,1,2,216.30,3.73);
INSERT INTO vendas_itens (id_venda,id_material_base,id_material_catalogo,quantidade_kg,preco_por_kg) VALUES (274,1,2,134.07,3.49);
INSERT INTO vendas_itens (id_venda,id_material_base,id_material_catalogo,quantidade_kg,preco_por_kg) VALUES (274,1,3,303.63,1.77);
INSERT INTO avaliacoes_compradores (id_venda,pontualidade_pagamento,logistica_entrega,qualidade_negociacao,comentario_livre) VALUES (274,5,4,2,'');
INSERT INTO vendas (id_venda,id_cooperativa,id_comprador,data_venda,valor_total) VALUES (275,4,8,'2025-09-30 02:43:39',0);
INSERT INTO vendas_itens (id_venda,id_material_base,id_material_catalogo,quantidade_kg,preco_por_kg) VALUES (275,2,5,125.25,1.40);
INSERT INTO vendas_itens (id_venda,id_material_base,id_material_catalogo,quantidade_kg,preco_por_kg) VALUES (275,3,8,504.11,7.28);
INSERT INTO vendas_itens (id_venda,id_material_base,id_material_catalogo,quantidade_kg,preco_por_kg) VALUES (275,1,3,197.49,3.03);
INSERT INTO vendas (id_venda,id_cooperativa,id_comprador,data_venda,valor_total) VALUES (276,24,45,'2025-01-20 02:43:39',0);
INSERT INTO vendas_itens (id_venda,id_material_base,id_material_catalogo,quantidade_kg,preco_por_kg) VALUES (276,1,3,460.38,3.47);
INSERT INTO vendas_itens (id_venda,id_material_base,id_material_catalogo,quantidade_kg,preco_por_kg) VALUES (276,2,5,32.86,1.40);
INSERT INTO vendas (id_venda,id_cooperativa,id_comprador,data_venda,valor_total) VALUES (277,8,89,'2025-04-04 02:43:39',0);
INSERT INTO vendas_itens (id_venda,id_material_base,id_material_catalogo,quantidade_kg,preco_por_kg) VALUES (277,1,1,357.13,3.96);
INSERT INTO vendas_itens (id_venda,id_material_base,id_material_catalogo,quantidade_kg,preco_por_kg) VALUES (277,2,4,561.57,1.70);
INSERT INTO avaliacoes_compradores (id_venda,pontualidade_pagamento,logistica_entrega,qualidade_negociacao,comentario_livre) VALUES (277,3,5,4,'');
INSERT INTO avaliacao_feedback_selecionado (id_avaliacao,id_feedback_tag) SELECT id_avaliacao,9 FROM avaliacoes_compradores WHERE id_venda=277;
INSERT INTO avaliacao_feedback_selecionado (id_avaliacao,id_feedback_tag) SELECT id_avaliacao,1 FROM avaliacoes_compradores WHERE id_venda=277;
INSERT INTO vendas (id_venda,id_cooperativa,id_comprador,data_venda,valor_total) VALUES (278,40,32,'2025-05-05 02:43:39',0);
INSERT INTO vendas_itens (id_venda,id_material_base,id_material_catalogo,quantidade_kg,preco_por_kg) VALUES (278,1,3,118.80,3.62);
INSERT INTO vendas_itens (id_venda,id_material_base,id_material_catalogo,quantidade_kg,preco_por_kg) VALUES (278,1,1,97.93,1.49);
INSERT INTO vendas_itens (id_venda,id_material_base,id_material_catalogo,quantidade_kg,preco_por_kg) VALUES (278,1,3,281.35,2.63);
INSERT INTO vendas (id_venda,id_cooperativa,id_comprador,data_venda,valor_total) VALUES (279,26,64,'2025-04-26 02:43:39',0);
INSERT INTO vendas_itens (id_venda,id_material_base,id_material_catalogo,quantidade_kg,preco_por_kg) VALUES (279,2,4,394.57,0.52);
INSERT INTO vendas_itens (id_venda,id_material_base,id_material_catalogo,quantidade_kg,preco_por_kg) VALUES (279,3,9,81.92,4.62);
INSERT INTO avaliacoes_compradores (id_venda,pontualidade_pagamento,logistica_entrega,qualidade_negociacao,comentario_livre) VALUES (279,3,4,4,'');
INSERT INTO vendas (id_venda,id_cooperativa,id_comprador,data_venda,valor_total) VALUES (280,49,93,'2025-02-14 02:43:39',0);
INSERT INTO vendas_itens (id_venda,id_material_base,id_material_catalogo,quantidade_kg,preco_por_kg) VALUES (280,3,8,361.04,3.67);
INSERT INTO avaliacoes_compradores (id_venda,pontualidade_pagamento,logistica_entrega,qualidade_negociacao,comentario_livre) VALUES (280,1,5,3,'');
INSERT INTO vendas (id_venda,id_cooperativa,id_comprador,data_venda,valor_total) VALUES (281,41,25,'2025-05-19 02:43:39',0);
INSERT INTO vendas_itens (id_venda,id_material_base,id_material_catalogo,quantidade_kg,preco_por_kg) VALUES (281,2,5,534.79,1.30);
INSERT INTO vendas (id_venda,id_cooperativa,id_comprador,data_venda,valor_total) VALUES (282,37,70,'2025-01-20 02:43:39',0);
INSERT INTO vendas_itens (id_venda,id_material_base,id_material_catalogo,quantidade_kg,preco_por_kg) VALUES (282,1,3,382.70,1.63);
INSERT INTO vendas_itens (id_venda,id_material_base,id_material_catalogo,quantidade_kg,preco_por_kg) VALUES (282,2,6,385.97,0.65);
INSERT INTO avaliacoes_compradores (id_venda,pontualidade_pagamento,logistica_entrega,qualidade_negociacao,comentario_livre) VALUES (282,2,5,2,'');
INSERT INTO vendas (id_venda,id_cooperativa,id_comprador,data_venda,valor_total) VALUES (283,23,1,'2024-11-22 02:43:39',0);
INSERT INTO vendas_itens (id_venda,id_material_base,id_material_catalogo,quantidade_kg,preco_por_kg) VALUES (283,1,2,228.03,3.90);
INSERT INTO vendas_itens (id_venda,id_material_base,id_material_catalogo,quantidade_kg,preco_por_kg) VALUES (283,1,2,378.12,1.89);
INSERT INTO vendas (id_venda,id_cooperativa,id_comprador,data_venda,valor_total) VALUES (284,23,90,'2025-02-24 02:43:39',0);
INSERT INTO vendas_itens (id_venda,id_material_base,id_material_catalogo,quantidade_kg,preco_por_kg) VALUES (284,3,9,591.20,3.11);
INSERT INTO vendas (id_venda,id_cooperativa,id_comprador,data_venda,valor_total) VALUES (285,37,84,'2025-04-03 02:43:39',0);
INSERT INTO vendas_itens (id_venda,id_material_base,id_material_catalogo,quantidade_kg,preco_por_kg) VALUES (285,1,1,171.82,3.59);
INSERT INTO avaliacoes_compradores (id_venda,pontualidade_pagamento,logistica_entrega,qualidade_negociacao,comentario_livre) VALUES (285,2,2,5,'');
INSERT INTO vendas (id_venda,id_cooperativa,id_comprador,data_venda,valor_total) VALUES (286,21,64,'2025-07-04 02:43:39',0);
INSERT INTO vendas_itens (id_venda,id_material_base,id_material_catalogo,quantidade_kg,preco_por_kg) VALUES (286,3,7,462.48,5.17);
INSERT INTO avaliacoes_compradores (id_venda,pontualidade_pagamento,logistica_entrega,qualidade_negociacao,comentario_livre) VALUES (286,2,2,3,'');
INSERT INTO vendas (id_venda,id_cooperativa,id_comprador,data_venda,valor_total) VALUES (287,2,55,'2025-07-30 02:43:39',0);
INSERT INTO vendas_itens (id_venda,id_material_base,id_material_catalogo,quantidade_kg,preco_por_kg) VALUES (287,3,7,90.97,6.59);
INSERT INTO vendas_itens (id_venda,id_material_base,id_material_catalogo,quantidade_kg,preco_por_kg) VALUES (287,3,7,352.78,2.63);
INSERT INTO vendas_itens (id_venda,id_material_base,id_material_catalogo,quantidade_kg,preco_por_kg) VALUES (287,1,3,339.86,3.55);
INSERT INTO avaliacoes_compradores (id_venda,pontualidade_pagamento,logistica_entrega,qualidade_negociacao,comentario_livre) VALUES (287,2,2,3,'');
INSERT INTO vendas (id_venda,id_cooperativa,id_comprador,data_venda,valor_total) VALUES (288,7,4,'2024-12-02 02:43:39',0);
INSERT INTO vendas_itens (id_venda,id_material_base,id_material_catalogo,quantidade_kg,preco_por_kg) VALUES (288,1,1,308.80,1.53);
INSERT INTO vendas_itens (id_venda,id_material_base,id_material_catalogo,quantidade_kg,preco_por_kg) VALUES (288,2,6,517.46,0.96);
INSERT INTO vendas (id_venda,id_cooperativa,id_comprador,data_venda,valor_total) VALUES (289,6,19,'2025-01-10 02:43:39',0);
INSERT INTO vendas_itens (id_venda,id_material_base,id_material_catalogo,quantidade_kg,preco_por_kg) VALUES (289,3,8,214.21,7.46);
INSERT INTO avaliacoes_compradores (id_venda,pontualidade_pagamento,logistica_entrega,qualidade_negociacao,comentario_livre) VALUES (289,3,4,5,'');
INSERT INTO avaliacao_feedback_selecionado (id_avaliacao,id_feedback_tag) SELECT id_avaliacao,6 FROM avaliacoes_compradores WHERE id_venda=289;
INSERT INTO avaliacao_feedback_selecionado (id_avaliacao,id_feedback_tag) SELECT id_avaliacao,4 FROM avaliacoes_compradores WHERE id_venda=289;
INSERT INTO vendas (id_venda,id_cooperativa,id_comprador,data_venda,valor_total) VALUES (290,14,56,'2024-11-29 02:43:39',0);
INSERT INTO vendas_itens (id_venda,id_material_base,id_material_catalogo,quantidade_kg,preco_por_kg) VALUES (290,2,5,213.58,0.96);
INSERT INTO vendas_itens (id_venda,id_material_base,id_material_catalogo,quantidade_kg,preco_por_kg) VALUES (290,3,8,578.07,7.70);
INSERT INTO avaliacoes_compradores (id_venda,pontualidade_pagamento,logistica_entrega,qualidade_negociacao,comentario_livre) VALUES (290,5,5,1,'');
INSERT INTO vendas (id_venda,id_cooperativa,id_comprador,data_venda,valor_total) VALUES (291,15,90,'2025-08-17 02:43:39',0);
INSERT INTO vendas_itens (id_venda,id_material_base,id_material_catalogo,quantidade_kg,preco_por_kg) VALUES (291,1,3,453.09,3.25);
INSERT INTO vendas_itens (id_venda,id_material_base,id_material_catalogo,quantidade_kg,preco_por_kg) VALUES (291,3,8,392.65,7.89);
INSERT INTO vendas_itens (id_venda,id_material_base,id_material_catalogo,quantidade_kg,preco_por_kg) VALUES (291,2,6,464.94,0.98);
INSERT INTO avaliacoes_compradores (id_venda,pontualidade_pagamento,logistica_entrega,qualidade_negociacao,comentario_livre) VALUES (291,5,3,4,'');
INSERT INTO avaliacao_feedback_selecionado (id_avaliacao,id_feedback_tag) SELECT id_avaliacao,4 FROM avaliacoes_compradores WHERE id_venda=291;
INSERT INTO vendas (id_venda,id_cooperativa,id_comprador,data_venda,valor_total) VALUES (292,25,82,'2025-08-21 02:43:39',0);
INSERT INTO vendas_itens (id_venda,id_material_base,id_material_catalogo,quantidade_kg,preco_por_kg) VALUES (292,2,6,466.86,1.38);
INSERT INTO vendas (id_venda,id_cooperativa,id_comprador,data_venda,valor_total) VALUES (293,10,49,'2025-05-31 02:43:39',0);
INSERT INTO vendas_itens (id_venda,id_material_base,id_material_catalogo,quantidade_kg,preco_por_kg) VALUES (293,1,3,177.60,3.53);
INSERT INTO vendas_itens (id_venda,id_material_base,id_material_catalogo,quantidade_kg,preco_por_kg) VALUES (293,3,9,81.46,6.11);
INSERT INTO avaliacoes_compradores (id_venda,pontualidade_pagamento,logistica_entrega,qualidade_negociacao,comentario_livre) VALUES (293,3,3,1,'');
INSERT INTO vendas (id_venda,id_cooperativa,id_comprador,data_venda,valor_total) VALUES (294,9,83,'2025-02-08 02:43:39',0);
INSERT INTO vendas_itens (id_venda,id_material_base,id_material_catalogo,quantidade_kg,preco_por_kg) VALUES (294,2,4,572.67,1.65);
INSERT INTO vendas_itens (id_venda,id_material_base,id_material_catalogo,quantidade_kg,preco_por_kg) VALUES (294,1,1,286.01,3.66);
INSERT INTO vendas_itens (id_venda,id_material_base,id_material_catalogo,quantidade_kg,preco_por_kg) VALUES (294,1,1,423.86,2.17);
INSERT INTO vendas (id_venda,id_cooperativa,id_comprador,data_venda,valor_total) VALUES (295,16,46,'2025-06-21 02:43:39',0);
INSERT INTO vendas_itens (id_venda,id_material_base,id_material_catalogo,quantidade_kg,preco_por_kg) VALUES (295,2,6,119.28,1.67);
INSERT INTO vendas_itens (id_venda,id_material_base,id_material_catalogo,quantidade_kg,preco_por_kg) VALUES (295,3,9,553.07,5.94);
INSERT INTO avaliacoes_compradores (id_venda,pontualidade_pagamento,logistica_entrega,qualidade_negociacao,comentario_livre) VALUES (295,3,2,4,'');
INSERT INTO vendas (id_venda,id_cooperativa,id_comprador,data_venda,valor_total) VALUES (296,22,34,'2025-06-04 02:43:39',0);
INSERT INTO vendas_itens (id_venda,id_material_base,id_material_catalogo,quantidade_kg,preco_por_kg) VALUES (296,1,3,285.35,2.35);
INSERT INTO avaliacoes_compradores (id_venda,pontualidade_pagamento,logistica_entrega,qualidade_negociacao,comentario_livre) VALUES (296,5,2,4,'');
INSERT INTO vendas (id_venda,id_cooperativa,id_comprador,data_venda,valor_total) VALUES (297,36,61,'2025-06-16 02:43:39',0);
INSERT INTO vendas_itens (id_venda,id_material_base,id_material_catalogo,quantidade_kg,preco_por_kg) VALUES (297,1,3,122.15,2.30);
INSERT INTO vendas_itens (id_venda,id_material_base,id_material_catalogo,quantidade_kg,preco_por_kg) VALUES (297,2,4,349.53,1.62);
INSERT INTO avaliacoes_compradores (id_venda,pontualidade_pagamento,logistica_entrega,qualidade_negociacao,comentario_livre) VALUES (297,5,3,1,'');
INSERT INTO vendas (id_venda,id_cooperativa,id_comprador,data_venda,valor_total) VALUES (298,24,95,'2025-05-07 02:43:39',0);
INSERT INTO vendas_itens (id_venda,id_material_base,id_material_catalogo,quantidade_kg,preco_por_kg) VALUES (298,2,6,340.94,1.75);
INSERT INTO avaliacoes_compradores (id_venda,pontualidade_pagamento,logistica_entrega,qualidade_negociacao,comentario_livre) VALUES (298,5,5,2,'');
INSERT INTO avaliacao_feedback_selecionado (id_avaliacao,id_feedback_tag) SELECT id_avaliacao,11 FROM avaliacoes_compradores WHERE id_venda=298;
INSERT INTO vendas (id_venda,id_cooperativa,id_comprador,data_venda,valor_total) VALUES (299,16,47,'2024-12-13 02:43:39',0);
INSERT INTO vendas_itens (id_venda,id_material_base,id_material_catalogo,quantidade_kg,preco_por_kg) VALUES (299,2,4,413.04,0.82);
INSERT INTO avaliacoes_compradores (id_venda,pontualidade_pagamento,logistica_entrega,qualidade_negociacao,comentario_livre) VALUES (299,1,5,4,'');
INSERT INTO vendas (id_venda,id_cooperativa,id_comprador,data_venda,valor_total) VALUES (300,20,82,'2024-11-18 02:43:39',0);
INSERT INTO vendas_itens (id_venda,id_material_base,id_material_catalogo,quantidade_kg,preco_por_kg) VALUES (300,2,5,558.35,1.14);
INSERT INTO avaliacoes_compradores (id_venda,pontualidade_pagamento,logistica_entrega,qualidade_negociacao,comentario_livre) VALUES (300,3,5,1,'');
INSERT INTO vendas (id_venda,id_cooperativa,id_comprador,data_venda,valor_total) VALUES (301,19,2,'2025-08-13 02:43:39',0);
INSERT INTO vendas_itens (id_venda,id_material_base,id_material_catalogo,quantidade_kg,preco_por_kg) VALUES (301,3,7,107.95,2.58);
INSERT INTO vendas (id_venda,id_cooperativa,id_comprador,data_venda,valor_total) VALUES (302,46,75,'2025-01-25 02:43:39',0);
INSERT INTO vendas_itens (id_venda,id_material_base,id_material_catalogo,quantidade_kg,preco_por_kg) VALUES (302,2,5,96.83,1.77);
INSERT INTO vendas (id_venda,id_cooperativa,id_comprador,data_venda,valor_total) VALUES (303,7,83,'2025-02-16 02:43:39',0);
INSERT INTO vendas_itens (id_venda,id_material_base,id_material_catalogo,quantidade_kg,preco_por_kg) VALUES (303,1,3,396.44,2.81);
INSERT INTO vendas_itens (id_venda,id_material_base,id_material_catalogo,quantidade_kg,preco_por_kg) VALUES (303,1,1,464.19,1.37);
INSERT INTO vendas (id_venda,id_cooperativa,id_comprador,data_venda,valor_total) VALUES (304,34,27,'2024-11-24 02:43:39',0);
INSERT INTO vendas_itens (id_venda,id_material_base,id_material_catalogo,quantidade_kg,preco_por_kg) VALUES (304,1,2,270.51,1.64);
INSERT INTO vendas_itens (id_venda,id_material_base,id_material_catalogo,quantidade_kg,preco_por_kg) VALUES (304,2,6,214.05,1.38);
INSERT INTO vendas (id_venda,id_cooperativa,id_comprador,data_venda,valor_total) VALUES (305,38,41,'2025-07-17 02:43:39',0);
INSERT INTO vendas_itens (id_venda,id_material_base,id_material_catalogo,quantidade_kg,preco_por_kg) VALUES (305,3,8,400.05,5.10);
INSERT INTO vendas_itens (id_venda,id_material_base,id_material_catalogo,quantidade_kg,preco_por_kg) VALUES (305,2,6,52.35,0.55);
INSERT INTO vendas_itens (id_venda,id_material_base,id_material_catalogo,quantidade_kg,preco_por_kg) VALUES (305,2,6,368.81,0.66);
INSERT INTO vendas (id_venda,id_cooperativa,id_comprador,data_venda,valor_total) VALUES (306,14,79,'2025-09-18 02:43:39',0);
INSERT INTO vendas_itens (id_venda,id_material_base,id_material_catalogo,quantidade_kg,preco_por_kg) VALUES (306,1,1,53.54,2.86);
INSERT INTO vendas_itens (id_venda,id_material_base,id_material_catalogo,quantidade_kg,preco_por_kg) VALUES (306,1,3,327.04,2.57);
INSERT INTO avaliacoes_compradores (id_venda,pontualidade_pagamento,logistica_entrega,qualidade_negociacao,comentario_livre) VALUES (306,2,3,5,'');
INSERT INTO vendas (id_venda,id_cooperativa,id_comprador,data_venda,valor_total) VALUES (307,22,43,'2025-10-30 02:43:39',0);
INSERT INTO vendas_itens (id_venda,id_material_base,id_material_catalogo,quantidade_kg,preco_por_kg) VALUES (307,1,1,125.57,1.21);
INSERT INTO vendas_itens (id_venda,id_material_base,id_material_catalogo,quantidade_kg,preco_por_kg) VALUES (307,3,7,162.07,3.74);
INSERT INTO vendas (id_venda,id_cooperativa,id_comprador,data_venda,valor_total) VALUES (308,3,37,'2025-06-02 02:43:39',0);
INSERT INTO vendas_itens (id_venda,id_material_base,id_material_catalogo,quantidade_kg,preco_por_kg) VALUES (308,2,5,545.63,1.14);
INSERT INTO vendas_itens (id_venda,id_material_base,id_material_catalogo,quantidade_kg,preco_por_kg) VALUES (308,3,8,334.56,3.34);
INSERT INTO vendas_itens (id_venda,id_material_base,id_material_catalogo,quantidade_kg,preco_por_kg) VALUES (308,1,2,183.99,3.65);
INSERT INTO avaliacoes_compradores (id_venda,pontualidade_pagamento,logistica_entrega,qualidade_negociacao,comentario_livre) VALUES (308,5,5,5,'');
INSERT INTO avaliacao_feedback_selecionado (id_avaliacao,id_feedback_tag) SELECT id_avaliacao,2 FROM avaliacoes_compradores WHERE id_venda=308;
INSERT INTO avaliacao_feedback_selecionado (id_avaliacao,id_feedback_tag) SELECT id_avaliacao,5 FROM avaliacoes_compradores WHERE id_venda=308;
INSERT INTO avaliacao_feedback_selecionado (id_avaliacao,id_feedback_tag) SELECT id_avaliacao,7 FROM avaliacoes_compradores WHERE id_venda=308;
INSERT INTO vendas (id_venda,id_cooperativa,id_comprador,data_venda,valor_total) VALUES (309,6,6,'2025-05-29 02:43:39',0);
INSERT INTO vendas_itens (id_venda,id_material_base,id_material_catalogo,quantidade_kg,preco_por_kg) VALUES (309,1,2,310.37,2.94);
INSERT INTO vendas_itens (id_venda,id_material_base,id_material_catalogo,quantidade_kg,preco_por_kg) VALUES (309,2,5,500.18,1.21);
INSERT INTO avaliacoes_compradores (id_venda,pontualidade_pagamento,logistica_entrega,qualidade_negociacao,comentario_livre) VALUES (309,1,3,3,'');
INSERT INTO vendas (id_venda,id_cooperativa,id_comprador,data_venda,valor_total) VALUES (310,14,3,'2025-06-05 02:43:39',0);
INSERT INTO vendas_itens (id_venda,id_material_base,id_material_catalogo,quantidade_kg,preco_por_kg) VALUES (310,1,2,295.72,3.59);
INSERT INTO vendas_itens (id_venda,id_material_base,id_material_catalogo,quantidade_kg,preco_por_kg) VALUES (310,1,3,196.78,1.54);
INSERT INTO avaliacoes_compradores (id_venda,pontualidade_pagamento,logistica_entrega,qualidade_negociacao,comentario_livre) VALUES (310,2,2,3,'');
INSERT INTO vendas (id_venda,id_cooperativa,id_comprador,data_venda,valor_total) VALUES (311,38,43,'2025-09-02 02:43:39',0);
INSERT INTO vendas_itens (id_venda,id_material_base,id_material_catalogo,quantidade_kg,preco_por_kg) VALUES (311,1,3,472.65,3.05);
INSERT INTO vendas_itens (id_venda,id_material_base,id_material_catalogo,quantidade_kg,preco_por_kg) VALUES (311,1,3,169.47,1.97);
INSERT INTO vendas (id_venda,id_cooperativa,id_comprador,data_venda,valor_total) VALUES (312,44,34,'2025-08-28 02:43:39',0);
INSERT INTO vendas_itens (id_venda,id_material_base,id_material_catalogo,quantidade_kg,preco_por_kg) VALUES (312,1,3,529.24,3.10);
INSERT INTO vendas_itens (id_venda,id_material_base,id_material_catalogo,quantidade_kg,preco_por_kg) VALUES (312,1,1,41.70,2.90);
INSERT INTO vendas (id_venda,id_cooperativa,id_comprador,data_venda,valor_total) VALUES (313,25,6,'2025-07-18 02:43:39',0);
INSERT INTO vendas_itens (id_venda,id_material_base,id_material_catalogo,quantidade_kg,preco_por_kg) VALUES (313,2,4,570.55,0.80);
INSERT INTO avaliacoes_compradores (id_venda,pontualidade_pagamento,logistica_entrega,qualidade_negociacao,comentario_livre) VALUES (313,4,1,5,'');
INSERT INTO vendas (id_venda,id_cooperativa,id_comprador,data_venda,valor_total) VALUES (314,44,16,'2025-10-01 02:43:39',0);
INSERT INTO vendas_itens (id_venda,id_material_base,id_material_catalogo,quantidade_kg,preco_por_kg) VALUES (314,3,9,217.50,4.26);
INSERT INTO vendas_itens (id_venda,id_material_base,id_material_catalogo,quantidade_kg,preco_por_kg) VALUES (314,3,7,74.47,7.80);
INSERT INTO vendas_itens (id_venda,id_material_base,id_material_catalogo,quantidade_kg,preco_por_kg) VALUES (314,2,4,410.84,0.91);
INSERT INTO avaliacoes_compradores (id_venda,pontualidade_pagamento,logistica_entrega,qualidade_negociacao,comentario_livre) VALUES (314,1,4,4,'');
INSERT INTO vendas (id_venda,id_cooperativa,id_comprador,data_venda,valor_total) VALUES (315,42,27,'2024-12-04 02:43:39',0);
INSERT INTO vendas_itens (id_venda,id_material_base,id_material_catalogo,quantidade_kg,preco_por_kg) VALUES (315,3,7,211.61,4.88);
INSERT INTO avaliacoes_compradores (id_venda,pontualidade_pagamento,logistica_entrega,qualidade_negociacao,comentario_livre) VALUES (315,5,3,2,'');
INSERT INTO vendas (id_venda,id_cooperativa,id_comprador,data_venda,valor_total) VALUES (316,32,13,'2025-02-07 02:43:39',0);
INSERT INTO vendas_itens (id_venda,id_material_base,id_material_catalogo,quantidade_kg,preco_por_kg) VALUES (316,3,7,321.90,3.98);
INSERT INTO vendas_itens (id_venda,id_material_base,id_material_catalogo,quantidade_kg,preco_por_kg) VALUES (316,1,1,366.32,3.01);
INSERT INTO vendas_itens (id_venda,id_material_base,id_material_catalogo,quantidade_kg,preco_por_kg) VALUES (316,3,8,240.20,6.54);
INSERT INTO vendas (id_venda,id_cooperativa,id_comprador,data_venda,valor_total) VALUES (317,50,48,'2025-04-01 02:43:39',0);
INSERT INTO vendas_itens (id_venda,id_material_base,id_material_catalogo,quantidade_kg,preco_por_kg) VALUES (317,3,8,206.10,3.04);
INSERT INTO vendas_itens (id_venda,id_material_base,id_material_catalogo,quantidade_kg,preco_por_kg) VALUES (317,1,2,122.93,2.07);
INSERT INTO avaliacoes_compradores (id_venda,pontualidade_pagamento,logistica_entrega,qualidade_negociacao,comentario_livre) VALUES (317,2,1,2,'');
INSERT INTO avaliacao_feedback_selecionado (id_avaliacao,id_feedback_tag) SELECT id_avaliacao,19 FROM avaliacoes_compradores WHERE id_venda=317;
INSERT INTO avaliacao_feedback_selecionado (id_avaliacao,id_feedback_tag) SELECT id_avaliacao,15 FROM avaliacoes_compradores WHERE id_venda=317;
INSERT INTO vendas (id_venda,id_cooperativa,id_comprador,data_venda,valor_total) VALUES (318,35,3,'2025-11-08 02:43:39',0);
INSERT INTO vendas_itens (id_venda,id_material_base,id_material_catalogo,quantidade_kg,preco_por_kg) VALUES (318,3,7,144.97,4.68);
INSERT INTO vendas_itens (id_venda,id_material_base,id_material_catalogo,quantidade_kg,preco_por_kg) VALUES (318,1,1,512.40,2.56);
INSERT INTO vendas_itens (id_venda,id_material_base,id_material_catalogo,quantidade_kg,preco_por_kg) VALUES (318,1,1,551.03,1.79);
INSERT INTO avaliacoes_compradores (id_venda,pontualidade_pagamento,logistica_entrega,qualidade_negociacao,comentario_livre) VALUES (318,3,5,3,'');
INSERT INTO vendas (id_venda,id_cooperativa,id_comprador,data_venda,valor_total) VALUES (319,27,70,'2025-04-23 02:43:39',0);
INSERT INTO vendas_itens (id_venda,id_material_base,id_material_catalogo,quantidade_kg,preco_por_kg) VALUES (319,3,7,251.43,7.17);
INSERT INTO avaliacoes_compradores (id_venda,pontualidade_pagamento,logistica_entrega,qualidade_negociacao,comentario_livre) VALUES (319,4,2,4,'');
INSERT INTO vendas (id_venda,id_cooperativa,id_comprador,data_venda,valor_total) VALUES (320,14,98,'2025-03-03 02:43:39',0);
INSERT INTO vendas_itens (id_venda,id_material_base,id_material_catalogo,quantidade_kg,preco_por_kg) VALUES (320,2,5,266.20,1.25);
INSERT INTO avaliacoes_compradores (id_venda,pontualidade_pagamento,logistica_entrega,qualidade_negociacao,comentario_livre) VALUES (320,3,2,3,'');
INSERT INTO vendas (id_venda,id_cooperativa,id_comprador,data_venda,valor_total) VALUES (321,45,95,'2025-03-31 02:43:39',0);
INSERT INTO vendas_itens (id_venda,id_material_base,id_material_catalogo,quantidade_kg,preco_por_kg) VALUES (321,1,2,589.76,1.82);
INSERT INTO vendas_itens (id_venda,id_material_base,id_material_catalogo,quantidade_kg,preco_por_kg) VALUES (321,3,7,585.24,7.29);
INSERT INTO avaliacoes_compradores (id_venda,pontualidade_pagamento,logistica_entrega,qualidade_negociacao,comentario_livre) VALUES (321,2,5,5,'');
INSERT INTO avaliacao_feedback_selecionado (id_avaliacao,id_feedback_tag) SELECT id_avaliacao,7 FROM avaliacoes_compradores WHERE id_venda=321;
INSERT INTO avaliacao_feedback_selecionado (id_avaliacao,id_feedback_tag) SELECT id_avaliacao,6 FROM avaliacoes_compradores WHERE id_venda=321;
INSERT INTO vendas (id_venda,id_cooperativa,id_comprador,data_venda,valor_total) VALUES (322,39,20,'2025-02-10 02:43:39',0);
INSERT INTO vendas_itens (id_venda,id_material_base,id_material_catalogo,quantidade_kg,preco_por_kg) VALUES (322,2,4,292.28,0.62);
INSERT INTO vendas (id_venda,id_cooperativa,id_comprador,data_venda,valor_total) VALUES (323,20,46,'2025-11-11 02:43:39',0);
INSERT INTO vendas_itens (id_venda,id_material_base,id_material_catalogo,quantidade_kg,preco_por_kg) VALUES (323,3,9,202.28,2.71);
INSERT INTO avaliacoes_compradores (id_venda,pontualidade_pagamento,logistica_entrega,qualidade_negociacao,comentario_livre) VALUES (323,3,1,2,'');
INSERT INTO avaliacao_feedback_selecionado (id_avaliacao,id_feedback_tag) SELECT id_avaliacao,15 FROM avaliacoes_compradores WHERE id_venda=323;
INSERT INTO avaliacao_feedback_selecionado (id_avaliacao,id_feedback_tag) SELECT id_avaliacao,21 FROM avaliacoes_compradores WHERE id_venda=323;
INSERT INTO vendas (id_venda,id_cooperativa,id_comprador,data_venda,valor_total) VALUES (324,31,99,'2025-09-19 02:43:39',0);
INSERT INTO vendas_itens (id_venda,id_material_base,id_material_catalogo,quantidade_kg,preco_por_kg) VALUES (324,3,8,357.97,5.27);
INSERT INTO vendas_itens (id_venda,id_material_base,id_material_catalogo,quantidade_kg,preco_por_kg) VALUES (324,1,1,339.97,2.06);
INSERT INTO vendas_itens (id_venda,id_material_base,id_material_catalogo,quantidade_kg,preco_por_kg) VALUES (324,3,7,349.03,7.35);
INSERT INTO vendas (id_venda,id_cooperativa,id_comprador,data_venda,valor_total) VALUES (325,14,86,'2025-08-09 02:43:39',0);
INSERT INTO vendas_itens (id_venda,id_material_base,id_material_catalogo,quantidade_kg,preco_por_kg) VALUES (325,2,5,577.23,0.57);
INSERT INTO vendas_itens (id_venda,id_material_base,id_material_catalogo,quantidade_kg,preco_por_kg) VALUES (325,3,7,474.75,6.80);
INSERT INTO vendas_itens (id_venda,id_material_base,id_material_catalogo,quantidade_kg,preco_por_kg) VALUES (325,2,4,537.43,1.56);
INSERT INTO avaliacoes_compradores (id_venda,pontualidade_pagamento,logistica_entrega,qualidade_negociacao,comentario_livre) VALUES (325,3,1,4,'');
INSERT INTO vendas (id_venda,id_cooperativa,id_comprador,data_venda,valor_total) VALUES (326,18,61,'2025-08-17 02:43:39',0);
INSERT INTO vendas_itens (id_venda,id_material_base,id_material_catalogo,quantidade_kg,preco_por_kg) VALUES (326,2,4,134.41,1.40);
INSERT INTO vendas_itens (id_venda,id_material_base,id_material_catalogo,quantidade_kg,preco_por_kg) VALUES (326,3,7,104.79,5.03);
INSERT INTO vendas (id_venda,id_cooperativa,id_comprador,data_venda,valor_total) VALUES (327,36,7,'2025-05-23 02:43:39',0);
INSERT INTO vendas_itens (id_venda,id_material_base,id_material_catalogo,quantidade_kg,preco_por_kg) VALUES (327,3,7,371.31,3.57);
INSERT INTO vendas_itens (id_venda,id_material_base,id_material_catalogo,quantidade_kg,preco_por_kg) VALUES (327,1,2,343.64,3.75);
INSERT INTO vendas_itens (id_venda,id_material_base,id_material_catalogo,quantidade_kg,preco_por_kg) VALUES (327,2,4,288.31,1.59);
INSERT INTO avaliacoes_compradores (id_venda,pontualidade_pagamento,logistica_entrega,qualidade_negociacao,comentario_livre) VALUES (327,5,5,2,'');
INSERT INTO avaliacao_feedback_selecionado (id_avaliacao,id_feedback_tag) SELECT id_avaliacao,3 FROM avaliacoes_compradores WHERE id_venda=327;
INSERT INTO avaliacao_feedback_selecionado (id_avaliacao,id_feedback_tag) SELECT id_avaliacao,7 FROM avaliacoes_compradores WHERE id_venda=327;
INSERT INTO vendas (id_venda,id_cooperativa,id_comprador,data_venda,valor_total) VALUES (328,39,12,'2025-08-13 02:43:39',0);
INSERT INTO vendas_itens (id_venda,id_material_base,id_material_catalogo,quantidade_kg,preco_por_kg) VALUES (328,3,7,43.65,2.50);
INSERT INTO vendas_itens (id_venda,id_material_base,id_material_catalogo,quantidade_kg,preco_por_kg) VALUES (328,3,8,378.26,3.30);
INSERT INTO vendas_itens (id_venda,id_material_base,id_material_catalogo,quantidade_kg,preco_por_kg) VALUES (328,1,1,453.47,3.95);
INSERT INTO avaliacoes_compradores (id_venda,pontualidade_pagamento,logistica_entrega,qualidade_negociacao,comentario_livre) VALUES (328,2,5,3,'');
INSERT INTO vendas (id_venda,id_cooperativa,id_comprador,data_venda,valor_total) VALUES (329,20,55,'2025-10-07 02:43:39',0);
INSERT INTO vendas_itens (id_venda,id_material_base,id_material_catalogo,quantidade_kg,preco_por_kg) VALUES (329,2,6,123.24,1.10);
INSERT INTO vendas_itens (id_venda,id_material_base,id_material_catalogo,quantidade_kg,preco_por_kg) VALUES (329,3,9,42.34,5.51);
INSERT INTO vendas_itens (id_venda,id_material_base,id_material_catalogo,quantidade_kg,preco_por_kg) VALUES (329,2,4,409.66,0.86);
INSERT INTO avaliacoes_compradores (id_venda,pontualidade_pagamento,logistica_entrega,qualidade_negociacao,comentario_livre) VALUES (329,1,2,3,'');
INSERT INTO avaliacao_feedback_selecionado (id_avaliacao,id_feedback_tag) SELECT id_avaliacao,18 FROM avaliacoes_compradores WHERE id_venda=329;
INSERT INTO avaliacao_feedback_selecionado (id_avaliacao,id_feedback_tag) SELECT id_avaliacao,14 FROM avaliacoes_compradores WHERE id_venda=329;
INSERT INTO vendas (id_venda,id_cooperativa,id_comprador,data_venda,valor_total) VALUES (330,22,42,'2025-07-12 02:43:39',0);
INSERT INTO vendas_itens (id_venda,id_material_base,id_material_catalogo,quantidade_kg,preco_por_kg) VALUES (330,3,8,148.10,7.59);
INSERT INTO vendas_itens (id_venda,id_material_base,id_material_catalogo,quantidade_kg,preco_por_kg) VALUES (330,2,4,60.41,1.28);
INSERT INTO avaliacoes_compradores (id_venda,pontualidade_pagamento,logistica_entrega,qualidade_negociacao,comentario_livre) VALUES (330,4,2,4,'');
INSERT INTO vendas (id_venda,id_cooperativa,id_comprador,data_venda,valor_total) VALUES (331,38,63,'2025-05-18 02:43:39',0);
INSERT INTO vendas_itens (id_venda,id_material_base,id_material_catalogo,quantidade_kg,preco_por_kg) VALUES (331,3,9,134.82,3.39);
INSERT INTO vendas_itens (id_venda,id_material_base,id_material_catalogo,quantidade_kg,preco_por_kg) VALUES (331,3,8,202.13,7.65);
INSERT INTO vendas_itens (id_venda,id_material_base,id_material_catalogo,quantidade_kg,preco_por_kg) VALUES (331,3,8,381.60,6.92);
INSERT INTO vendas (id_venda,id_cooperativa,id_comprador,data_venda,valor_total) VALUES (332,25,42,'2025-07-28 02:43:39',0);
INSERT INTO vendas_itens (id_venda,id_material_base,id_material_catalogo,quantidade_kg,preco_por_kg) VALUES (332,3,8,493.50,3.75);
INSERT INTO vendas_itens (id_venda,id_material_base,id_material_catalogo,quantidade_kg,preco_por_kg) VALUES (332,2,5,453.19,1.22);
INSERT INTO vendas_itens (id_venda,id_material_base,id_material_catalogo,quantidade_kg,preco_por_kg) VALUES (332,1,1,349.46,2.44);
INSERT INTO avaliacoes_compradores (id_venda,pontualidade_pagamento,logistica_entrega,qualidade_negociacao,comentario_livre) VALUES (332,4,2,3,'');
INSERT INTO vendas (id_venda,id_cooperativa,id_comprador,data_venda,valor_total) VALUES (333,48,16,'2025-07-16 02:43:39',0);
INSERT INTO vendas_itens (id_venda,id_material_base,id_material_catalogo,quantidade_kg,preco_por_kg) VALUES (333,1,1,277.54,2.32);
INSERT INTO vendas_itens (id_venda,id_material_base,id_material_catalogo,quantidade_kg,preco_por_kg) VALUES (333,2,4,482.70,1.10);
INSERT INTO vendas_itens (id_venda,id_material_base,id_material_catalogo,quantidade_kg,preco_por_kg) VALUES (333,1,2,481.07,3.75);
INSERT INTO vendas (id_venda,id_cooperativa,id_comprador,data_venda,valor_total) VALUES (334,24,40,'2025-02-27 02:43:39',0);
INSERT INTO vendas_itens (id_venda,id_material_base,id_material_catalogo,quantidade_kg,preco_por_kg) VALUES (334,1,3,510.82,3.43);
INSERT INTO avaliacoes_compradores (id_venda,pontualidade_pagamento,logistica_entrega,qualidade_negociacao,comentario_livre) VALUES (334,4,5,4,'');
INSERT INTO avaliacao_feedback_selecionado (id_avaliacao,id_feedback_tag) SELECT id_avaliacao,2 FROM avaliacoes_compradores WHERE id_venda=334;
INSERT INTO avaliacao_feedback_selecionado (id_avaliacao,id_feedback_tag) SELECT id_avaliacao,3 FROM avaliacoes_compradores WHERE id_venda=334;
INSERT INTO avaliacao_feedback_selecionado (id_avaliacao,id_feedback_tag) SELECT id_avaliacao,1 FROM avaliacoes_compradores WHERE id_venda=334;
INSERT INTO vendas (id_venda,id_cooperativa,id_comprador,data_venda,valor_total) VALUES (335,37,59,'2025-06-14 02:43:39',0);
INSERT INTO vendas_itens (id_venda,id_material_base,id_material_catalogo,quantidade_kg,preco_por_kg) VALUES (335,1,3,167.09,3.55);
INSERT INTO vendas_itens (id_venda,id_material_base,id_material_catalogo,quantidade_kg,preco_por_kg) VALUES (335,3,7,155.62,7.91);
INSERT INTO vendas_itens (id_venda,id_material_base,id_material_catalogo,quantidade_kg,preco_por_kg) VALUES (335,2,4,362.52,1.17);
INSERT INTO vendas (id_venda,id_cooperativa,id_comprador,data_venda,valor_total) VALUES (336,28,76,'2025-03-31 02:43:39',0);
INSERT INTO vendas_itens (id_venda,id_material_base,id_material_catalogo,quantidade_kg,preco_por_kg) VALUES (336,2,6,173.10,1.27);
INSERT INTO vendas_itens (id_venda,id_material_base,id_material_catalogo,quantidade_kg,preco_por_kg) VALUES (336,2,5,464.87,0.66);
INSERT INTO vendas_itens (id_venda,id_material_base,id_material_catalogo,quantidade_kg,preco_por_kg) VALUES (336,2,6,561.54,1.03);
INSERT INTO avaliacoes_compradores (id_venda,pontualidade_pagamento,logistica_entrega,qualidade_negociacao,comentario_livre) VALUES (336,1,2,1,'');
INSERT INTO avaliacao_feedback_selecionado (id_avaliacao,id_feedback_tag) SELECT id_avaliacao,16 FROM avaliacoes_compradores WHERE id_venda=336;
INSERT INTO vendas (id_venda,id_cooperativa,id_comprador,data_venda,valor_total) VALUES (337,32,58,'2025-09-08 02:43:39',0);
INSERT INTO vendas_itens (id_venda,id_material_base,id_material_catalogo,quantidade_kg,preco_por_kg) VALUES (337,3,8,194.92,7.02);
INSERT INTO vendas_itens (id_venda,id_material_base,id_material_catalogo,quantidade_kg,preco_por_kg) VALUES (337,2,4,69.05,0.51);
INSERT INTO vendas_itens (id_venda,id_material_base,id_material_catalogo,quantidade_kg,preco_por_kg) VALUES (337,1,2,103.10,3.26);
INSERT INTO vendas (id_venda,id_cooperativa,id_comprador,data_venda,valor_total) VALUES (338,20,68,'2025-04-29 02:43:39',0);
INSERT INTO vendas_itens (id_venda,id_material_base,id_material_catalogo,quantidade_kg,preco_por_kg) VALUES (338,1,3,200.45,1.54);
INSERT INTO vendas (id_venda,id_cooperativa,id_comprador,data_venda,valor_total) VALUES (339,9,17,'2025-02-21 02:43:39',0);
INSERT INTO vendas_itens (id_venda,id_material_base,id_material_catalogo,quantidade_kg,preco_por_kg) VALUES (339,1,2,331.18,2.66);
INSERT INTO vendas_itens (id_venda,id_material_base,id_material_catalogo,quantidade_kg,preco_por_kg) VALUES (339,3,7,454.37,3.87);
INSERT INTO vendas (id_venda,id_cooperativa,id_comprador,data_venda,valor_total) VALUES (340,13,17,'2025-08-07 02:43:39',0);
INSERT INTO vendas_itens (id_venda,id_material_base,id_material_catalogo,quantidade_kg,preco_por_kg) VALUES (340,3,8,102.34,7.30);
INSERT INTO vendas_itens (id_venda,id_material_base,id_material_catalogo,quantidade_kg,preco_por_kg) VALUES (340,1,2,253.05,2.44);
INSERT INTO vendas_itens (id_venda,id_material_base,id_material_catalogo,quantidade_kg,preco_por_kg) VALUES (340,2,6,193.18,1.60);
INSERT INTO avaliacoes_compradores (id_venda,pontualidade_pagamento,logistica_entrega,qualidade_negociacao,comentario_livre) VALUES (340,4,4,4,'');
INSERT INTO avaliacao_feedback_selecionado (id_avaliacao,id_feedback_tag) SELECT id_avaliacao,11 FROM avaliacoes_compradores WHERE id_venda=340;
INSERT INTO vendas (id_venda,id_cooperativa,id_comprador,data_venda,valor_total) VALUES (341,15,15,'2025-05-25 02:43:39',0);
INSERT INTO vendas_itens (id_venda,id_material_base,id_material_catalogo,quantidade_kg,preco_por_kg) VALUES (341,2,5,171.28,1.47);
INSERT INTO avaliacoes_compradores (id_venda,pontualidade_pagamento,logistica_entrega,qualidade_negociacao,comentario_livre) VALUES (341,5,1,3,'');
INSERT INTO vendas (id_venda,id_cooperativa,id_comprador,data_venda,valor_total) VALUES (342,38,77,'2024-12-13 02:43:39',0);
INSERT INTO vendas_itens (id_venda,id_material_base,id_material_catalogo,quantidade_kg,preco_por_kg) VALUES (342,2,4,282.99,0.77);
INSERT INTO vendas (id_venda,id_cooperativa,id_comprador,data_venda,valor_total) VALUES (343,25,42,'2025-02-05 02:43:39',0);
INSERT INTO vendas_itens (id_venda,id_material_base,id_material_catalogo,quantidade_kg,preco_por_kg) VALUES (343,3,8,537.48,6.09);
INSERT INTO vendas_itens (id_venda,id_material_base,id_material_catalogo,quantidade_kg,preco_por_kg) VALUES (343,2,5,42.11,1.00);
INSERT INTO vendas_itens (id_venda,id_material_base,id_material_catalogo,quantidade_kg,preco_por_kg) VALUES (343,2,6,560.14,1.65);
INSERT INTO vendas (id_venda,id_cooperativa,id_comprador,data_venda,valor_total) VALUES (344,24,56,'2025-03-29 02:43:39',0);
INSERT INTO vendas_itens (id_venda,id_material_base,id_material_catalogo,quantidade_kg,preco_por_kg) VALUES (344,1,3,437.25,2.20);
INSERT INTO vendas_itens (id_venda,id_material_base,id_material_catalogo,quantidade_kg,preco_por_kg) VALUES (344,2,5,43.81,0.56);
INSERT INTO vendas_itens (id_venda,id_material_base,id_material_catalogo,quantidade_kg,preco_por_kg) VALUES (344,3,8,106.99,6.49);
INSERT INTO avaliacoes_compradores (id_venda,pontualidade_pagamento,logistica_entrega,qualidade_negociacao,comentario_livre) VALUES (344,2,5,1,'');
INSERT INTO vendas (id_venda,id_cooperativa,id_comprador,data_venda,valor_total) VALUES (345,42,85,'2025-06-18 02:43:39',0);
INSERT INTO vendas_itens (id_venda,id_material_base,id_material_catalogo,quantidade_kg,preco_por_kg) VALUES (345,1,1,43.70,3.93);
INSERT INTO avaliacoes_compradores (id_venda,pontualidade_pagamento,logistica_entrega,qualidade_negociacao,comentario_livre) VALUES (345,1,1,4,'');
INSERT INTO avaliacao_feedback_selecionado (id_avaliacao,id_feedback_tag) SELECT id_avaliacao,20 FROM avaliacoes_compradores WHERE id_venda=345;
INSERT INTO vendas (id_venda,id_cooperativa,id_comprador,data_venda,valor_total) VALUES (346,15,10,'2024-11-24 02:43:39',0);
INSERT INTO vendas_itens (id_venda,id_material_base,id_material_catalogo,quantidade_kg,preco_por_kg) VALUES (346,1,3,363.12,1.72);
INSERT INTO vendas_itens (id_venda,id_material_base,id_material_catalogo,quantidade_kg,preco_por_kg) VALUES (346,1,1,278.27,1.79);
INSERT INTO vendas_itens (id_venda,id_material_base,id_material_catalogo,quantidade_kg,preco_por_kg) VALUES (346,3,8,515.83,2.52);
INSERT INTO vendas (id_venda,id_cooperativa,id_comprador,data_venda,valor_total) VALUES (347,38,64,'2025-03-27 02:43:39',0);
INSERT INTO vendas_itens (id_venda,id_material_base,id_material_catalogo,quantidade_kg,preco_por_kg) VALUES (347,3,8,308.56,7.15);
INSERT INTO avaliacoes_compradores (id_venda,pontualidade_pagamento,logistica_entrega,qualidade_negociacao,comentario_livre) VALUES (347,2,2,3,'');
INSERT INTO vendas (id_venda,id_cooperativa,id_comprador,data_venda,valor_total) VALUES (348,6,50,'2025-04-13 02:43:39',0);
INSERT INTO vendas_itens (id_venda,id_material_base,id_material_catalogo,quantidade_kg,preco_por_kg) VALUES (348,3,8,102.75,3.15);
INSERT INTO vendas_itens (id_venda,id_material_base,id_material_catalogo,quantidade_kg,preco_por_kg) VALUES (348,2,5,210.13,0.74);
INSERT INTO vendas_itens (id_venda,id_material_base,id_material_catalogo,quantidade_kg,preco_por_kg) VALUES (348,3,9,577.38,3.83);
INSERT INTO vendas (id_venda,id_cooperativa,id_comprador,data_venda,valor_total) VALUES (349,4,17,'2025-08-04 02:43:39',0);
INSERT INTO vendas_itens (id_venda,id_material_base,id_material_catalogo,quantidade_kg,preco_por_kg) VALUES (349,2,5,325.08,0.60);
INSERT INTO vendas_itens (id_venda,id_material_base,id_material_catalogo,quantidade_kg,preco_por_kg) VALUES (349,2,5,525.24,1.28);
INSERT INTO avaliacoes_compradores (id_venda,pontualidade_pagamento,logistica_entrega,qualidade_negociacao,comentario_livre) VALUES (349,4,4,5,'');
INSERT INTO avaliacao_feedback_selecionado (id_avaliacao,id_feedback_tag) SELECT id_avaliacao,10 FROM avaliacoes_compradores WHERE id_venda=349;
INSERT INTO avaliacao_feedback_selecionado (id_avaliacao,id_feedback_tag) SELECT id_avaliacao,11 FROM avaliacoes_compradores WHERE id_venda=349;
INSERT INTO vendas (id_venda,id_cooperativa,id_comprador,data_venda,valor_total) VALUES (350,49,47,'2025-09-27 02:43:39',0);
INSERT INTO vendas_itens (id_venda,id_material_base,id_material_catalogo,quantidade_kg,preco_por_kg) VALUES (350,1,2,211.05,2.89);
INSERT INTO vendas_itens (id_venda,id_material_base,id_material_catalogo,quantidade_kg,preco_por_kg) VALUES (350,3,7,48.22,5.65);
INSERT INTO vendas (id_venda,id_cooperativa,id_comprador,data_venda,valor_total) VALUES (351,37,2,'2025-03-30 02:43:39',0);
INSERT INTO vendas_itens (id_venda,id_material_base,id_material_catalogo,quantidade_kg,preco_por_kg) VALUES (351,2,4,478.04,0.53);
INSERT INTO avaliacoes_compradores (id_venda,pontualidade_pagamento,logistica_entrega,qualidade_negociacao,comentario_livre) VALUES (351,4,1,3,'');
INSERT INTO vendas (id_venda,id_cooperativa,id_comprador,data_venda,valor_total) VALUES (352,31,84,'2025-01-07 02:43:39',0);
INSERT INTO vendas_itens (id_venda,id_material_base,id_material_catalogo,quantidade_kg,preco_por_kg) VALUES (352,3,8,206.42,4.86);
INSERT INTO avaliacoes_compradores (id_venda,pontualidade_pagamento,logistica_entrega,qualidade_negociacao,comentario_livre) VALUES (352,4,5,4,'');
INSERT INTO avaliacao_feedback_selecionado (id_avaliacao,id_feedback_tag) SELECT id_avaliacao,5 FROM avaliacoes_compradores WHERE id_venda=352;
INSERT INTO vendas (id_venda,id_cooperativa,id_comprador,data_venda,valor_total) VALUES (353,20,90,'2025-05-16 02:43:39',0);
INSERT INTO vendas_itens (id_venda,id_material_base,id_material_catalogo,quantidade_kg,preco_por_kg) VALUES (353,3,9,411.31,7.58);
INSERT INTO vendas_itens (id_venda,id_material_base,id_material_catalogo,quantidade_kg,preco_por_kg) VALUES (353,1,2,66.58,2.62);
INSERT INTO vendas_itens (id_venda,id_material_base,id_material_catalogo,quantidade_kg,preco_por_kg) VALUES (353,3,7,151.10,4.03);
INSERT INTO vendas (id_venda,id_cooperativa,id_comprador,data_venda,valor_total) VALUES (354,15,74,'2025-01-22 02:43:39',0);
INSERT INTO vendas_itens (id_venda,id_material_base,id_material_catalogo,quantidade_kg,preco_por_kg) VALUES (354,1,3,61.47,3.10);
INSERT INTO vendas_itens (id_venda,id_material_base,id_material_catalogo,quantidade_kg,preco_por_kg) VALUES (354,2,4,451.83,0.69);
INSERT INTO avaliacoes_compradores (id_venda,pontualidade_pagamento,logistica_entrega,qualidade_negociacao,comentario_livre) VALUES (354,5,5,5,'');
INSERT INTO avaliacao_feedback_selecionado (id_avaliacao,id_feedback_tag) SELECT id_avaliacao,5 FROM avaliacoes_compradores WHERE id_venda=354;
INSERT INTO avaliacao_feedback_selecionado (id_avaliacao,id_feedback_tag) SELECT id_avaliacao,11 FROM avaliacoes_compradores WHERE id_venda=354;
INSERT INTO vendas (id_venda,id_cooperativa,id_comprador,data_venda,valor_total) VALUES (355,7,17,'2025-04-27 02:43:39',0);
INSERT INTO vendas_itens (id_venda,id_material_base,id_material_catalogo,quantidade_kg,preco_por_kg) VALUES (355,2,6,547.41,0.98);
INSERT INTO vendas_itens (id_venda,id_material_base,id_material_catalogo,quantidade_kg,preco_por_kg) VALUES (355,2,5,199.04,1.51);
INSERT INTO avaliacoes_compradores (id_venda,pontualidade_pagamento,logistica_entrega,qualidade_negociacao,comentario_livre) VALUES (355,1,3,4,'');
INSERT INTO vendas (id_venda,id_cooperativa,id_comprador,data_venda,valor_total) VALUES (356,15,81,'2025-07-19 02:43:39',0);
INSERT INTO vendas_itens (id_venda,id_material_base,id_material_catalogo,quantidade_kg,preco_por_kg) VALUES (356,1,2,340.04,2.29);
INSERT INTO vendas_itens (id_venda,id_material_base,id_material_catalogo,quantidade_kg,preco_por_kg) VALUES (356,2,5,577.57,1.77);
INSERT INTO vendas_itens (id_venda,id_material_base,id_material_catalogo,quantidade_kg,preco_por_kg) VALUES (356,2,5,545.46,1.03);
INSERT INTO vendas (id_venda,id_cooperativa,id_comprador,data_venda,valor_total) VALUES (357,45,33,'2025-07-10 02:43:39',0);
INSERT INTO vendas_itens (id_venda,id_material_base,id_material_catalogo,quantidade_kg,preco_por_kg) VALUES (357,2,4,269.76,1.64);
INSERT INTO avaliacoes_compradores (id_venda,pontualidade_pagamento,logistica_entrega,qualidade_negociacao,comentario_livre) VALUES (357,2,5,4,'');
INSERT INTO vendas (id_venda,id_cooperativa,id_comprador,data_venda,valor_total) VALUES (358,45,11,'2025-02-14 02:43:39',0);
INSERT INTO vendas_itens (id_venda,id_material_base,id_material_catalogo,quantidade_kg,preco_por_kg) VALUES (358,3,9,437.78,4.76);
INSERT INTO vendas_itens (id_venda,id_material_base,id_material_catalogo,quantidade_kg,preco_por_kg) VALUES (358,1,3,86.50,1.47);
INSERT INTO avaliacoes_compradores (id_venda,pontualidade_pagamento,logistica_entrega,qualidade_negociacao,comentario_livre) VALUES (358,2,5,3,'');
INSERT INTO vendas (id_venda,id_cooperativa,id_comprador,data_venda,valor_total) VALUES (359,36,17,'2025-07-12 02:43:39',0);
INSERT INTO vendas_itens (id_venda,id_material_base,id_material_catalogo,quantidade_kg,preco_por_kg) VALUES (359,3,7,494.89,6.02);
INSERT INTO vendas (id_venda,id_cooperativa,id_comprador,data_venda,valor_total) VALUES (360,31,75,'2025-11-01 02:43:39',0);
INSERT INTO vendas_itens (id_venda,id_material_base,id_material_catalogo,quantidade_kg,preco_por_kg) VALUES (360,2,4,434.22,1.12);
INSERT INTO vendas_itens (id_venda,id_material_base,id_material_catalogo,quantidade_kg,preco_por_kg) VALUES (360,2,6,420.83,0.82);
INSERT INTO vendas_itens (id_venda,id_material_base,id_material_catalogo,quantidade_kg,preco_por_kg) VALUES (360,3,8,594.85,4.81);
INSERT INTO vendas (id_venda,id_cooperativa,id_comprador,data_venda,valor_total) VALUES (361,18,40,'2024-11-21 02:43:39',0);
INSERT INTO vendas_itens (id_venda,id_material_base,id_material_catalogo,quantidade_kg,preco_por_kg) VALUES (361,2,5,154.44,1.69);
INSERT INTO avaliacoes_compradores (id_venda,pontualidade_pagamento,logistica_entrega,qualidade_negociacao,comentario_livre) VALUES (361,2,1,3,'');
INSERT INTO avaliacao_feedback_selecionado (id_avaliacao,id_feedback_tag) SELECT id_avaliacao,17 FROM avaliacoes_compradores WHERE id_venda=361;
INSERT INTO avaliacao_feedback_selecionado (id_avaliacao,id_feedback_tag) SELECT id_avaliacao,20 FROM avaliacoes_compradores WHERE id_venda=361;
INSERT INTO avaliacao_feedback_selecionado (id_avaliacao,id_feedback_tag) SELECT id_avaliacao,21 FROM avaliacoes_compradores WHERE id_venda=361;
INSERT INTO vendas (id_venda,id_cooperativa,id_comprador,data_venda,valor_total) VALUES (362,5,87,'2025-08-26 02:43:39',0);
INSERT INTO vendas_itens (id_venda,id_material_base,id_material_catalogo,quantidade_kg,preco_por_kg) VALUES (362,2,5,409.70,1.53);
INSERT INTO avaliacoes_compradores (id_venda,pontualidade_pagamento,logistica_entrega,qualidade_negociacao,comentario_livre) VALUES (362,1,5,4,'');
INSERT INTO vendas (id_venda,id_cooperativa,id_comprador,data_venda,valor_total) VALUES (363,39,18,'2025-01-14 02:43:39',0);
INSERT INTO vendas_itens (id_venda,id_material_base,id_material_catalogo,quantidade_kg,preco_por_kg) VALUES (363,2,4,154.09,1.30);
INSERT INTO vendas_itens (id_venda,id_material_base,id_material_catalogo,quantidade_kg,preco_por_kg) VALUES (363,3,7,286.37,2.87);
INSERT INTO avaliacoes_compradores (id_venda,pontualidade_pagamento,logistica_entrega,qualidade_negociacao,comentario_livre) VALUES (363,4,2,2,'');
INSERT INTO vendas (id_venda,id_cooperativa,id_comprador,data_venda,valor_total) VALUES (364,12,90,'2025-01-07 02:43:39',0);
INSERT INTO vendas_itens (id_venda,id_material_base,id_material_catalogo,quantidade_kg,preco_por_kg) VALUES (364,2,5,78.89,1.66);
INSERT INTO vendas (id_venda,id_cooperativa,id_comprador,data_venda,valor_total) VALUES (365,20,35,'2025-06-16 02:43:39',0);
INSERT INTO vendas_itens (id_venda,id_material_base,id_material_catalogo,quantidade_kg,preco_por_kg) VALUES (365,2,6,136.72,0.79);
INSERT INTO vendas_itens (id_venda,id_material_base,id_material_catalogo,quantidade_kg,preco_por_kg) VALUES (365,1,3,87.50,3.17);
INSERT INTO vendas_itens (id_venda,id_material_base,id_material_catalogo,quantidade_kg,preco_por_kg) VALUES (365,1,2,581.74,3.47);
INSERT INTO avaliacoes_compradores (id_venda,pontualidade_pagamento,logistica_entrega,qualidade_negociacao,comentario_livre) VALUES (365,4,1,3,'');
INSERT INTO vendas (id_venda,id_cooperativa,id_comprador,data_venda,valor_total) VALUES (366,50,100,'2025-07-13 02:43:39',0);
INSERT INTO vendas_itens (id_venda,id_material_base,id_material_catalogo,quantidade_kg,preco_por_kg) VALUES (366,3,8,478.61,5.71);
INSERT INTO vendas_itens (id_venda,id_material_base,id_material_catalogo,quantidade_kg,preco_por_kg) VALUES (366,2,4,203.94,1.21);
INSERT INTO vendas_itens (id_venda,id_material_base,id_material_catalogo,quantidade_kg,preco_por_kg) VALUES (366,1,3,412.70,1.63);
INSERT INTO vendas (id_venda,id_cooperativa,id_comprador,data_venda,valor_total) VALUES (367,48,81,'2025-05-23 02:43:39',0);
INSERT INTO vendas_itens (id_venda,id_material_base,id_material_catalogo,quantidade_kg,preco_por_kg) VALUES (367,3,7,291.47,4.57);
INSERT INTO vendas_itens (id_venda,id_material_base,id_material_catalogo,quantidade_kg,preco_por_kg) VALUES (367,2,5,365.63,1.54);
INSERT INTO avaliacoes_compradores (id_venda,pontualidade_pagamento,logistica_entrega,qualidade_negociacao,comentario_livre) VALUES (367,2,2,4,'');
INSERT INTO vendas (id_venda,id_cooperativa,id_comprador,data_venda,valor_total) VALUES (368,43,94,'2025-11-11 02:43:39',0);
INSERT INTO vendas_itens (id_venda,id_material_base,id_material_catalogo,quantidade_kg,preco_por_kg) VALUES (368,3,7,152.97,7.82);
INSERT INTO vendas_itens (id_venda,id_material_base,id_material_catalogo,quantidade_kg,preco_por_kg) VALUES (368,2,5,390.50,0.92);
INSERT INTO vendas (id_venda,id_cooperativa,id_comprador,data_venda,valor_total) VALUES (369,8,78,'2025-06-16 02:43:39',0);
INSERT INTO vendas_itens (id_venda,id_material_base,id_material_catalogo,quantidade_kg,preco_por_kg) VALUES (369,1,3,81.94,3.33);
INSERT INTO avaliacoes_compradores (id_venda,pontualidade_pagamento,logistica_entrega,qualidade_negociacao,comentario_livre) VALUES (369,2,5,5,'');
INSERT INTO avaliacao_feedback_selecionado (id_avaliacao,id_feedback_tag) SELECT id_avaliacao,2 FROM avaliacoes_compradores WHERE id_venda=369;
INSERT INTO avaliacao_feedback_selecionado (id_avaliacao,id_feedback_tag) SELECT id_avaliacao,5 FROM avaliacoes_compradores WHERE id_venda=369;
INSERT INTO avaliacao_feedback_selecionado (id_avaliacao,id_feedback_tag) SELECT id_avaliacao,1 FROM avaliacoes_compradores WHERE id_venda=369;
INSERT INTO vendas (id_venda,id_cooperativa,id_comprador,data_venda,valor_total) VALUES (370,23,72,'2025-01-29 02:43:39',0);
INSERT INTO vendas_itens (id_venda,id_material_base,id_material_catalogo,quantidade_kg,preco_por_kg) VALUES (370,1,1,386.49,2.13);
INSERT INTO vendas_itens (id_venda,id_material_base,id_material_catalogo,quantidade_kg,preco_por_kg) VALUES (370,1,1,529.85,2.16);
INSERT INTO vendas_itens (id_venda,id_material_base,id_material_catalogo,quantidade_kg,preco_por_kg) VALUES (370,1,1,542.25,3.46);
INSERT INTO vendas (id_venda,id_cooperativa,id_comprador,data_venda,valor_total) VALUES (371,31,83,'2025-02-18 02:43:39',0);
INSERT INTO vendas_itens (id_venda,id_material_base,id_material_catalogo,quantidade_kg,preco_por_kg) VALUES (371,1,2,87.22,2.31);
INSERT INTO vendas_itens (id_venda,id_material_base,id_material_catalogo,quantidade_kg,preco_por_kg) VALUES (371,3,9,294.21,6.87);
INSERT INTO avaliacoes_compradores (id_venda,pontualidade_pagamento,logistica_entrega,qualidade_negociacao,comentario_livre) VALUES (371,4,5,5,'');
INSERT INTO avaliacao_feedback_selecionado (id_avaliacao,id_feedback_tag) SELECT id_avaliacao,4 FROM avaliacoes_compradores WHERE id_venda=371;
INSERT INTO vendas (id_venda,id_cooperativa,id_comprador,data_venda,valor_total) VALUES (372,9,58,'2025-07-20 02:43:39',0);
INSERT INTO vendas_itens (id_venda,id_material_base,id_material_catalogo,quantidade_kg,preco_por_kg) VALUES (372,2,4,375.38,0.96);
INSERT INTO vendas_itens (id_venda,id_material_base,id_material_catalogo,quantidade_kg,preco_por_kg) VALUES (372,1,2,199.38,2.52);
INSERT INTO avaliacoes_compradores (id_venda,pontualidade_pagamento,logistica_entrega,qualidade_negociacao,comentario_livre) VALUES (372,3,5,1,'');
INSERT INTO vendas (id_venda,id_cooperativa,id_comprador,data_venda,valor_total) VALUES (373,25,68,'2025-07-10 02:43:39',0);
INSERT INTO vendas_itens (id_venda,id_material_base,id_material_catalogo,quantidade_kg,preco_por_kg) VALUES (373,3,8,512.31,6.12);
INSERT INTO avaliacoes_compradores (id_venda,pontualidade_pagamento,logistica_entrega,qualidade_negociacao,comentario_livre) VALUES (373,1,1,1,'');
INSERT INTO avaliacao_feedback_selecionado (id_avaliacao,id_feedback_tag) SELECT id_avaliacao,21 FROM avaliacoes_compradores WHERE id_venda=373;
INSERT INTO avaliacao_feedback_selecionado (id_avaliacao,id_feedback_tag) SELECT id_avaliacao,23 FROM avaliacoes_compradores WHERE id_venda=373;
INSERT INTO avaliacao_feedback_selecionado (id_avaliacao,id_feedback_tag) SELECT id_avaliacao,22 FROM avaliacoes_compradores WHERE id_venda=373;
INSERT INTO vendas (id_venda,id_cooperativa,id_comprador,data_venda,valor_total) VALUES (374,6,36,'2025-10-02 02:43:39',0);
INSERT INTO vendas_itens (id_venda,id_material_base,id_material_catalogo,quantidade_kg,preco_por_kg) VALUES (374,1,1,210.22,3.39);
INSERT INTO avaliacoes_compradores (id_venda,pontualidade_pagamento,logistica_entrega,qualidade_negociacao,comentario_livre) VALUES (374,1,2,2,'');
INSERT INTO avaliacao_feedback_selecionado (id_avaliacao,id_feedback_tag) SELECT id_avaliacao,15 FROM avaliacoes_compradores WHERE id_venda=374;
INSERT INTO vendas (id_venda,id_cooperativa,id_comprador,data_venda,valor_total) VALUES (375,36,74,'2025-10-19 02:43:39',0);
INSERT INTO vendas_itens (id_venda,id_material_base,id_material_catalogo,quantidade_kg,preco_por_kg) VALUES (375,3,7,435.98,5.43);
INSERT INTO vendas_itens (id_venda,id_material_base,id_material_catalogo,quantidade_kg,preco_por_kg) VALUES (375,1,3,400.35,3.85);
INSERT INTO vendas_itens (id_venda,id_material_base,id_material_catalogo,quantidade_kg,preco_por_kg) VALUES (375,1,3,108.58,1.34);
INSERT INTO vendas (id_venda,id_cooperativa,id_comprador,data_venda,valor_total) VALUES (376,21,13,'2025-11-14 02:43:39',0);
INSERT INTO vendas_itens (id_venda,id_material_base,id_material_catalogo,quantidade_kg,preco_por_kg) VALUES (376,3,8,81.32,3.73);
INSERT INTO avaliacoes_compradores (id_venda,pontualidade_pagamento,logistica_entrega,qualidade_negociacao,comentario_livre) VALUES (376,5,3,4,'');
INSERT INTO avaliacao_feedback_selecionado (id_avaliacao,id_feedback_tag) SELECT id_avaliacao,7 FROM avaliacoes_compradores WHERE id_venda=376;
INSERT INTO vendas (id_venda,id_cooperativa,id_comprador,data_venda,valor_total) VALUES (377,37,36,'2025-07-22 02:43:39',0);
INSERT INTO vendas_itens (id_venda,id_material_base,id_material_catalogo,quantidade_kg,preco_por_kg) VALUES (377,2,4,135.30,0.74);
INSERT INTO avaliacoes_compradores (id_venda,pontualidade_pagamento,logistica_entrega,qualidade_negociacao,comentario_livre) VALUES (377,2,3,3,'');
INSERT INTO vendas (id_venda,id_cooperativa,id_comprador,data_venda,valor_total) VALUES (378,47,90,'2025-01-30 02:43:39',0);
INSERT INTO vendas_itens (id_venda,id_material_base,id_material_catalogo,quantidade_kg,preco_por_kg) VALUES (378,3,9,114.83,6.69);
INSERT INTO vendas_itens (id_venda,id_material_base,id_material_catalogo,quantidade_kg,preco_por_kg) VALUES (378,1,1,195.35,1.56);
INSERT INTO vendas_itens (id_venda,id_material_base,id_material_catalogo,quantidade_kg,preco_por_kg) VALUES (378,1,3,182.39,2.07);
INSERT INTO vendas (id_venda,id_cooperativa,id_comprador,data_venda,valor_total) VALUES (379,42,56,'2025-06-14 02:43:39',0);
INSERT INTO vendas_itens (id_venda,id_material_base,id_material_catalogo,quantidade_kg,preco_por_kg) VALUES (379,3,9,313.43,2.80);
INSERT INTO avaliacoes_compradores (id_venda,pontualidade_pagamento,logistica_entrega,qualidade_negociacao,comentario_livre) VALUES (379,2,2,5,'');
INSERT INTO vendas (id_venda,id_cooperativa,id_comprador,data_venda,valor_total) VALUES (380,23,50,'2025-05-05 02:43:39',0);
INSERT INTO vendas_itens (id_venda,id_material_base,id_material_catalogo,quantidade_kg,preco_por_kg) VALUES (380,2,5,31.65,0.82);
INSERT INTO vendas_itens (id_venda,id_material_base,id_material_catalogo,quantidade_kg,preco_por_kg) VALUES (380,3,9,260.89,4.38);
INSERT INTO vendas_itens (id_venda,id_material_base,id_material_catalogo,quantidade_kg,preco_por_kg) VALUES (380,1,3,463.39,3.28);
INSERT INTO avaliacoes_compradores (id_venda,pontualidade_pagamento,logistica_entrega,qualidade_negociacao,comentario_livre) VALUES (380,1,5,3,'');
INSERT INTO vendas (id_venda,id_cooperativa,id_comprador,data_venda,valor_total) VALUES (381,27,99,'2025-03-13 02:43:39',0);
INSERT INTO vendas_itens (id_venda,id_material_base,id_material_catalogo,quantidade_kg,preco_por_kg) VALUES (381,3,9,533.83,7.72);
INSERT INTO vendas_itens (id_venda,id_material_base,id_material_catalogo,quantidade_kg,preco_por_kg) VALUES (381,1,2,251.74,3.08);
INSERT INTO vendas_itens (id_venda,id_material_base,id_material_catalogo,quantidade_kg,preco_por_kg) VALUES (381,2,6,300.30,1.13);
INSERT INTO avaliacoes_compradores (id_venda,pontualidade_pagamento,logistica_entrega,qualidade_negociacao,comentario_livre) VALUES (381,2,3,3,'');
INSERT INTO vendas (id_venda,id_cooperativa,id_comprador,data_venda,valor_total) VALUES (382,11,24,'2025-02-10 02:43:39',0);
INSERT INTO vendas_itens (id_venda,id_material_base,id_material_catalogo,quantidade_kg,preco_por_kg) VALUES (382,1,2,385.24,2.19);
INSERT INTO vendas_itens (id_venda,id_material_base,id_material_catalogo,quantidade_kg,preco_por_kg) VALUES (382,3,8,564.67,5.09);
INSERT INTO vendas (id_venda,id_cooperativa,id_comprador,data_venda,valor_total) VALUES (383,34,14,'2025-08-03 02:43:39',0);
INSERT INTO vendas_itens (id_venda,id_material_base,id_material_catalogo,quantidade_kg,preco_por_kg) VALUES (383,2,5,254.69,1.21);
INSERT INTO avaliacoes_compradores (id_venda,pontualidade_pagamento,logistica_entrega,qualidade_negociacao,comentario_livre) VALUES (383,4,2,4,'');
INSERT INTO vendas (id_venda,id_cooperativa,id_comprador,data_venda,valor_total) VALUES (384,21,54,'2025-05-08 02:43:39',0);
INSERT INTO vendas_itens (id_venda,id_material_base,id_material_catalogo,quantidade_kg,preco_por_kg) VALUES (384,1,3,406.00,2.38);
INSERT INTO vendas_itens (id_venda,id_material_base,id_material_catalogo,quantidade_kg,preco_por_kg) VALUES (384,3,7,544.02,7.76);
INSERT INTO vendas_itens (id_venda,id_material_base,id_material_catalogo,quantidade_kg,preco_por_kg) VALUES (384,2,5,403.98,1.05);
INSERT INTO avaliacoes_compradores (id_venda,pontualidade_pagamento,logistica_entrega,qualidade_negociacao,comentario_livre) VALUES (384,3,4,4,'');
INSERT INTO vendas (id_venda,id_cooperativa,id_comprador,data_venda,valor_total) VALUES (385,31,17,'2025-05-27 02:43:39',0);
INSERT INTO vendas_itens (id_venda,id_material_base,id_material_catalogo,quantidade_kg,preco_por_kg) VALUES (385,2,4,69.38,1.05);
INSERT INTO avaliacoes_compradores (id_venda,pontualidade_pagamento,logistica_entrega,qualidade_negociacao,comentario_livre) VALUES (385,1,4,4,'');
INSERT INTO vendas (id_venda,id_cooperativa,id_comprador,data_venda,valor_total) VALUES (386,25,64,'2024-11-25 02:43:39',0);
INSERT INTO vendas_itens (id_venda,id_material_base,id_material_catalogo,quantidade_kg,preco_por_kg) VALUES (386,1,1,276.95,1.67);
INSERT INTO avaliacoes_compradores (id_venda,pontualidade_pagamento,logistica_entrega,qualidade_negociacao,comentario_livre) VALUES (386,2,4,1,'');
INSERT INTO vendas (id_venda,id_cooperativa,id_comprador,data_venda,valor_total) VALUES (387,17,84,'2025-07-21 02:43:39',0);
INSERT INTO vendas_itens (id_venda,id_material_base,id_material_catalogo,quantidade_kg,preco_por_kg) VALUES (387,3,7,452.17,6.10);
INSERT INTO avaliacoes_compradores (id_venda,pontualidade_pagamento,logistica_entrega,qualidade_negociacao,comentario_livre) VALUES (387,3,3,3,'');
INSERT INTO vendas (id_venda,id_cooperativa,id_comprador,data_venda,valor_total) VALUES (388,3,84,'2025-07-08 02:43:39',0);
INSERT INTO vendas_itens (id_venda,id_material_base,id_material_catalogo,quantidade_kg,preco_por_kg) VALUES (388,3,9,460.66,5.28);
INSERT INTO vendas_itens (id_venda,id_material_base,id_material_catalogo,quantidade_kg,preco_por_kg) VALUES (388,2,6,116.24,1.00);
INSERT INTO avaliacoes_compradores (id_venda,pontualidade_pagamento,logistica_entrega,qualidade_negociacao,comentario_livre) VALUES (388,1,2,4,'');
INSERT INTO vendas (id_venda,id_cooperativa,id_comprador,data_venda,valor_total) VALUES (389,10,79,'2025-07-13 02:43:39',0);
INSERT INTO vendas_itens (id_venda,id_material_base,id_material_catalogo,quantidade_kg,preco_por_kg) VALUES (389,2,4,185.47,1.20);
INSERT INTO vendas_itens (id_venda,id_material_base,id_material_catalogo,quantidade_kg,preco_por_kg) VALUES (389,3,7,531.97,5.09);
INSERT INTO vendas_itens (id_venda,id_material_base,id_material_catalogo,quantidade_kg,preco_por_kg) VALUES (389,3,8,160.68,2.98);
INSERT INTO avaliacoes_compradores (id_venda,pontualidade_pagamento,logistica_entrega,qualidade_negociacao,comentario_livre) VALUES (389,4,1,3,'');
INSERT INTO vendas (id_venda,id_cooperativa,id_comprador,data_venda,valor_total) VALUES (390,27,7,'2025-07-24 02:43:39',0);
INSERT INTO vendas_itens (id_venda,id_material_base,id_material_catalogo,quantidade_kg,preco_por_kg) VALUES (390,2,5,491.66,1.10);
INSERT INTO avaliacoes_compradores (id_venda,pontualidade_pagamento,logistica_entrega,qualidade_negociacao,comentario_livre) VALUES (390,2,5,2,'');
INSERT INTO vendas (id_venda,id_cooperativa,id_comprador,data_venda,valor_total) VALUES (391,29,65,'2025-05-21 02:43:39',0);
INSERT INTO vendas_itens (id_venda,id_material_base,id_material_catalogo,quantidade_kg,preco_por_kg) VALUES (391,3,9,505.07,3.00);
INSERT INTO avaliacoes_compradores (id_venda,pontualidade_pagamento,logistica_entrega,qualidade_negociacao,comentario_livre) VALUES (391,4,5,1,'');
INSERT INTO vendas (id_venda,id_cooperativa,id_comprador,data_venda,valor_total) VALUES (392,23,59,'2025-10-06 02:43:39',0);
INSERT INTO vendas_itens (id_venda,id_material_base,id_material_catalogo,quantidade_kg,preco_por_kg) VALUES (392,3,9,149.66,6.40);
INSERT INTO avaliacoes_compradores (id_venda,pontualidade_pagamento,logistica_entrega,qualidade_negociacao,comentario_livre) VALUES (392,3,4,3,'');
INSERT INTO vendas (id_venda,id_cooperativa,id_comprador,data_venda,valor_total) VALUES (393,35,98,'2025-08-11 02:43:39',0);
INSERT INTO vendas_itens (id_venda,id_material_base,id_material_catalogo,quantidade_kg,preco_por_kg) VALUES (393,3,7,79.71,6.77);
INSERT INTO avaliacoes_compradores (id_venda,pontualidade_pagamento,logistica_entrega,qualidade_negociacao,comentario_livre) VALUES (393,2,4,4,'');
INSERT INTO vendas (id_venda,id_cooperativa,id_comprador,data_venda,valor_total) VALUES (394,14,39,'2024-12-10 02:43:39',0);
INSERT INTO vendas_itens (id_venda,id_material_base,id_material_catalogo,quantidade_kg,preco_por_kg) VALUES (394,1,3,43.88,2.09);
INSERT INTO avaliacoes_compradores (id_venda,pontualidade_pagamento,logistica_entrega,qualidade_negociacao,comentario_livre) VALUES (394,4,2,3,'');
INSERT INTO vendas (id_venda,id_cooperativa,id_comprador,data_venda,valor_total) VALUES (395,6,74,'2025-06-22 02:43:39',0);
INSERT INTO vendas_itens (id_venda,id_material_base,id_material_catalogo,quantidade_kg,preco_por_kg) VALUES (395,3,7,240.98,5.15);
INSERT INTO vendas_itens (id_venda,id_material_base,id_material_catalogo,quantidade_kg,preco_por_kg) VALUES (395,1,1,376.56,1.50);
INSERT INTO vendas_itens (id_venda,id_material_base,id_material_catalogo,quantidade_kg,preco_por_kg) VALUES (395,1,2,415.88,3.15);
INSERT INTO avaliacoes_compradores (id_venda,pontualidade_pagamento,logistica_entrega,qualidade_negociacao,comentario_livre) VALUES (395,4,3,4,'');
INSERT INTO vendas (id_venda,id_cooperativa,id_comprador,data_venda,valor_total) VALUES (396,25,59,'2025-11-02 02:43:39',0);
INSERT INTO vendas_itens (id_venda,id_material_base,id_material_catalogo,quantidade_kg,preco_por_kg) VALUES (396,2,5,100.94,0.97);
INSERT INTO avaliacoes_compradores (id_venda,pontualidade_pagamento,logistica_entrega,qualidade_negociacao,comentario_livre) VALUES (396,2,5,3,'');
INSERT INTO vendas (id_venda,id_cooperativa,id_comprador,data_venda,valor_total) VALUES (397,13,70,'2025-03-15 02:43:39',0);
INSERT INTO vendas_itens (id_venda,id_material_base,id_material_catalogo,quantidade_kg,preco_por_kg) VALUES (397,1,2,35.62,3.32);
INSERT INTO vendas_itens (id_venda,id_material_base,id_material_catalogo,quantidade_kg,preco_por_kg) VALUES (397,1,2,431.13,2.65);
INSERT INTO avaliacoes_compradores (id_venda,pontualidade_pagamento,logistica_entrega,qualidade_negociacao,comentario_livre) VALUES (397,1,1,3,'');
INSERT INTO avaliacao_feedback_selecionado (id_avaliacao,id_feedback_tag) SELECT id_avaliacao,22 FROM avaliacoes_compradores WHERE id_venda=397;
INSERT INTO avaliacao_feedback_selecionado (id_avaliacao,id_feedback_tag) SELECT id_avaliacao,16 FROM avaliacoes_compradores WHERE id_venda=397;
INSERT INTO vendas (id_venda,id_cooperativa,id_comprador,data_venda,valor_total) VALUES (398,18,67,'2025-07-27 02:43:39',0);
INSERT INTO vendas_itens (id_venda,id_material_base,id_material_catalogo,quantidade_kg,preco_por_kg) VALUES (398,2,5,87.05,1.46);
INSERT INTO vendas_itens (id_venda,id_material_base,id_material_catalogo,quantidade_kg,preco_por_kg) VALUES (398,1,2,416.26,2.27);
INSERT INTO vendas_itens (id_venda,id_material_base,id_material_catalogo,quantidade_kg,preco_por_kg) VALUES (398,3,7,346.15,6.18);
INSERT INTO avaliacoes_compradores (id_venda,pontualidade_pagamento,logistica_entrega,qualidade_negociacao,comentario_livre) VALUES (398,1,3,2,'');
INSERT INTO avaliacao_feedback_selecionado (id_avaliacao,id_feedback_tag) SELECT id_avaliacao,15 FROM avaliacoes_compradores WHERE id_venda=398;
INSERT INTO vendas (id_venda,id_cooperativa,id_comprador,data_venda,valor_total) VALUES (399,34,66,'2025-11-16 02:43:39',0);
INSERT INTO vendas_itens (id_venda,id_material_base,id_material_catalogo,quantidade_kg,preco_por_kg) VALUES (399,2,5,280.37,1.19);
INSERT INTO vendas (id_venda,id_cooperativa,id_comprador,data_venda,valor_total) VALUES (400,35,18,'2025-02-15 02:43:39',0);
INSERT INTO vendas_itens (id_venda,id_material_base,id_material_catalogo,quantidade_kg,preco_por_kg) VALUES (400,3,7,466.28,5.14);
INSERT INTO vendas (id_venda,id_cooperativa,id_comprador,data_venda,valor_total) VALUES (401,36,27,'2025-02-26 02:43:39',0);
INSERT INTO vendas_itens (id_venda,id_material_base,id_material_catalogo,quantidade_kg,preco_por_kg) VALUES (401,1,3,299.83,2.88);
INSERT INTO vendas (id_venda,id_cooperativa,id_comprador,data_venda,valor_total) VALUES (402,16,98,'2025-05-21 02:43:39',0);
INSERT INTO vendas_itens (id_venda,id_material_base,id_material_catalogo,quantidade_kg,preco_por_kg) VALUES (402,1,1,141.33,3.04);
INSERT INTO vendas (id_venda,id_cooperativa,id_comprador,data_venda,valor_total) VALUES (403,38,60,'2024-12-08 02:43:39',0);
INSERT INTO vendas_itens (id_venda,id_material_base,id_material_catalogo,quantidade_kg,preco_por_kg) VALUES (403,2,6,407.63,1.06);
INSERT INTO avaliacoes_compradores (id_venda,pontualidade_pagamento,logistica_entrega,qualidade_negociacao,comentario_livre) VALUES (403,4,4,3,'');
INSERT INTO vendas (id_venda,id_cooperativa,id_comprador,data_venda,valor_total) VALUES (404,44,61,'2024-12-22 02:43:39',0);
INSERT INTO vendas_itens (id_venda,id_material_base,id_material_catalogo,quantidade_kg,preco_por_kg) VALUES (404,1,2,560.67,2.24);
INSERT INTO vendas_itens (id_venda,id_material_base,id_material_catalogo,quantidade_kg,preco_por_kg) VALUES (404,2,4,481.09,0.68);
INSERT INTO vendas (id_venda,id_cooperativa,id_comprador,data_venda,valor_total) VALUES (405,8,72,'2025-06-07 02:43:39',0);
INSERT INTO vendas_itens (id_venda,id_material_base,id_material_catalogo,quantidade_kg,preco_por_kg) VALUES (405,3,7,407.43,7.80);
INSERT INTO vendas_itens (id_venda,id_material_base,id_material_catalogo,quantidade_kg,preco_por_kg) VALUES (405,1,2,574.99,3.36);
INSERT INTO vendas_itens (id_venda,id_material_base,id_material_catalogo,quantidade_kg,preco_por_kg) VALUES (405,1,2,211.35,2.07);
INSERT INTO vendas (id_venda,id_cooperativa,id_comprador,data_venda,valor_total) VALUES (406,16,43,'2025-04-10 02:43:39',0);
INSERT INTO vendas_itens (id_venda,id_material_base,id_material_catalogo,quantidade_kg,preco_por_kg) VALUES (406,2,6,261.11,0.94);
INSERT INTO vendas_itens (id_venda,id_material_base,id_material_catalogo,quantidade_kg,preco_por_kg) VALUES (406,2,5,466.34,1.61);
INSERT INTO avaliacoes_compradores (id_venda,pontualidade_pagamento,logistica_entrega,qualidade_negociacao,comentario_livre) VALUES (406,3,2,4,'');
INSERT INTO vendas (id_venda,id_cooperativa,id_comprador,data_venda,valor_total) VALUES (407,48,20,'2025-03-30 02:43:39',0);
INSERT INTO vendas_itens (id_venda,id_material_base,id_material_catalogo,quantidade_kg,preco_por_kg) VALUES (407,1,3,571.97,2.37);
INSERT INTO vendas_itens (id_venda,id_material_base,id_material_catalogo,quantidade_kg,preco_por_kg) VALUES (407,1,1,371.53,1.79);
INSERT INTO vendas (id_venda,id_cooperativa,id_comprador,data_venda,valor_total) VALUES (408,34,74,'2025-11-11 02:43:39',0);
INSERT INTO vendas_itens (id_venda,id_material_base,id_material_catalogo,quantidade_kg,preco_por_kg) VALUES (408,3,7,95.85,4.52);
INSERT INTO avaliacoes_compradores (id_venda,pontualidade_pagamento,logistica_entrega,qualidade_negociacao,comentario_livre) VALUES (408,5,5,5,'');
INSERT INTO avaliacao_feedback_selecionado (id_avaliacao,id_feedback_tag) SELECT id_avaliacao,9 FROM avaliacoes_compradores WHERE id_venda=408;
INSERT INTO vendas (id_venda,id_cooperativa,id_comprador,data_venda,valor_total) VALUES (409,24,100,'2025-02-12 02:43:39',0);
INSERT INTO vendas_itens (id_venda,id_material_base,id_material_catalogo,quantidade_kg,preco_por_kg) VALUES (409,1,3,423.56,3.81);
INSERT INTO vendas_itens (id_venda,id_material_base,id_material_catalogo,quantidade_kg,preco_por_kg) VALUES (409,2,6,575.10,1.42);
INSERT INTO vendas_itens (id_venda,id_material_base,id_material_catalogo,quantidade_kg,preco_por_kg) VALUES (409,3,8,41.41,6.26);
INSERT INTO vendas (id_venda,id_cooperativa,id_comprador,data_venda,valor_total) VALUES (410,28,48,'2025-03-22 02:43:39',0);
INSERT INTO vendas_itens (id_venda,id_material_base,id_material_catalogo,quantidade_kg,preco_por_kg) VALUES (410,3,8,501.40,5.81);
INSERT INTO vendas_itens (id_venda,id_material_base,id_material_catalogo,quantidade_kg,preco_por_kg) VALUES (410,1,2,351.00,3.28);
INSERT INTO vendas (id_venda,id_cooperativa,id_comprador,data_venda,valor_total) VALUES (411,2,26,'2025-07-20 02:43:39',0);
INSERT INTO vendas_itens (id_venda,id_material_base,id_material_catalogo,quantidade_kg,preco_por_kg) VALUES (411,1,1,67.57,1.44);
INSERT INTO vendas_itens (id_venda,id_material_base,id_material_catalogo,quantidade_kg,preco_por_kg) VALUES (411,2,5,104.61,1.01);
INSERT INTO avaliacoes_compradores (id_venda,pontualidade_pagamento,logistica_entrega,qualidade_negociacao,comentario_livre) VALUES (411,1,5,3,'');
INSERT INTO vendas (id_venda,id_cooperativa,id_comprador,data_venda,valor_total) VALUES (412,10,85,'2025-07-18 02:43:39',0);
INSERT INTO vendas_itens (id_venda,id_material_base,id_material_catalogo,quantidade_kg,preco_por_kg) VALUES (412,3,7,202.11,5.74);
INSERT INTO vendas_itens (id_venda,id_material_base,id_material_catalogo,quantidade_kg,preco_por_kg) VALUES (412,1,3,346.66,3.87);
INSERT INTO vendas_itens (id_venda,id_material_base,id_material_catalogo,quantidade_kg,preco_por_kg) VALUES (412,2,4,521.67,1.47);
INSERT INTO vendas (id_venda,id_cooperativa,id_comprador,data_venda,valor_total) VALUES (413,37,67,'2025-04-22 02:43:39',0);
INSERT INTO vendas_itens (id_venda,id_material_base,id_material_catalogo,quantidade_kg,preco_por_kg) VALUES (413,2,6,172.64,0.52);
INSERT INTO vendas (id_venda,id_cooperativa,id_comprador,data_venda,valor_total) VALUES (414,9,37,'2025-10-18 02:43:39',0);
INSERT INTO vendas_itens (id_venda,id_material_base,id_material_catalogo,quantidade_kg,preco_por_kg) VALUES (414,2,4,391.04,1.54);
INSERT INTO vendas (id_venda,id_cooperativa,id_comprador,data_venda,valor_total) VALUES (415,9,53,'2025-11-10 02:43:39',0);
INSERT INTO vendas_itens (id_venda,id_material_base,id_material_catalogo,quantidade_kg,preco_por_kg) VALUES (415,2,6,270.67,1.37);
INSERT INTO vendas_itens (id_venda,id_material_base,id_material_catalogo,quantidade_kg,preco_por_kg) VALUES (415,2,4,38.06,0.73);
INSERT INTO vendas (id_venda,id_cooperativa,id_comprador,data_venda,valor_total) VALUES (416,39,93,'2025-10-30 02:43:39',0);
INSERT INTO vendas_itens (id_venda,id_material_base,id_material_catalogo,quantidade_kg,preco_por_kg) VALUES (416,1,1,521.81,3.59);
INSERT INTO vendas_itens (id_venda,id_material_base,id_material_catalogo,quantidade_kg,preco_por_kg) VALUES (416,3,7,248.60,7.64);
INSERT INTO vendas_itens (id_venda,id_material_base,id_material_catalogo,quantidade_kg,preco_por_kg) VALUES (416,2,6,529.54,1.77);
INSERT INTO avaliacoes_compradores (id_venda,pontualidade_pagamento,logistica_entrega,qualidade_negociacao,comentario_livre) VALUES (416,2,1,3,'');
INSERT INTO avaliacao_feedback_selecionado (id_avaliacao,id_feedback_tag) SELECT id_avaliacao,12 FROM avaliacoes_compradores WHERE id_venda=416;
INSERT INTO avaliacao_feedback_selecionado (id_avaliacao,id_feedback_tag) SELECT id_avaliacao,21 FROM avaliacoes_compradores WHERE id_venda=416;
INSERT INTO avaliacao_feedback_selecionado (id_avaliacao,id_feedback_tag) SELECT id_avaliacao,14 FROM avaliacoes_compradores WHERE id_venda=416;
INSERT INTO vendas (id_venda,id_cooperativa,id_comprador,data_venda,valor_total) VALUES (417,14,7,'2024-12-10 02:43:39',0);
INSERT INTO vendas_itens (id_venda,id_material_base,id_material_catalogo,quantidade_kg,preco_por_kg) VALUES (417,2,5,556.46,0.95);
INSERT INTO vendas_itens (id_venda,id_material_base,id_material_catalogo,quantidade_kg,preco_por_kg) VALUES (417,2,4,121.41,1.61);
INSERT INTO vendas_itens (id_venda,id_material_base,id_material_catalogo,quantidade_kg,preco_por_kg) VALUES (417,2,4,516.63,1.31);
INSERT INTO avaliacoes_compradores (id_venda,pontualidade_pagamento,logistica_entrega,qualidade_negociacao,comentario_livre) VALUES (417,5,2,1,'');
INSERT INTO vendas (id_venda,id_cooperativa,id_comprador,data_venda,valor_total) VALUES (418,40,2,'2025-02-02 02:43:39',0);
INSERT INTO vendas_itens (id_venda,id_material_base,id_material_catalogo,quantidade_kg,preco_por_kg) VALUES (418,3,7,82.19,3.58);
INSERT INTO vendas_itens (id_venda,id_material_base,id_material_catalogo,quantidade_kg,preco_por_kg) VALUES (418,3,8,57.85,5.71);
INSERT INTO vendas_itens (id_venda,id_material_base,id_material_catalogo,quantidade_kg,preco_por_kg) VALUES (418,1,1,436.06,1.70);
INSERT INTO avaliacoes_compradores (id_venda,pontualidade_pagamento,logistica_entrega,qualidade_negociacao,comentario_livre) VALUES (418,1,3,3,'');
INSERT INTO vendas (id_venda,id_cooperativa,id_comprador,data_venda,valor_total) VALUES (419,44,99,'2025-05-28 02:43:39',0);
INSERT INTO vendas_itens (id_venda,id_material_base,id_material_catalogo,quantidade_kg,preco_por_kg) VALUES (419,3,8,131.53,6.05);
INSERT INTO vendas_itens (id_venda,id_material_base,id_material_catalogo,quantidade_kg,preco_por_kg) VALUES (419,2,5,252.56,0.82);
INSERT INTO vendas (id_venda,id_cooperativa,id_comprador,data_venda,valor_total) VALUES (420,9,5,'2024-11-27 02:43:39',0);
INSERT INTO vendas_itens (id_venda,id_material_base,id_material_catalogo,quantidade_kg,preco_por_kg) VALUES (420,1,3,328.46,1.83);
INSERT INTO vendas (id_venda,id_cooperativa,id_comprador,data_venda,valor_total) VALUES (421,43,24,'2025-04-30 02:43:39',0);
INSERT INTO vendas_itens (id_venda,id_material_base,id_material_catalogo,quantidade_kg,preco_por_kg) VALUES (421,1,2,71.69,3.36);
INSERT INTO vendas_itens (id_venda,id_material_base,id_material_catalogo,quantidade_kg,preco_por_kg) VALUES (421,1,1,92.51,2.86);
INSERT INTO vendas_itens (id_venda,id_material_base,id_material_catalogo,quantidade_kg,preco_por_kg) VALUES (421,2,4,392.40,1.63);
INSERT INTO avaliacoes_compradores (id_venda,pontualidade_pagamento,logistica_entrega,qualidade_negociacao,comentario_livre) VALUES (421,2,4,2,'');
INSERT INTO vendas (id_venda,id_cooperativa,id_comprador,data_venda,valor_total) VALUES (422,48,37,'2025-06-25 02:43:39',0);
INSERT INTO vendas_itens (id_venda,id_material_base,id_material_catalogo,quantidade_kg,preco_por_kg) VALUES (422,3,9,53.52,6.43);
INSERT INTO vendas_itens (id_venda,id_material_base,id_material_catalogo,quantidade_kg,preco_por_kg) VALUES (422,1,1,152.20,1.63);
INSERT INTO vendas_itens (id_venda,id_material_base,id_material_catalogo,quantidade_kg,preco_por_kg) VALUES (422,1,3,193.82,2.63);
INSERT INTO vendas (id_venda,id_cooperativa,id_comprador,data_venda,valor_total) VALUES (423,22,38,'2025-06-26 02:43:39',0);
INSERT INTO vendas_itens (id_venda,id_material_base,id_material_catalogo,quantidade_kg,preco_por_kg) VALUES (423,2,4,455.20,1.42);
INSERT INTO avaliacoes_compradores (id_venda,pontualidade_pagamento,logistica_entrega,qualidade_negociacao,comentario_livre) VALUES (423,3,5,1,'');
INSERT INTO vendas (id_venda,id_cooperativa,id_comprador,data_venda,valor_total) VALUES (424,10,28,'2025-06-23 02:43:39',0);
INSERT INTO vendas_itens (id_venda,id_material_base,id_material_catalogo,quantidade_kg,preco_por_kg) VALUES (424,2,4,344.04,1.71);
INSERT INTO vendas_itens (id_venda,id_material_base,id_material_catalogo,quantidade_kg,preco_por_kg) VALUES (424,3,8,48.21,3.08);
INSERT INTO vendas_itens (id_venda,id_material_base,id_material_catalogo,quantidade_kg,preco_por_kg) VALUES (424,1,1,458.88,1.45);
INSERT INTO avaliacoes_compradores (id_venda,pontualidade_pagamento,logistica_entrega,qualidade_negociacao,comentario_livre) VALUES (424,1,2,1,'');
INSERT INTO avaliacao_feedback_selecionado (id_avaliacao,id_feedback_tag) SELECT id_avaliacao,19 FROM avaliacoes_compradores WHERE id_venda=424;
INSERT INTO avaliacao_feedback_selecionado (id_avaliacao,id_feedback_tag) SELECT id_avaliacao,15 FROM avaliacoes_compradores WHERE id_venda=424;
INSERT INTO avaliacao_feedback_selecionado (id_avaliacao,id_feedback_tag) SELECT id_avaliacao,17 FROM avaliacoes_compradores WHERE id_venda=424;
INSERT INTO vendas (id_venda,id_cooperativa,id_comprador,data_venda,valor_total) VALUES (425,5,85,'2025-01-04 02:43:39',0);
INSERT INTO vendas_itens (id_venda,id_material_base,id_material_catalogo,quantidade_kg,preco_por_kg) VALUES (425,1,2,520.40,2.94);
INSERT INTO vendas_itens (id_venda,id_material_base,id_material_catalogo,quantidade_kg,preco_por_kg) VALUES (425,3,8,220.80,7.62);
INSERT INTO vendas_itens (id_venda,id_material_base,id_material_catalogo,quantidade_kg,preco_por_kg) VALUES (425,1,1,113.65,3.04);
INSERT INTO avaliacoes_compradores (id_venda,pontualidade_pagamento,logistica_entrega,qualidade_negociacao,comentario_livre) VALUES (425,1,4,2,'');
INSERT INTO vendas (id_venda,id_cooperativa,id_comprador,data_venda,valor_total) VALUES (426,5,86,'2025-10-13 02:43:39',0);
INSERT INTO vendas_itens (id_venda,id_material_base,id_material_catalogo,quantidade_kg,preco_por_kg) VALUES (426,3,8,238.32,7.54);
INSERT INTO vendas_itens (id_venda,id_material_base,id_material_catalogo,quantidade_kg,preco_por_kg) VALUES (426,2,5,93.06,1.53);
INSERT INTO vendas (id_venda,id_cooperativa,id_comprador,data_venda,valor_total) VALUES (427,19,73,'2025-04-25 02:43:39',0);
INSERT INTO vendas_itens (id_venda,id_material_base,id_material_catalogo,quantidade_kg,preco_por_kg) VALUES (427,3,8,412.07,2.58);
INSERT INTO vendas_itens (id_venda,id_material_base,id_material_catalogo,quantidade_kg,preco_por_kg) VALUES (427,3,8,331.73,5.40);
INSERT INTO avaliacoes_compradores (id_venda,pontualidade_pagamento,logistica_entrega,qualidade_negociacao,comentario_livre) VALUES (427,5,1,4,'');
INSERT INTO vendas (id_venda,id_cooperativa,id_comprador,data_venda,valor_total) VALUES (428,11,46,'2025-08-28 02:43:39',0);
INSERT INTO vendas_itens (id_venda,id_material_base,id_material_catalogo,quantidade_kg,preco_por_kg) VALUES (428,1,3,594.24,2.09);
INSERT INTO avaliacoes_compradores (id_venda,pontualidade_pagamento,logistica_entrega,qualidade_negociacao,comentario_livre) VALUES (428,5,2,2,'');
INSERT INTO vendas (id_venda,id_cooperativa,id_comprador,data_venda,valor_total) VALUES (429,38,29,'2025-10-12 02:43:39',0);
INSERT INTO vendas_itens (id_venda,id_material_base,id_material_catalogo,quantidade_kg,preco_por_kg) VALUES (429,2,4,60.65,1.49);
INSERT INTO vendas (id_venda,id_cooperativa,id_comprador,data_venda,valor_total) VALUES (430,5,68,'2025-05-18 02:43:39',0);
INSERT INTO vendas_itens (id_venda,id_material_base,id_material_catalogo,quantidade_kg,preco_por_kg) VALUES (430,1,2,153.12,2.10);
INSERT INTO vendas_itens (id_venda,id_material_base,id_material_catalogo,quantidade_kg,preco_por_kg) VALUES (430,1,1,289.25,3.84);
INSERT INTO vendas_itens (id_venda,id_material_base,id_material_catalogo,quantidade_kg,preco_por_kg) VALUES (430,1,1,431.95,3.19);
INSERT INTO vendas (id_venda,id_cooperativa,id_comprador,data_venda,valor_total) VALUES (431,4,51,'2025-02-13 02:43:39',0);
INSERT INTO vendas_itens (id_venda,id_material_base,id_material_catalogo,quantidade_kg,preco_por_kg) VALUES (431,3,9,331.43,4.92);
INSERT INTO vendas_itens (id_venda,id_material_base,id_material_catalogo,quantidade_kg,preco_por_kg) VALUES (431,1,1,91.22,2.89);
INSERT INTO vendas_itens (id_venda,id_material_base,id_material_catalogo,quantidade_kg,preco_por_kg) VALUES (431,1,2,532.83,2.79);
INSERT INTO avaliacoes_compradores (id_venda,pontualidade_pagamento,logistica_entrega,qualidade_negociacao,comentario_livre) VALUES (431,3,3,2,'');
INSERT INTO vendas (id_venda,id_cooperativa,id_comprador,data_venda,valor_total) VALUES (432,14,33,'2024-12-31 02:43:39',0);
INSERT INTO vendas_itens (id_venda,id_material_base,id_material_catalogo,quantidade_kg,preco_por_kg) VALUES (432,1,3,317.01,3.63);
INSERT INTO vendas_itens (id_venda,id_material_base,id_material_catalogo,quantidade_kg,preco_por_kg) VALUES (432,2,4,122.73,0.56);
INSERT INTO vendas (id_venda,id_cooperativa,id_comprador,data_venda,valor_total) VALUES (433,28,8,'2025-02-11 02:43:39',0);
INSERT INTO vendas_itens (id_venda,id_material_base,id_material_catalogo,quantidade_kg,preco_por_kg) VALUES (433,3,8,520.35,3.22);
INSERT INTO vendas_itens (id_venda,id_material_base,id_material_catalogo,quantidade_kg,preco_por_kg) VALUES (433,2,6,95.44,1.53);
INSERT INTO vendas (id_venda,id_cooperativa,id_comprador,data_venda,valor_total) VALUES (434,15,22,'2025-07-14 02:43:39',0);
INSERT INTO vendas_itens (id_venda,id_material_base,id_material_catalogo,quantidade_kg,preco_por_kg) VALUES (434,1,3,467.38,1.60);
INSERT INTO vendas_itens (id_venda,id_material_base,id_material_catalogo,quantidade_kg,preco_por_kg) VALUES (434,1,3,422.91,1.33);
INSERT INTO vendas (id_venda,id_cooperativa,id_comprador,data_venda,valor_total) VALUES (435,34,90,'2025-07-01 02:43:39',0);
INSERT INTO vendas_itens (id_venda,id_material_base,id_material_catalogo,quantidade_kg,preco_por_kg) VALUES (435,1,2,191.33,1.50);
INSERT INTO vendas_itens (id_venda,id_material_base,id_material_catalogo,quantidade_kg,preco_por_kg) VALUES (435,1,2,206.43,2.21);
INSERT INTO vendas_itens (id_venda,id_material_base,id_material_catalogo,quantidade_kg,preco_por_kg) VALUES (435,3,9,538.48,2.51);
INSERT INTO avaliacoes_compradores (id_venda,pontualidade_pagamento,logistica_entrega,qualidade_negociacao,comentario_livre) VALUES (435,5,4,5,'');
INSERT INTO avaliacao_feedback_selecionado (id_avaliacao,id_feedback_tag) SELECT id_avaliacao,8 FROM avaliacoes_compradores WHERE id_venda=435;
INSERT INTO avaliacao_feedback_selecionado (id_avaliacao,id_feedback_tag) SELECT id_avaliacao,9 FROM avaliacoes_compradores WHERE id_venda=435;
INSERT INTO vendas (id_venda,id_cooperativa,id_comprador,data_venda,valor_total) VALUES (436,50,90,'2025-06-10 02:43:39',0);
INSERT INTO vendas_itens (id_venda,id_material_base,id_material_catalogo,quantidade_kg,preco_por_kg) VALUES (436,1,2,529.79,3.30);
INSERT INTO vendas_itens (id_venda,id_material_base,id_material_catalogo,quantidade_kg,preco_por_kg) VALUES (436,3,9,517.11,2.93);
INSERT INTO vendas_itens (id_venda,id_material_base,id_material_catalogo,quantidade_kg,preco_por_kg) VALUES (436,3,8,331.70,5.62);
INSERT INTO avaliacoes_compradores (id_venda,pontualidade_pagamento,logistica_entrega,qualidade_negociacao,comentario_livre) VALUES (436,5,5,5,'');
INSERT INTO avaliacao_feedback_selecionado (id_avaliacao,id_feedback_tag) SELECT id_avaliacao,1 FROM avaliacoes_compradores WHERE id_venda=436;
INSERT INTO vendas (id_venda,id_cooperativa,id_comprador,data_venda,valor_total) VALUES (437,40,40,'2025-01-16 02:43:39',0);
INSERT INTO vendas_itens (id_venda,id_material_base,id_material_catalogo,quantidade_kg,preco_por_kg) VALUES (437,3,7,415.28,3.11);
INSERT INTO avaliacoes_compradores (id_venda,pontualidade_pagamento,logistica_entrega,qualidade_negociacao,comentario_livre) VALUES (437,2,3,3,'');
INSERT INTO vendas (id_venda,id_cooperativa,id_comprador,data_venda,valor_total) VALUES (438,19,51,'2025-08-19 02:43:39',0);
INSERT INTO vendas_itens (id_venda,id_material_base,id_material_catalogo,quantidade_kg,preco_por_kg) VALUES (438,1,3,315.60,1.43);
INSERT INTO vendas (id_venda,id_cooperativa,id_comprador,data_venda,valor_total) VALUES (439,11,67,'2025-05-17 02:43:39',0);
INSERT INTO vendas_itens (id_venda,id_material_base,id_material_catalogo,quantidade_kg,preco_por_kg) VALUES (439,2,6,529.98,1.75);
INSERT INTO vendas_itens (id_venda,id_material_base,id_material_catalogo,quantidade_kg,preco_por_kg) VALUES (439,2,5,150.75,0.70);
INSERT INTO vendas (id_venda,id_cooperativa,id_comprador,data_venda,valor_total) VALUES (440,30,9,'2025-01-25 02:43:39',0);
INSERT INTO vendas_itens (id_venda,id_material_base,id_material_catalogo,quantidade_kg,preco_por_kg) VALUES (440,3,7,224.27,5.30);
INSERT INTO vendas_itens (id_venda,id_material_base,id_material_catalogo,quantidade_kg,preco_por_kg) VALUES (440,2,5,506.48,1.39);
INSERT INTO vendas (id_venda,id_cooperativa,id_comprador,data_venda,valor_total) VALUES (441,11,45,'2025-04-05 02:43:39',0);
INSERT INTO vendas_itens (id_venda,id_material_base,id_material_catalogo,quantidade_kg,preco_por_kg) VALUES (441,3,7,526.50,5.67);
INSERT INTO avaliacoes_compradores (id_venda,pontualidade_pagamento,logistica_entrega,qualidade_negociacao,comentario_livre) VALUES (441,1,4,2,'');
INSERT INTO vendas (id_venda,id_cooperativa,id_comprador,data_venda,valor_total) VALUES (442,23,89,'2025-08-10 02:43:39',0);
INSERT INTO vendas_itens (id_venda,id_material_base,id_material_catalogo,quantidade_kg,preco_por_kg) VALUES (442,1,1,255.37,3.07);
INSERT INTO vendas_itens (id_venda,id_material_base,id_material_catalogo,quantidade_kg,preco_por_kg) VALUES (442,3,7,33.79,7.57);
INSERT INTO vendas_itens (id_venda,id_material_base,id_material_catalogo,quantidade_kg,preco_por_kg) VALUES (442,1,1,107.57,2.03);
INSERT INTO vendas (id_venda,id_cooperativa,id_comprador,data_venda,valor_total) VALUES (443,24,14,'2025-08-24 02:43:39',0);
INSERT INTO vendas_itens (id_venda,id_material_base,id_material_catalogo,quantidade_kg,preco_por_kg) VALUES (443,3,9,191.77,3.01);
INSERT INTO vendas_itens (id_venda,id_material_base,id_material_catalogo,quantidade_kg,preco_por_kg) VALUES (443,2,6,466.69,1.36);
INSERT INTO vendas (id_venda,id_cooperativa,id_comprador,data_venda,valor_total) VALUES (444,4,92,'2025-08-31 02:43:39',0);
INSERT INTO vendas_itens (id_venda,id_material_base,id_material_catalogo,quantidade_kg,preco_por_kg) VALUES (444,3,7,537.92,7.49);
INSERT INTO vendas_itens (id_venda,id_material_base,id_material_catalogo,quantidade_kg,preco_por_kg) VALUES (444,3,9,227.10,5.77);
INSERT INTO vendas_itens (id_venda,id_material_base,id_material_catalogo,quantidade_kg,preco_por_kg) VALUES (444,1,2,236.97,2.23);
INSERT INTO vendas (id_venda,id_cooperativa,id_comprador,data_venda,valor_total) VALUES (445,15,95,'2025-09-19 02:43:39',0);
INSERT INTO vendas_itens (id_venda,id_material_base,id_material_catalogo,quantidade_kg,preco_por_kg) VALUES (445,1,3,201.23,2.13);
INSERT INTO vendas_itens (id_venda,id_material_base,id_material_catalogo,quantidade_kg,preco_por_kg) VALUES (445,1,3,490.83,3.39);
INSERT INTO vendas_itens (id_venda,id_material_base,id_material_catalogo,quantidade_kg,preco_por_kg) VALUES (445,2,4,124.17,1.22);
INSERT INTO vendas (id_venda,id_cooperativa,id_comprador,data_venda,valor_total) VALUES (446,46,80,'2025-09-05 02:43:39',0);
INSERT INTO vendas_itens (id_venda,id_material_base,id_material_catalogo,quantidade_kg,preco_por_kg) VALUES (446,3,8,305.01,7.30);
INSERT INTO vendas_itens (id_venda,id_material_base,id_material_catalogo,quantidade_kg,preco_por_kg) VALUES (446,1,3,243.64,3.37);
INSERT INTO avaliacoes_compradores (id_venda,pontualidade_pagamento,logistica_entrega,qualidade_negociacao,comentario_livre) VALUES (446,2,5,3,'');
INSERT INTO vendas (id_venda,id_cooperativa,id_comprador,data_venda,valor_total) VALUES (447,16,98,'2025-02-03 02:43:39',0);
INSERT INTO vendas_itens (id_venda,id_material_base,id_material_catalogo,quantidade_kg,preco_por_kg) VALUES (447,2,6,67.57,1.44);
INSERT INTO vendas_itens (id_venda,id_material_base,id_material_catalogo,quantidade_kg,preco_por_kg) VALUES (447,3,9,417.92,5.67);
INSERT INTO vendas_itens (id_venda,id_material_base,id_material_catalogo,quantidade_kg,preco_por_kg) VALUES (447,1,3,499.75,3.30);
INSERT INTO vendas (id_venda,id_cooperativa,id_comprador,data_venda,valor_total) VALUES (448,20,64,'2025-03-28 02:43:39',0);
INSERT INTO vendas_itens (id_venda,id_material_base,id_material_catalogo,quantidade_kg,preco_por_kg) VALUES (448,1,2,115.61,1.83);
INSERT INTO avaliacoes_compradores (id_venda,pontualidade_pagamento,logistica_entrega,qualidade_negociacao,comentario_livre) VALUES (448,3,2,5,'');
INSERT INTO vendas (id_venda,id_cooperativa,id_comprador,data_venda,valor_total) VALUES (449,15,5,'2025-08-16 02:43:39',0);
INSERT INTO vendas_itens (id_venda,id_material_base,id_material_catalogo,quantidade_kg,preco_por_kg) VALUES (449,1,3,460.80,2.69);
INSERT INTO vendas_itens (id_venda,id_material_base,id_material_catalogo,quantidade_kg,preco_por_kg) VALUES (449,1,2,504.76,1.71);
INSERT INTO vendas_itens (id_venda,id_material_base,id_material_catalogo,quantidade_kg,preco_por_kg) VALUES (449,3,7,244.35,5.29);
INSERT INTO avaliacoes_compradores (id_venda,pontualidade_pagamento,logistica_entrega,qualidade_negociacao,comentario_livre) VALUES (449,3,5,5,'');
INSERT INTO avaliacao_feedback_selecionado (id_avaliacao,id_feedback_tag) SELECT id_avaliacao,3 FROM avaliacoes_compradores WHERE id_venda=449;
INSERT INTO avaliacao_feedback_selecionado (id_avaliacao,id_feedback_tag) SELECT id_avaliacao,4 FROM avaliacoes_compradores WHERE id_venda=449;
INSERT INTO avaliacao_feedback_selecionado (id_avaliacao,id_feedback_tag) SELECT id_avaliacao,2 FROM avaliacoes_compradores WHERE id_venda=449;
INSERT INTO vendas (id_venda,id_cooperativa,id_comprador,data_venda,valor_total) VALUES (450,13,12,'2025-10-02 02:43:39',0);
INSERT INTO vendas_itens (id_venda,id_material_base,id_material_catalogo,quantidade_kg,preco_por_kg) VALUES (450,3,9,423.46,4.12);
INSERT INTO avaliacoes_compradores (id_venda,pontualidade_pagamento,logistica_entrega,qualidade_negociacao,comentario_livre) VALUES (450,2,3,1,'');
INSERT INTO avaliacao_feedback_selecionado (id_avaliacao,id_feedback_tag) SELECT id_avaliacao,12 FROM avaliacoes_compradores WHERE id_venda=450;
INSERT INTO vendas (id_venda,id_cooperativa,id_comprador,data_venda,valor_total) VALUES (451,38,68,'2025-09-06 02:43:39',0);
INSERT INTO vendas_itens (id_venda,id_material_base,id_material_catalogo,quantidade_kg,preco_por_kg) VALUES (451,3,8,266.21,3.87);
INSERT INTO vendas (id_venda,id_cooperativa,id_comprador,data_venda,valor_total) VALUES (452,5,3,'2025-09-05 02:43:39',0);
INSERT INTO vendas_itens (id_venda,id_material_base,id_material_catalogo,quantidade_kg,preco_por_kg) VALUES (452,1,3,410.08,3.79);
INSERT INTO vendas (id_venda,id_cooperativa,id_comprador,data_venda,valor_total) VALUES (453,12,72,'2024-11-28 02:43:39',0);
INSERT INTO vendas_itens (id_venda,id_material_base,id_material_catalogo,quantidade_kg,preco_por_kg) VALUES (453,1,3,111.24,2.73);
INSERT INTO avaliacoes_compradores (id_venda,pontualidade_pagamento,logistica_entrega,qualidade_negociacao,comentario_livre) VALUES (453,2,2,2,'');
INSERT INTO avaliacao_feedback_selecionado (id_avaliacao,id_feedback_tag) SELECT id_avaliacao,12 FROM avaliacoes_compradores WHERE id_venda=453;
INSERT INTO avaliacao_feedback_selecionado (id_avaliacao,id_feedback_tag) SELECT id_avaliacao,19 FROM avaliacoes_compradores WHERE id_venda=453;
INSERT INTO vendas (id_venda,id_cooperativa,id_comprador,data_venda,valor_total) VALUES (454,22,54,'2025-05-31 02:43:39',0);
INSERT INTO vendas_itens (id_venda,id_material_base,id_material_catalogo,quantidade_kg,preco_por_kg) VALUES (454,3,7,119.59,7.07);
INSERT INTO vendas_itens (id_venda,id_material_base,id_material_catalogo,quantidade_kg,preco_por_kg) VALUES (454,1,1,249.69,1.77);
INSERT INTO vendas_itens (id_venda,id_material_base,id_material_catalogo,quantidade_kg,preco_por_kg) VALUES (454,3,7,340.72,4.97);
INSERT INTO avaliacoes_compradores (id_venda,pontualidade_pagamento,logistica_entrega,qualidade_negociacao,comentario_livre) VALUES (454,3,3,4,'');
INSERT INTO vendas (id_venda,id_cooperativa,id_comprador,data_venda,valor_total) VALUES (455,18,71,'2025-06-15 02:43:39',0);
INSERT INTO vendas_itens (id_venda,id_material_base,id_material_catalogo,quantidade_kg,preco_por_kg) VALUES (455,1,2,402.15,1.50);
INSERT INTO vendas_itens (id_venda,id_material_base,id_material_catalogo,quantidade_kg,preco_por_kg) VALUES (455,1,2,535.57,2.26);
INSERT INTO vendas_itens (id_venda,id_material_base,id_material_catalogo,quantidade_kg,preco_por_kg) VALUES (455,2,5,343.35,1.77);
INSERT INTO avaliacoes_compradores (id_venda,pontualidade_pagamento,logistica_entrega,qualidade_negociacao,comentario_livre) VALUES (455,2,5,3,'');
INSERT INTO vendas (id_venda,id_cooperativa,id_comprador,data_venda,valor_total) VALUES (456,46,34,'2025-07-08 02:43:39',0);
INSERT INTO vendas_itens (id_venda,id_material_base,id_material_catalogo,quantidade_kg,preco_por_kg) VALUES (456,3,7,566.37,3.53);
INSERT INTO vendas_itens (id_venda,id_material_base,id_material_catalogo,quantidade_kg,preco_por_kg) VALUES (456,3,7,477.29,7.37);
INSERT INTO vendas_itens (id_venda,id_material_base,id_material_catalogo,quantidade_kg,preco_por_kg) VALUES (456,2,4,528.55,1.31);
INSERT INTO vendas (id_venda,id_cooperativa,id_comprador,data_venda,valor_total) VALUES (457,41,40,'2025-03-18 02:43:39',0);
INSERT INTO vendas_itens (id_venda,id_material_base,id_material_catalogo,quantidade_kg,preco_por_kg) VALUES (457,3,7,468.78,7.65);
INSERT INTO vendas_itens (id_venda,id_material_base,id_material_catalogo,quantidade_kg,preco_por_kg) VALUES (457,3,8,594.40,7.62);
INSERT INTO vendas (id_venda,id_cooperativa,id_comprador,data_venda,valor_total) VALUES (458,44,16,'2025-05-08 02:43:39',0);
INSERT INTO vendas_itens (id_venda,id_material_base,id_material_catalogo,quantidade_kg,preco_por_kg) VALUES (458,1,3,116.10,2.56);
INSERT INTO vendas_itens (id_venda,id_material_base,id_material_catalogo,quantidade_kg,preco_por_kg) VALUES (458,3,7,171.53,4.45);
INSERT INTO avaliacoes_compradores (id_venda,pontualidade_pagamento,logistica_entrega,qualidade_negociacao,comentario_livre) VALUES (458,2,5,4,'');
INSERT INTO vendas (id_venda,id_cooperativa,id_comprador,data_venda,valor_total) VALUES (459,13,49,'2025-03-06 02:43:39',0);
INSERT INTO vendas_itens (id_venda,id_material_base,id_material_catalogo,quantidade_kg,preco_por_kg) VALUES (459,3,9,276.18,6.08);
INSERT INTO vendas_itens (id_venda,id_material_base,id_material_catalogo,quantidade_kg,preco_por_kg) VALUES (459,2,5,104.86,0.63);
INSERT INTO vendas (id_venda,id_cooperativa,id_comprador,data_venda,valor_total) VALUES (460,49,38,'2025-02-19 02:43:39',0);
INSERT INTO vendas_itens (id_venda,id_material_base,id_material_catalogo,quantidade_kg,preco_por_kg) VALUES (460,3,8,458.57,6.40);
INSERT INTO vendas_itens (id_venda,id_material_base,id_material_catalogo,quantidade_kg,preco_por_kg) VALUES (460,3,9,169.85,4.57);
INSERT INTO avaliacoes_compradores (id_venda,pontualidade_pagamento,logistica_entrega,qualidade_negociacao,comentario_livre) VALUES (460,1,4,3,'');
INSERT INTO vendas (id_venda,id_cooperativa,id_comprador,data_venda,valor_total) VALUES (461,25,13,'2025-06-28 02:43:39',0);
INSERT INTO vendas_itens (id_venda,id_material_base,id_material_catalogo,quantidade_kg,preco_por_kg) VALUES (461,1,1,436.39,1.70);
INSERT INTO vendas_itens (id_venda,id_material_base,id_material_catalogo,quantidade_kg,preco_por_kg) VALUES (461,3,9,435.83,2.51);
INSERT INTO vendas_itens (id_venda,id_material_base,id_material_catalogo,quantidade_kg,preco_por_kg) VALUES (461,3,9,570.18,5.78);
INSERT INTO vendas (id_venda,id_cooperativa,id_comprador,data_venda,valor_total) VALUES (462,11,92,'2024-11-18 02:43:39',0);
INSERT INTO vendas_itens (id_venda,id_material_base,id_material_catalogo,quantidade_kg,preco_por_kg) VALUES (462,3,7,500.41,6.99);
INSERT INTO vendas_itens (id_venda,id_material_base,id_material_catalogo,quantidade_kg,preco_por_kg) VALUES (462,1,3,162.33,2.81);
INSERT INTO vendas_itens (id_venda,id_material_base,id_material_catalogo,quantidade_kg,preco_por_kg) VALUES (462,1,3,527.10,1.67);
INSERT INTO avaliacoes_compradores (id_venda,pontualidade_pagamento,logistica_entrega,qualidade_negociacao,comentario_livre) VALUES (462,5,1,4,'');
INSERT INTO vendas (id_venda,id_cooperativa,id_comprador,data_venda,valor_total) VALUES (463,27,83,'2025-03-25 02:43:39',0);
INSERT INTO vendas_itens (id_venda,id_material_base,id_material_catalogo,quantidade_kg,preco_por_kg) VALUES (463,1,3,471.08,3.09);
INSERT INTO avaliacoes_compradores (id_venda,pontualidade_pagamento,logistica_entrega,qualidade_negociacao,comentario_livre) VALUES (463,1,3,3,'');
INSERT INTO vendas (id_venda,id_cooperativa,id_comprador,data_venda,valor_total) VALUES (464,8,98,'2025-07-01 02:43:39',0);
INSERT INTO vendas_itens (id_venda,id_material_base,id_material_catalogo,quantidade_kg,preco_por_kg) VALUES (464,2,5,330.77,1.41);
INSERT INTO vendas_itens (id_venda,id_material_base,id_material_catalogo,quantidade_kg,preco_por_kg) VALUES (464,1,2,443.32,2.63);
INSERT INTO vendas (id_venda,id_cooperativa,id_comprador,data_venda,valor_total) VALUES (465,46,8,'2025-11-07 02:43:39',0);
INSERT INTO vendas_itens (id_venda,id_material_base,id_material_catalogo,quantidade_kg,preco_por_kg) VALUES (465,1,2,408.94,2.42);
INSERT INTO vendas_itens (id_venda,id_material_base,id_material_catalogo,quantidade_kg,preco_por_kg) VALUES (465,3,9,394.09,6.17);
INSERT INTO avaliacoes_compradores (id_venda,pontualidade_pagamento,logistica_entrega,qualidade_negociacao,comentario_livre) VALUES (465,3,5,1,'');
INSERT INTO vendas (id_venda,id_cooperativa,id_comprador,data_venda,valor_total) VALUES (466,14,59,'2025-10-03 02:43:39',0);
INSERT INTO vendas_itens (id_venda,id_material_base,id_material_catalogo,quantidade_kg,preco_por_kg) VALUES (466,1,2,593.21,2.94);
INSERT INTO vendas (id_venda,id_cooperativa,id_comprador,data_venda,valor_total) VALUES (467,20,60,'2025-03-19 02:43:39',0);
INSERT INTO vendas_itens (id_venda,id_material_base,id_material_catalogo,quantidade_kg,preco_por_kg) VALUES (467,2,6,43.88,1.73);
INSERT INTO vendas_itens (id_venda,id_material_base,id_material_catalogo,quantidade_kg,preco_por_kg) VALUES (467,3,8,312.53,3.18);
INSERT INTO avaliacoes_compradores (id_venda,pontualidade_pagamento,logistica_entrega,qualidade_negociacao,comentario_livre) VALUES (467,5,3,2,'');
INSERT INTO vendas (id_venda,id_cooperativa,id_comprador,data_venda,valor_total) VALUES (468,37,12,'2025-06-27 02:43:39',0);
INSERT INTO vendas_itens (id_venda,id_material_base,id_material_catalogo,quantidade_kg,preco_por_kg) VALUES (468,2,4,288.01,0.90);
INSERT INTO vendas_itens (id_venda,id_material_base,id_material_catalogo,quantidade_kg,preco_por_kg) VALUES (468,2,5,592.05,0.89);
INSERT INTO vendas_itens (id_venda,id_material_base,id_material_catalogo,quantidade_kg,preco_por_kg) VALUES (468,3,9,555.78,2.77);
INSERT INTO avaliacoes_compradores (id_venda,pontualidade_pagamento,logistica_entrega,qualidade_negociacao,comentario_livre) VALUES (468,3,4,1,'');
INSERT INTO vendas (id_venda,id_cooperativa,id_comprador,data_venda,valor_total) VALUES (469,42,48,'2025-01-03 02:43:39',0);
INSERT INTO vendas_itens (id_venda,id_material_base,id_material_catalogo,quantidade_kg,preco_por_kg) VALUES (469,2,5,598.08,1.77);
INSERT INTO vendas_itens (id_venda,id_material_base,id_material_catalogo,quantidade_kg,preco_por_kg) VALUES (469,2,5,181.83,1.15);
INSERT INTO avaliacoes_compradores (id_venda,pontualidade_pagamento,logistica_entrega,qualidade_negociacao,comentario_livre) VALUES (469,4,1,4,'');
INSERT INTO vendas (id_venda,id_cooperativa,id_comprador,data_venda,valor_total) VALUES (470,22,97,'2025-06-07 02:43:39',0);
INSERT INTO vendas_itens (id_venda,id_material_base,id_material_catalogo,quantidade_kg,preco_por_kg) VALUES (470,1,2,239.32,3.75);
INSERT INTO vendas_itens (id_venda,id_material_base,id_material_catalogo,quantidade_kg,preco_por_kg) VALUES (470,2,5,382.99,0.82);
INSERT INTO vendas_itens (id_venda,id_material_base,id_material_catalogo,quantidade_kg,preco_por_kg) VALUES (470,3,9,132.09,5.14);
INSERT INTO vendas (id_venda,id_cooperativa,id_comprador,data_venda,valor_total) VALUES (471,15,65,'2025-10-18 02:43:39',0);
INSERT INTO vendas_itens (id_venda,id_material_base,id_material_catalogo,quantidade_kg,preco_por_kg) VALUES (471,2,4,550.88,1.33);
INSERT INTO vendas_itens (id_venda,id_material_base,id_material_catalogo,quantidade_kg,preco_por_kg) VALUES (471,3,9,510.48,2.53);
INSERT INTO avaliacoes_compradores (id_venda,pontualidade_pagamento,logistica_entrega,qualidade_negociacao,comentario_livre) VALUES (471,2,2,4,'');
INSERT INTO vendas (id_venda,id_cooperativa,id_comprador,data_venda,valor_total) VALUES (472,41,89,'2025-04-14 02:43:39',0);
INSERT INTO vendas_itens (id_venda,id_material_base,id_material_catalogo,quantidade_kg,preco_por_kg) VALUES (472,2,4,355.16,1.80);
INSERT INTO vendas_itens (id_venda,id_material_base,id_material_catalogo,quantidade_kg,preco_por_kg) VALUES (472,2,5,81.28,1.53);
INSERT INTO avaliacoes_compradores (id_venda,pontualidade_pagamento,logistica_entrega,qualidade_negociacao,comentario_livre) VALUES (472,5,1,4,'');
INSERT INTO vendas (id_venda,id_cooperativa,id_comprador,data_venda,valor_total) VALUES (473,34,18,'2025-10-23 02:43:39',0);
INSERT INTO vendas_itens (id_venda,id_material_base,id_material_catalogo,quantidade_kg,preco_por_kg) VALUES (473,3,8,430.93,3.36);
INSERT INTO vendas_itens (id_venda,id_material_base,id_material_catalogo,quantidade_kg,preco_por_kg) VALUES (473,2,5,190.58,1.19);
INSERT INTO avaliacoes_compradores (id_venda,pontualidade_pagamento,logistica_entrega,qualidade_negociacao,comentario_livre) VALUES (473,4,3,4,'');
INSERT INTO vendas (id_venda,id_cooperativa,id_comprador,data_venda,valor_total) VALUES (474,25,13,'2025-05-19 02:43:39',0);
INSERT INTO vendas_itens (id_venda,id_material_base,id_material_catalogo,quantidade_kg,preco_por_kg) VALUES (474,2,6,536.25,1.70);
INSERT INTO avaliacoes_compradores (id_venda,pontualidade_pagamento,logistica_entrega,qualidade_negociacao,comentario_livre) VALUES (474,5,2,4,'');
INSERT INTO vendas (id_venda,id_cooperativa,id_comprador,data_venda,valor_total) VALUES (475,3,20,'2025-11-10 02:43:39',0);
INSERT INTO vendas_itens (id_venda,id_material_base,id_material_catalogo,quantidade_kg,preco_por_kg) VALUES (475,1,1,239.68,3.65);
INSERT INTO vendas (id_venda,id_cooperativa,id_comprador,data_venda,valor_total) VALUES (476,14,82,'2025-10-09 02:43:39',0);
INSERT INTO vendas_itens (id_venda,id_material_base,id_material_catalogo,quantidade_kg,preco_por_kg) VALUES (476,1,1,531.21,3.89);
INSERT INTO vendas_itens (id_venda,id_material_base,id_material_catalogo,quantidade_kg,preco_por_kg) VALUES (476,1,3,463.72,2.60);
INSERT INTO avaliacoes_compradores (id_venda,pontualidade_pagamento,logistica_entrega,qualidade_negociacao,comentario_livre) VALUES (476,2,5,5,'');
INSERT INTO avaliacao_feedback_selecionado (id_avaliacao,id_feedback_tag) SELECT id_avaliacao,3 FROM avaliacoes_compradores WHERE id_venda=476;
INSERT INTO vendas (id_venda,id_cooperativa,id_comprador,data_venda,valor_total) VALUES (477,12,15,'2025-04-16 02:43:39',0);
INSERT INTO vendas_itens (id_venda,id_material_base,id_material_catalogo,quantidade_kg,preco_por_kg) VALUES (477,2,4,435.77,1.36);
INSERT INTO vendas_itens (id_venda,id_material_base,id_material_catalogo,quantidade_kg,preco_por_kg) VALUES (477,1,2,30.92,1.85);
INSERT INTO vendas (id_venda,id_cooperativa,id_comprador,data_venda,valor_total) VALUES (478,4,60,'2025-03-18 02:43:39',0);
INSERT INTO vendas_itens (id_venda,id_material_base,id_material_catalogo,quantidade_kg,preco_por_kg) VALUES (478,2,5,473.82,0.70);
INSERT INTO vendas_itens (id_venda,id_material_base,id_material_catalogo,quantidade_kg,preco_por_kg) VALUES (478,1,3,70.47,1.79);
INSERT INTO vendas_itens (id_venda,id_material_base,id_material_catalogo,quantidade_kg,preco_por_kg) VALUES (478,2,5,389.34,1.75);
INSERT INTO avaliacoes_compradores (id_venda,pontualidade_pagamento,logistica_entrega,qualidade_negociacao,comentario_livre) VALUES (478,5,3,3,'');
INSERT INTO vendas (id_venda,id_cooperativa,id_comprador,data_venda,valor_total) VALUES (479,8,94,'2025-09-20 02:43:39',0);
INSERT INTO vendas_itens (id_venda,id_material_base,id_material_catalogo,quantidade_kg,preco_por_kg) VALUES (479,2,6,506.66,1.48);
INSERT INTO vendas_itens (id_venda,id_material_base,id_material_catalogo,quantidade_kg,preco_por_kg) VALUES (479,3,7,112.07,6.09);
INSERT INTO vendas (id_venda,id_cooperativa,id_comprador,data_venda,valor_total) VALUES (480,3,2,'2025-11-05 02:43:39',0);
INSERT INTO vendas_itens (id_venda,id_material_base,id_material_catalogo,quantidade_kg,preco_por_kg) VALUES (480,3,7,75.75,6.79);
INSERT INTO vendas_itens (id_venda,id_material_base,id_material_catalogo,quantidade_kg,preco_por_kg) VALUES (480,2,4,210.10,1.61);
INSERT INTO avaliacoes_compradores (id_venda,pontualidade_pagamento,logistica_entrega,qualidade_negociacao,comentario_livre) VALUES (480,2,2,5,'');
INSERT INTO vendas (id_venda,id_cooperativa,id_comprador,data_venda,valor_total) VALUES (481,24,5,'2025-03-13 02:43:39',0);
INSERT INTO vendas_itens (id_venda,id_material_base,id_material_catalogo,quantidade_kg,preco_por_kg) VALUES (481,1,2,571.75,2.07);
INSERT INTO vendas_itens (id_venda,id_material_base,id_material_catalogo,quantidade_kg,preco_por_kg) VALUES (481,2,6,244.64,0.71);
INSERT INTO vendas_itens (id_venda,id_material_base,id_material_catalogo,quantidade_kg,preco_por_kg) VALUES (481,3,8,278.51,6.76);
INSERT INTO avaliacoes_compradores (id_venda,pontualidade_pagamento,logistica_entrega,qualidade_negociacao,comentario_livre) VALUES (481,2,1,4,'');
INSERT INTO vendas (id_venda,id_cooperativa,id_comprador,data_venda,valor_total) VALUES (482,35,8,'2025-07-26 02:43:39',0);
INSERT INTO vendas_itens (id_venda,id_material_base,id_material_catalogo,quantidade_kg,preco_por_kg) VALUES (482,1,3,432.53,1.87);
INSERT INTO vendas_itens (id_venda,id_material_base,id_material_catalogo,quantidade_kg,preco_por_kg) VALUES (482,3,8,444.71,5.37);
INSERT INTO vendas_itens (id_venda,id_material_base,id_material_catalogo,quantidade_kg,preco_por_kg) VALUES (482,2,6,59.05,0.98);
INSERT INTO vendas (id_venda,id_cooperativa,id_comprador,data_venda,valor_total) VALUES (483,3,32,'2025-02-06 02:43:39',0);
INSERT INTO vendas_itens (id_venda,id_material_base,id_material_catalogo,quantidade_kg,preco_por_kg) VALUES (483,1,2,65.01,2.35);
INSERT INTO vendas_itens (id_venda,id_material_base,id_material_catalogo,quantidade_kg,preco_por_kg) VALUES (483,1,2,316.58,1.49);
INSERT INTO avaliacoes_compradores (id_venda,pontualidade_pagamento,logistica_entrega,qualidade_negociacao,comentario_livre) VALUES (483,1,4,5,'');
INSERT INTO vendas (id_venda,id_cooperativa,id_comprador,data_venda,valor_total) VALUES (484,37,29,'2025-10-18 02:43:39',0);
INSERT INTO vendas_itens (id_venda,id_material_base,id_material_catalogo,quantidade_kg,preco_por_kg) VALUES (484,3,8,557.16,5.26);
INSERT INTO vendas_itens (id_venda,id_material_base,id_material_catalogo,quantidade_kg,preco_por_kg) VALUES (484,2,4,316.45,1.10);
INSERT INTO vendas (id_venda,id_cooperativa,id_comprador,data_venda,valor_total) VALUES (485,24,47,'2025-10-05 02:43:39',0);
INSERT INTO vendas_itens (id_venda,id_material_base,id_material_catalogo,quantidade_kg,preco_por_kg) VALUES (485,1,3,460.70,2.41);
INSERT INTO vendas_itens (id_venda,id_material_base,id_material_catalogo,quantidade_kg,preco_por_kg) VALUES (485,3,8,373.03,3.69);
INSERT INTO vendas (id_venda,id_cooperativa,id_comprador,data_venda,valor_total) VALUES (486,18,56,'2024-11-29 02:43:39',0);
INSERT INTO vendas_itens (id_venda,id_material_base,id_material_catalogo,quantidade_kg,preco_por_kg) VALUES (486,3,9,54.45,3.81);
INSERT INTO avaliacoes_compradores (id_venda,pontualidade_pagamento,logistica_entrega,qualidade_negociacao,comentario_livre) VALUES (486,4,5,1,'');
INSERT INTO vendas (id_venda,id_cooperativa,id_comprador,data_venda,valor_total) VALUES (487,46,63,'2025-03-21 02:43:39',0);
INSERT INTO vendas_itens (id_venda,id_material_base,id_material_catalogo,quantidade_kg,preco_por_kg) VALUES (487,1,3,528.77,1.75);
INSERT INTO vendas_itens (id_venda,id_material_base,id_material_catalogo,quantidade_kg,preco_por_kg) VALUES (487,1,1,498.08,3.13);
INSERT INTO vendas_itens (id_venda,id_material_base,id_material_catalogo,quantidade_kg,preco_por_kg) VALUES (487,2,4,535.70,0.75);
INSERT INTO avaliacoes_compradores (id_venda,pontualidade_pagamento,logistica_entrega,qualidade_negociacao,comentario_livre) VALUES (487,5,1,1,'');
INSERT INTO vendas (id_venda,id_cooperativa,id_comprador,data_venda,valor_total) VALUES (488,32,65,'2025-05-23 02:43:39',0);
INSERT INTO vendas_itens (id_venda,id_material_base,id_material_catalogo,quantidade_kg,preco_por_kg) VALUES (488,3,7,377.48,4.08);
INSERT INTO vendas_itens (id_venda,id_material_base,id_material_catalogo,quantidade_kg,preco_por_kg) VALUES (488,3,7,480.60,2.82);
INSERT INTO vendas (id_venda,id_cooperativa,id_comprador,data_venda,valor_total) VALUES (489,42,13,'2025-08-07 02:43:39',0);
INSERT INTO vendas_itens (id_venda,id_material_base,id_material_catalogo,quantidade_kg,preco_por_kg) VALUES (489,1,2,364.94,3.80);
INSERT INTO vendas_itens (id_venda,id_material_base,id_material_catalogo,quantidade_kg,preco_por_kg) VALUES (489,2,6,560.28,1.70);
INSERT INTO avaliacoes_compradores (id_venda,pontualidade_pagamento,logistica_entrega,qualidade_negociacao,comentario_livre) VALUES (489,4,2,2,'');
INSERT INTO vendas (id_venda,id_cooperativa,id_comprador,data_venda,valor_total) VALUES (490,5,5,'2025-04-09 02:43:39',0);
INSERT INTO vendas_itens (id_venda,id_material_base,id_material_catalogo,quantidade_kg,preco_por_kg) VALUES (490,1,3,403.36,1.28);
INSERT INTO vendas_itens (id_venda,id_material_base,id_material_catalogo,quantidade_kg,preco_por_kg) VALUES (490,2,5,586.96,1.19);
INSERT INTO vendas_itens (id_venda,id_material_base,id_material_catalogo,quantidade_kg,preco_por_kg) VALUES (490,3,8,54.20,3.64);
INSERT INTO vendas (id_venda,id_cooperativa,id_comprador,data_venda,valor_total) VALUES (491,2,54,'2024-11-19 02:43:39',0);
INSERT INTO vendas_itens (id_venda,id_material_base,id_material_catalogo,quantidade_kg,preco_por_kg) VALUES (491,2,5,122.37,1.22);
INSERT INTO vendas_itens (id_venda,id_material_base,id_material_catalogo,quantidade_kg,preco_por_kg) VALUES (491,3,8,147.63,4.90);
INSERT INTO avaliacoes_compradores (id_venda,pontualidade_pagamento,logistica_entrega,qualidade_negociacao,comentario_livre) VALUES (491,3,4,5,'');
INSERT INTO avaliacao_feedback_selecionado (id_avaliacao,id_feedback_tag) SELECT id_avaliacao,7 FROM avaliacoes_compradores WHERE id_venda=491;
INSERT INTO avaliacao_feedback_selecionado (id_avaliacao,id_feedback_tag) SELECT id_avaliacao,2 FROM avaliacoes_compradores WHERE id_venda=491;
INSERT INTO avaliacao_feedback_selecionado (id_avaliacao,id_feedback_tag) SELECT id_avaliacao,9 FROM avaliacoes_compradores WHERE id_venda=491;
INSERT INTO vendas (id_venda,id_cooperativa,id_comprador,data_venda,valor_total) VALUES (492,4,42,'2025-11-05 02:43:39',0);
INSERT INTO vendas_itens (id_venda,id_material_base,id_material_catalogo,quantidade_kg,preco_por_kg) VALUES (492,2,4,308.39,1.68);
INSERT INTO vendas_itens (id_venda,id_material_base,id_material_catalogo,quantidade_kg,preco_por_kg) VALUES (492,3,7,420.46,3.25);
INSERT INTO vendas_itens (id_venda,id_material_base,id_material_catalogo,quantidade_kg,preco_por_kg) VALUES (492,1,3,340.57,1.40);
INSERT INTO avaliacoes_compradores (id_venda,pontualidade_pagamento,logistica_entrega,qualidade_negociacao,comentario_livre) VALUES (492,4,4,4,'');
INSERT INTO avaliacao_feedback_selecionado (id_avaliacao,id_feedback_tag) SELECT id_avaliacao,8 FROM avaliacoes_compradores WHERE id_venda=492;
INSERT INTO avaliacao_feedback_selecionado (id_avaliacao,id_feedback_tag) SELECT id_avaliacao,5 FROM avaliacoes_compradores WHERE id_venda=492;
INSERT INTO vendas (id_venda,id_cooperativa,id_comprador,data_venda,valor_total) VALUES (493,46,84,'2025-08-22 02:43:39',0);
INSERT INTO vendas_itens (id_venda,id_material_base,id_material_catalogo,quantidade_kg,preco_por_kg) VALUES (493,2,5,254.17,1.01);
INSERT INTO avaliacoes_compradores (id_venda,pontualidade_pagamento,logistica_entrega,qualidade_negociacao,comentario_livre) VALUES (493,3,1,2,'');
INSERT INTO avaliacao_feedback_selecionado (id_avaliacao,id_feedback_tag) SELECT id_avaliacao,12 FROM avaliacoes_compradores WHERE id_venda=493;
INSERT INTO avaliacao_feedback_selecionado (id_avaliacao,id_feedback_tag) SELECT id_avaliacao,15 FROM avaliacoes_compradores WHERE id_venda=493;
INSERT INTO avaliacao_feedback_selecionado (id_avaliacao,id_feedback_tag) SELECT id_avaliacao,21 FROM avaliacoes_compradores WHERE id_venda=493;
INSERT INTO vendas (id_venda,id_cooperativa,id_comprador,data_venda,valor_total) VALUES (494,41,64,'2025-10-14 02:43:39',0);
INSERT INTO vendas_itens (id_venda,id_material_base,id_material_catalogo,quantidade_kg,preco_por_kg) VALUES (494,3,8,480.10,4.85);
INSERT INTO vendas_itens (id_venda,id_material_base,id_material_catalogo,quantidade_kg,preco_por_kg) VALUES (494,2,6,62.50,1.21);
INSERT INTO vendas_itens (id_venda,id_material_base,id_material_catalogo,quantidade_kg,preco_por_kg) VALUES (494,1,2,127.65,3.63);
INSERT INTO avaliacoes_compradores (id_venda,pontualidade_pagamento,logistica_entrega,qualidade_negociacao,comentario_livre) VALUES (494,5,2,3,'');
INSERT INTO vendas (id_venda,id_cooperativa,id_comprador,data_venda,valor_total) VALUES (495,31,64,'2025-09-21 02:43:39',0);
INSERT INTO vendas_itens (id_venda,id_material_base,id_material_catalogo,quantidade_kg,preco_por_kg) VALUES (495,3,8,198.86,5.81);
INSERT INTO vendas_itens (id_venda,id_material_base,id_material_catalogo,quantidade_kg,preco_por_kg) VALUES (495,3,8,34.56,7.48);
INSERT INTO avaliacoes_compradores (id_venda,pontualidade_pagamento,logistica_entrega,qualidade_negociacao,comentario_livre) VALUES (495,4,2,5,'');
INSERT INTO vendas (id_venda,id_cooperativa,id_comprador,data_venda,valor_total) VALUES (496,21,70,'2025-05-15 02:43:39',0);
INSERT INTO vendas_itens (id_venda,id_material_base,id_material_catalogo,quantidade_kg,preco_por_kg) VALUES (496,2,5,147.68,0.94);
INSERT INTO avaliacoes_compradores (id_venda,pontualidade_pagamento,logistica_entrega,qualidade_negociacao,comentario_livre) VALUES (496,3,3,2,'');
INSERT INTO vendas (id_venda,id_cooperativa,id_comprador,data_venda,valor_total) VALUES (497,34,28,'2025-10-30 02:43:39',0);
INSERT INTO vendas_itens (id_venda,id_material_base,id_material_catalogo,quantidade_kg,preco_por_kg) VALUES (497,1,2,347.79,3.13);
INSERT INTO vendas (id_venda,id_cooperativa,id_comprador,data_venda,valor_total) VALUES (498,28,89,'2025-04-05 02:43:39',0);
INSERT INTO vendas_itens (id_venda,id_material_base,id_material_catalogo,quantidade_kg,preco_por_kg) VALUES (498,1,2,240.77,3.08);
INSERT INTO vendas_itens (id_venda,id_material_base,id_material_catalogo,quantidade_kg,preco_por_kg) VALUES (498,3,9,351.03,3.48);
INSERT INTO vendas_itens (id_venda,id_material_base,id_material_catalogo,quantidade_kg,preco_por_kg) VALUES (498,2,5,130.64,0.67);
INSERT INTO vendas (id_venda,id_cooperativa,id_comprador,data_venda,valor_total) VALUES (499,46,77,'2025-07-17 02:43:39',0);
INSERT INTO vendas_itens (id_venda,id_material_base,id_material_catalogo,quantidade_kg,preco_por_kg) VALUES (499,3,7,321.87,3.24);
INSERT INTO vendas_itens (id_venda,id_material_base,id_material_catalogo,quantidade_kg,preco_por_kg) VALUES (499,2,5,263.09,1.25);
INSERT INTO avaliacoes_compradores (id_venda,pontualidade_pagamento,logistica_entrega,qualidade_negociacao,comentario_livre) VALUES (499,2,3,1,'');
INSERT INTO avaliacao_feedback_selecionado (id_avaliacao,id_feedback_tag) SELECT id_avaliacao,14 FROM avaliacoes_compradores WHERE id_venda=499;
INSERT INTO vendas (id_venda,id_cooperativa,id_comprador,data_venda,valor_total) VALUES (500,14,29,'2025-04-28 02:43:39',0);
INSERT INTO vendas_itens (id_venda,id_material_base,id_material_catalogo,quantidade_kg,preco_por_kg) VALUES (500,2,6,216.71,0.91);
INSERT INTO avaliacoes_compradores (id_venda,pontualidade_pagamento,logistica_entrega,qualidade_negociacao,comentario_livre) VALUES (500,1,3,3,'');
INSERT INTO vendas (id_venda,id_cooperativa,id_comprador,data_venda,valor_total) VALUES (501,7,42,'2025-07-12 02:43:39',0);
INSERT INTO vendas_itens (id_venda,id_material_base,id_material_catalogo,quantidade_kg,preco_por_kg) VALUES (501,3,8,306.06,7.01);
INSERT INTO vendas_itens (id_venda,id_material_base,id_material_catalogo,quantidade_kg,preco_por_kg) VALUES (501,3,9,405.88,3.56);
INSERT INTO vendas_itens (id_venda,id_material_base,id_material_catalogo,quantidade_kg,preco_por_kg) VALUES (501,3,9,183.21,5.61);
INSERT INTO vendas (id_venda,id_cooperativa,id_comprador,data_venda,valor_total) VALUES (502,23,98,'2025-03-07 02:43:39',0);
INSERT INTO vendas_itens (id_venda,id_material_base,id_material_catalogo,quantidade_kg,preco_por_kg) VALUES (502,2,5,119.84,0.59);
INSERT INTO vendas_itens (id_venda,id_material_base,id_material_catalogo,quantidade_kg,preco_por_kg) VALUES (502,2,6,597.04,1.27);
INSERT INTO avaliacoes_compradores (id_venda,pontualidade_pagamento,logistica_entrega,qualidade_negociacao,comentario_livre) VALUES (502,1,4,4,'');
INSERT INTO vendas (id_venda,id_cooperativa,id_comprador,data_venda,valor_total) VALUES (503,37,13,'2024-11-28 02:43:39',0);
INSERT INTO vendas_itens (id_venda,id_material_base,id_material_catalogo,quantidade_kg,preco_por_kg) VALUES (503,1,1,495.11,1.90);
INSERT INTO avaliacoes_compradores (id_venda,pontualidade_pagamento,logistica_entrega,qualidade_negociacao,comentario_livre) VALUES (503,5,5,2,'');
INSERT INTO avaliacao_feedback_selecionado (id_avaliacao,id_feedback_tag) SELECT id_avaliacao,6 FROM avaliacoes_compradores WHERE id_venda=503;
INSERT INTO avaliacao_feedback_selecionado (id_avaliacao,id_feedback_tag) SELECT id_avaliacao,11 FROM avaliacoes_compradores WHERE id_venda=503;
INSERT INTO vendas (id_venda,id_cooperativa,id_comprador,data_venda,valor_total) VALUES (504,9,54,'2025-11-07 02:43:39',0);
INSERT INTO vendas_itens (id_venda,id_material_base,id_material_catalogo,quantidade_kg,preco_por_kg) VALUES (504,1,1,361.29,3.50);
INSERT INTO vendas_itens (id_venda,id_material_base,id_material_catalogo,quantidade_kg,preco_por_kg) VALUES (504,1,1,531.12,2.42);
INSERT INTO avaliacoes_compradores (id_venda,pontualidade_pagamento,logistica_entrega,qualidade_negociacao,comentario_livre) VALUES (504,2,2,2,'');
INSERT INTO avaliacao_feedback_selecionado (id_avaliacao,id_feedback_tag) SELECT id_avaliacao,23 FROM avaliacoes_compradores WHERE id_venda=504;
INSERT INTO vendas (id_venda,id_cooperativa,id_comprador,data_venda,valor_total) VALUES (505,48,60,'2024-12-15 02:43:39',0);
INSERT INTO vendas_itens (id_venda,id_material_base,id_material_catalogo,quantidade_kg,preco_por_kg) VALUES (505,1,2,219.73,2.37);
INSERT INTO vendas_itens (id_venda,id_material_base,id_material_catalogo,quantidade_kg,preco_por_kg) VALUES (505,1,1,216.23,1.58);
INSERT INTO vendas_itens (id_venda,id_material_base,id_material_catalogo,quantidade_kg,preco_por_kg) VALUES (505,2,5,589.85,0.53);
INSERT INTO avaliacoes_compradores (id_venda,pontualidade_pagamento,logistica_entrega,qualidade_negociacao,comentario_livre) VALUES (505,5,4,3,'');
INSERT INTO avaliacao_feedback_selecionado (id_avaliacao,id_feedback_tag) SELECT id_avaliacao,8 FROM avaliacoes_compradores WHERE id_venda=505;
INSERT INTO avaliacao_feedback_selecionado (id_avaliacao,id_feedback_tag) SELECT id_avaliacao,10 FROM avaliacoes_compradores WHERE id_venda=505;
INSERT INTO avaliacao_feedback_selecionado (id_avaliacao,id_feedback_tag) SELECT id_avaliacao,11 FROM avaliacoes_compradores WHERE id_venda=505;
INSERT INTO vendas (id_venda,id_cooperativa,id_comprador,data_venda,valor_total) VALUES (506,40,34,'2025-02-11 02:43:39',0);
INSERT INTO vendas_itens (id_venda,id_material_base,id_material_catalogo,quantidade_kg,preco_por_kg) VALUES (506,3,8,529.81,2.98);
INSERT INTO vendas_itens (id_venda,id_material_base,id_material_catalogo,quantidade_kg,preco_por_kg) VALUES (506,1,3,426.40,3.24);
INSERT INTO avaliacoes_compradores (id_venda,pontualidade_pagamento,logistica_entrega,qualidade_negociacao,comentario_livre) VALUES (506,1,5,2,'');
INSERT INTO vendas (id_venda,id_cooperativa,id_comprador,data_venda,valor_total) VALUES (507,30,96,'2025-07-10 02:43:39',0);
INSERT INTO vendas_itens (id_venda,id_material_base,id_material_catalogo,quantidade_kg,preco_por_kg) VALUES (507,2,6,502.34,1.73);
INSERT INTO vendas (id_venda,id_cooperativa,id_comprador,data_venda,valor_total) VALUES (508,12,88,'2025-04-23 02:43:39',0);
INSERT INTO vendas_itens (id_venda,id_material_base,id_material_catalogo,quantidade_kg,preco_por_kg) VALUES (508,3,7,79.77,3.74);
INSERT INTO vendas_itens (id_venda,id_material_base,id_material_catalogo,quantidade_kg,preco_por_kg) VALUES (508,2,6,405.36,1.08);
INSERT INTO vendas_itens (id_venda,id_material_base,id_material_catalogo,quantidade_kg,preco_por_kg) VALUES (508,3,8,184.86,7.57);
INSERT INTO avaliacoes_compradores (id_venda,pontualidade_pagamento,logistica_entrega,qualidade_negociacao,comentario_livre) VALUES (508,3,1,1,'');
INSERT INTO avaliacao_feedback_selecionado (id_avaliacao,id_feedback_tag) SELECT id_avaliacao,20 FROM avaliacoes_compradores WHERE id_venda=508;
INSERT INTO avaliacao_feedback_selecionado (id_avaliacao,id_feedback_tag) SELECT id_avaliacao,23 FROM avaliacoes_compradores WHERE id_venda=508;
INSERT INTO avaliacao_feedback_selecionado (id_avaliacao,id_feedback_tag) SELECT id_avaliacao,19 FROM avaliacoes_compradores WHERE id_venda=508;
INSERT INTO vendas (id_venda,id_cooperativa,id_comprador,data_venda,valor_total) VALUES (509,6,26,'2025-09-10 02:43:39',0);
INSERT INTO vendas_itens (id_venda,id_material_base,id_material_catalogo,quantidade_kg,preco_por_kg) VALUES (509,3,7,240.97,4.89);
INSERT INTO avaliacoes_compradores (id_venda,pontualidade_pagamento,logistica_entrega,qualidade_negociacao,comentario_livre) VALUES (509,3,2,1,'');
INSERT INTO avaliacao_feedback_selecionado (id_avaliacao,id_feedback_tag) SELECT id_avaliacao,21 FROM avaliacoes_compradores WHERE id_venda=509;
INSERT INTO avaliacao_feedback_selecionado (id_avaliacao,id_feedback_tag) SELECT id_avaliacao,14 FROM avaliacoes_compradores WHERE id_venda=509;
INSERT INTO avaliacao_feedback_selecionado (id_avaliacao,id_feedback_tag) SELECT id_avaliacao,19 FROM avaliacoes_compradores WHERE id_venda=509;
INSERT INTO vendas (id_venda,id_cooperativa,id_comprador,data_venda,valor_total) VALUES (510,24,98,'2025-06-03 02:43:39',0);
INSERT INTO vendas_itens (id_venda,id_material_base,id_material_catalogo,quantidade_kg,preco_por_kg) VALUES (510,2,5,117.21,0.82);
INSERT INTO vendas (id_venda,id_cooperativa,id_comprador,data_venda,valor_total) VALUES (511,25,59,'2025-09-16 02:43:39',0);
INSERT INTO vendas_itens (id_venda,id_material_base,id_material_catalogo,quantidade_kg,preco_por_kg) VALUES (511,1,3,492.34,3.82);
INSERT INTO avaliacoes_compradores (id_venda,pontualidade_pagamento,logistica_entrega,qualidade_negociacao,comentario_livre) VALUES (511,2,3,2,'');
INSERT INTO vendas (id_venda,id_cooperativa,id_comprador,data_venda,valor_total) VALUES (512,49,99,'2025-10-20 02:43:39',0);
INSERT INTO vendas_itens (id_venda,id_material_base,id_material_catalogo,quantidade_kg,preco_por_kg) VALUES (512,1,3,205.54,1.21);
INSERT INTO vendas_itens (id_venda,id_material_base,id_material_catalogo,quantidade_kg,preco_por_kg) VALUES (512,3,9,583.37,5.66);
INSERT INTO avaliacoes_compradores (id_venda,pontualidade_pagamento,logistica_entrega,qualidade_negociacao,comentario_livre) VALUES (512,2,2,4,'');
INSERT INTO vendas (id_venda,id_cooperativa,id_comprador,data_venda,valor_total) VALUES (513,31,80,'2025-08-27 02:43:39',0);
INSERT INTO vendas_itens (id_venda,id_material_base,id_material_catalogo,quantidade_kg,preco_por_kg) VALUES (513,1,1,317.34,2.83);
INSERT INTO vendas_itens (id_venda,id_material_base,id_material_catalogo,quantidade_kg,preco_por_kg) VALUES (513,1,1,336.07,3.62);
INSERT INTO avaliacoes_compradores (id_venda,pontualidade_pagamento,logistica_entrega,qualidade_negociacao,comentario_livre) VALUES (513,1,4,2,'');
INSERT INTO vendas (id_venda,id_cooperativa,id_comprador,data_venda,valor_total) VALUES (514,30,41,'2025-05-09 02:43:39',0);
INSERT INTO vendas_itens (id_venda,id_material_base,id_material_catalogo,quantidade_kg,preco_por_kg) VALUES (514,3,8,130.37,5.11);
INSERT INTO vendas_itens (id_venda,id_material_base,id_material_catalogo,quantidade_kg,preco_por_kg) VALUES (514,2,5,335.49,1.11);
INSERT INTO vendas_itens (id_venda,id_material_base,id_material_catalogo,quantidade_kg,preco_por_kg) VALUES (514,1,1,92.04,2.54);
INSERT INTO vendas (id_venda,id_cooperativa,id_comprador,data_venda,valor_total) VALUES (515,45,81,'2025-05-01 02:43:39',0);
INSERT INTO vendas_itens (id_venda,id_material_base,id_material_catalogo,quantidade_kg,preco_por_kg) VALUES (515,1,3,444.03,2.99);
INSERT INTO avaliacoes_compradores (id_venda,pontualidade_pagamento,logistica_entrega,qualidade_negociacao,comentario_livre) VALUES (515,5,5,4,'');
INSERT INTO avaliacao_feedback_selecionado (id_avaliacao,id_feedback_tag) SELECT id_avaliacao,10 FROM avaliacoes_compradores WHERE id_venda=515;
INSERT INTO vendas (id_venda,id_cooperativa,id_comprador,data_venda,valor_total) VALUES (516,27,56,'2025-11-15 02:43:39',0);
INSERT INTO vendas_itens (id_venda,id_material_base,id_material_catalogo,quantidade_kg,preco_por_kg) VALUES (516,3,9,90.91,6.85);
INSERT INTO avaliacoes_compradores (id_venda,pontualidade_pagamento,logistica_entrega,qualidade_negociacao,comentario_livre) VALUES (516,2,1,5,'');
INSERT INTO vendas (id_venda,id_cooperativa,id_comprador,data_venda,valor_total) VALUES (517,12,94,'2025-06-06 02:43:39',0);
INSERT INTO vendas_itens (id_venda,id_material_base,id_material_catalogo,quantidade_kg,preco_por_kg) VALUES (517,2,6,417.55,0.57);
INSERT INTO avaliacoes_compradores (id_venda,pontualidade_pagamento,logistica_entrega,qualidade_negociacao,comentario_livre) VALUES (517,4,4,4,'');
INSERT INTO avaliacao_feedback_selecionado (id_avaliacao,id_feedback_tag) SELECT id_avaliacao,4 FROM avaliacoes_compradores WHERE id_venda=517;
INSERT INTO avaliacao_feedback_selecionado (id_avaliacao,id_feedback_tag) SELECT id_avaliacao,8 FROM avaliacoes_compradores WHERE id_venda=517;
INSERT INTO vendas (id_venda,id_cooperativa,id_comprador,data_venda,valor_total) VALUES (518,5,77,'2025-11-02 02:43:39',0);
INSERT INTO vendas_itens (id_venda,id_material_base,id_material_catalogo,quantidade_kg,preco_por_kg) VALUES (518,1,2,514.58,2.14);
INSERT INTO vendas_itens (id_venda,id_material_base,id_material_catalogo,quantidade_kg,preco_por_kg) VALUES (518,2,6,132.29,1.54);
INSERT INTO vendas_itens (id_venda,id_material_base,id_material_catalogo,quantidade_kg,preco_por_kg) VALUES (518,2,5,550.20,0.63);
INSERT INTO avaliacoes_compradores (id_venda,pontualidade_pagamento,logistica_entrega,qualidade_negociacao,comentario_livre) VALUES (518,5,5,4,'');
INSERT INTO avaliacao_feedback_selecionado (id_avaliacao,id_feedback_tag) SELECT id_avaliacao,6 FROM avaliacoes_compradores WHERE id_venda=518;
INSERT INTO vendas (id_venda,id_cooperativa,id_comprador,data_venda,valor_total) VALUES (519,29,82,'2025-03-27 02:43:39',0);
INSERT INTO vendas_itens (id_venda,id_material_base,id_material_catalogo,quantidade_kg,preco_por_kg) VALUES (519,1,3,575.05,2.05);
INSERT INTO avaliacoes_compradores (id_venda,pontualidade_pagamento,logistica_entrega,qualidade_negociacao,comentario_livre) VALUES (519,3,5,1,'');
INSERT INTO vendas (id_venda,id_cooperativa,id_comprador,data_venda,valor_total) VALUES (520,29,92,'2025-05-01 02:43:39',0);
INSERT INTO vendas_itens (id_venda,id_material_base,id_material_catalogo,quantidade_kg,preco_por_kg) VALUES (520,3,8,496.29,7.44);
INSERT INTO vendas_itens (id_venda,id_material_base,id_material_catalogo,quantidade_kg,preco_por_kg) VALUES (520,2,4,129.69,1.79);
INSERT INTO avaliacoes_compradores (id_venda,pontualidade_pagamento,logistica_entrega,qualidade_negociacao,comentario_livre) VALUES (520,4,5,3,'');
INSERT INTO avaliacao_feedback_selecionado (id_avaliacao,id_feedback_tag) SELECT id_avaliacao,5 FROM avaliacoes_compradores WHERE id_venda=520;
INSERT INTO avaliacao_feedback_selecionado (id_avaliacao,id_feedback_tag) SELECT id_avaliacao,10 FROM avaliacoes_compradores WHERE id_venda=520;
INSERT INTO vendas (id_venda,id_cooperativa,id_comprador,data_venda,valor_total) VALUES (521,21,32,'2025-01-05 02:43:39',0);
INSERT INTO vendas_itens (id_venda,id_material_base,id_material_catalogo,quantidade_kg,preco_por_kg) VALUES (521,3,7,404.13,2.56);
INSERT INTO vendas_itens (id_venda,id_material_base,id_material_catalogo,quantidade_kg,preco_por_kg) VALUES (521,3,8,171.18,7.13);
INSERT INTO vendas_itens (id_venda,id_material_base,id_material_catalogo,quantidade_kg,preco_por_kg) VALUES (521,3,9,426.74,4.41);
INSERT INTO vendas (id_venda,id_cooperativa,id_comprador,data_venda,valor_total) VALUES (522,40,55,'2025-06-25 02:43:39',0);
INSERT INTO vendas_itens (id_venda,id_material_base,id_material_catalogo,quantidade_kg,preco_por_kg) VALUES (522,1,1,400.87,2.80);
INSERT INTO vendas_itens (id_venda,id_material_base,id_material_catalogo,quantidade_kg,preco_por_kg) VALUES (522,1,2,155.34,1.89);
INSERT INTO vendas_itens (id_venda,id_material_base,id_material_catalogo,quantidade_kg,preco_por_kg) VALUES (522,3,8,98.87,7.99);
INSERT INTO avaliacoes_compradores (id_venda,pontualidade_pagamento,logistica_entrega,qualidade_negociacao,comentario_livre) VALUES (522,1,5,1,'');
INSERT INTO vendas (id_venda,id_cooperativa,id_comprador,data_venda,valor_total) VALUES (523,23,75,'2025-02-08 02:43:39',0);
INSERT INTO vendas_itens (id_venda,id_material_base,id_material_catalogo,quantidade_kg,preco_por_kg) VALUES (523,3,7,383.92,5.72);
INSERT INTO vendas_itens (id_venda,id_material_base,id_material_catalogo,quantidade_kg,preco_por_kg) VALUES (523,3,9,156.43,3.45);
INSERT INTO vendas (id_venda,id_cooperativa,id_comprador,data_venda,valor_total) VALUES (524,50,21,'2025-01-25 02:43:39',0);
INSERT INTO vendas_itens (id_venda,id_material_base,id_material_catalogo,quantidade_kg,preco_por_kg) VALUES (524,1,1,33.17,3.13);
INSERT INTO vendas_itens (id_venda,id_material_base,id_material_catalogo,quantidade_kg,preco_por_kg) VALUES (524,1,3,34.61,1.42);
INSERT INTO avaliacoes_compradores (id_venda,pontualidade_pagamento,logistica_entrega,qualidade_negociacao,comentario_livre) VALUES (524,3,1,3,'');
INSERT INTO vendas (id_venda,id_cooperativa,id_comprador,data_venda,valor_total) VALUES (525,28,88,'2025-03-28 02:43:39',0);
INSERT INTO vendas_itens (id_venda,id_material_base,id_material_catalogo,quantidade_kg,preco_por_kg) VALUES (525,3,7,587.27,3.81);
INSERT INTO vendas (id_venda,id_cooperativa,id_comprador,data_venda,valor_total) VALUES (526,12,90,'2025-05-21 02:43:39',0);
INSERT INTO vendas_itens (id_venda,id_material_base,id_material_catalogo,quantidade_kg,preco_por_kg) VALUES (526,2,6,305.01,1.67);
INSERT INTO vendas_itens (id_venda,id_material_base,id_material_catalogo,quantidade_kg,preco_por_kg) VALUES (526,1,3,486.49,2.81);
INSERT INTO vendas_itens (id_venda,id_material_base,id_material_catalogo,quantidade_kg,preco_por_kg) VALUES (526,1,3,248.68,3.27);
INSERT INTO avaliacoes_compradores (id_venda,pontualidade_pagamento,logistica_entrega,qualidade_negociacao,comentario_livre) VALUES (526,3,3,5,'');
INSERT INTO vendas (id_venda,id_cooperativa,id_comprador,data_venda,valor_total) VALUES (527,39,97,'2024-11-27 02:43:39',0);
INSERT INTO vendas_itens (id_venda,id_material_base,id_material_catalogo,quantidade_kg,preco_por_kg) VALUES (527,3,8,313.32,6.77);
INSERT INTO vendas_itens (id_venda,id_material_base,id_material_catalogo,quantidade_kg,preco_por_kg) VALUES (527,3,8,257.51,2.68);
INSERT INTO avaliacoes_compradores (id_venda,pontualidade_pagamento,logistica_entrega,qualidade_negociacao,comentario_livre) VALUES (527,5,2,5,'');
INSERT INTO avaliacao_feedback_selecionado (id_avaliacao,id_feedback_tag) SELECT id_avaliacao,9 FROM avaliacoes_compradores WHERE id_venda=527;
INSERT INTO avaliacao_feedback_selecionado (id_avaliacao,id_feedback_tag) SELECT id_avaliacao,11 FROM avaliacoes_compradores WHERE id_venda=527;
INSERT INTO avaliacao_feedback_selecionado (id_avaliacao,id_feedback_tag) SELECT id_avaliacao,8 FROM avaliacoes_compradores WHERE id_venda=527;
INSERT INTO vendas (id_venda,id_cooperativa,id_comprador,data_venda,valor_total) VALUES (528,44,29,'2024-12-16 02:43:39',0);
INSERT INTO vendas_itens (id_venda,id_material_base,id_material_catalogo,quantidade_kg,preco_por_kg) VALUES (528,3,8,584.39,6.47);
INSERT INTO avaliacoes_compradores (id_venda,pontualidade_pagamento,logistica_entrega,qualidade_negociacao,comentario_livre) VALUES (528,4,1,3,'');
INSERT INTO vendas (id_venda,id_cooperativa,id_comprador,data_venda,valor_total) VALUES (529,27,22,'2024-12-03 02:43:39',0);
INSERT INTO vendas_itens (id_venda,id_material_base,id_material_catalogo,quantidade_kg,preco_por_kg) VALUES (529,3,8,570.02,7.48);
INSERT INTO vendas_itens (id_venda,id_material_base,id_material_catalogo,quantidade_kg,preco_por_kg) VALUES (529,2,4,389.82,1.20);
INSERT INTO avaliacoes_compradores (id_venda,pontualidade_pagamento,logistica_entrega,qualidade_negociacao,comentario_livre) VALUES (529,3,2,5,'');
INSERT INTO vendas (id_venda,id_cooperativa,id_comprador,data_venda,valor_total) VALUES (530,41,62,'2025-08-31 02:43:39',0);
INSERT INTO vendas_itens (id_venda,id_material_base,id_material_catalogo,quantidade_kg,preco_por_kg) VALUES (530,3,8,490.95,2.93);
INSERT INTO vendas (id_venda,id_cooperativa,id_comprador,data_venda,valor_total) VALUES (531,34,56,'2025-01-19 02:43:39',0);
INSERT INTO vendas_itens (id_venda,id_material_base,id_material_catalogo,quantidade_kg,preco_por_kg) VALUES (531,3,9,489.31,6.81);
INSERT INTO vendas_itens (id_venda,id_material_base,id_material_catalogo,quantidade_kg,preco_por_kg) VALUES (531,2,4,420.77,0.77);
INSERT INTO vendas (id_venda,id_cooperativa,id_comprador,data_venda,valor_total) VALUES (532,10,81,'2025-03-07 02:43:39',0);
INSERT INTO vendas_itens (id_venda,id_material_base,id_material_catalogo,quantidade_kg,preco_por_kg) VALUES (532,3,8,539.03,6.34);
INSERT INTO vendas_itens (id_venda,id_material_base,id_material_catalogo,quantidade_kg,preco_por_kg) VALUES (532,2,4,282.54,1.25);
INSERT INTO vendas (id_venda,id_cooperativa,id_comprador,data_venda,valor_total) VALUES (533,44,36,'2025-07-09 02:43:39',0);
INSERT INTO vendas_itens (id_venda,id_material_base,id_material_catalogo,quantidade_kg,preco_por_kg) VALUES (533,3,7,384.48,5.97);
INSERT INTO vendas_itens (id_venda,id_material_base,id_material_catalogo,quantidade_kg,preco_por_kg) VALUES (533,2,6,476.09,1.68);
INSERT INTO vendas (id_venda,id_cooperativa,id_comprador,data_venda,valor_total) VALUES (534,23,35,'2025-06-14 02:43:39',0);
INSERT INTO vendas_itens (id_venda,id_material_base,id_material_catalogo,quantidade_kg,preco_por_kg) VALUES (534,2,6,383.11,0.67);
INSERT INTO vendas_itens (id_venda,id_material_base,id_material_catalogo,quantidade_kg,preco_por_kg) VALUES (534,1,3,414.81,1.40);
INSERT INTO vendas_itens (id_venda,id_material_base,id_material_catalogo,quantidade_kg,preco_por_kg) VALUES (534,2,5,358.59,1.37);
INSERT INTO avaliacoes_compradores (id_venda,pontualidade_pagamento,logistica_entrega,qualidade_negociacao,comentario_livre) VALUES (534,2,1,4,'');
INSERT INTO vendas (id_venda,id_cooperativa,id_comprador,data_venda,valor_total) VALUES (535,46,30,'2025-03-15 02:43:39',0);
INSERT INTO vendas_itens (id_venda,id_material_base,id_material_catalogo,quantidade_kg,preco_por_kg) VALUES (535,3,8,253.52,7.55);
INSERT INTO vendas_itens (id_venda,id_material_base,id_material_catalogo,quantidade_kg,preco_por_kg) VALUES (535,1,1,331.00,3.08);
INSERT INTO avaliacoes_compradores (id_venda,pontualidade_pagamento,logistica_entrega,qualidade_negociacao,comentario_livre) VALUES (535,1,5,3,'');
INSERT INTO vendas (id_venda,id_cooperativa,id_comprador,data_venda,valor_total) VALUES (536,12,80,'2025-02-23 02:43:39',0);
INSERT INTO vendas_itens (id_venda,id_material_base,id_material_catalogo,quantidade_kg,preco_por_kg) VALUES (536,2,6,338.25,1.56);
INSERT INTO vendas_itens (id_venda,id_material_base,id_material_catalogo,quantidade_kg,preco_por_kg) VALUES (536,3,7,441.78,5.35);
INSERT INTO vendas_itens (id_venda,id_material_base,id_material_catalogo,quantidade_kg,preco_por_kg) VALUES (536,3,9,335.79,2.83);
INSERT INTO avaliacoes_compradores (id_venda,pontualidade_pagamento,logistica_entrega,qualidade_negociacao,comentario_livre) VALUES (536,1,1,4,'');
INSERT INTO avaliacao_feedback_selecionado (id_avaliacao,id_feedback_tag) SELECT id_avaliacao,20 FROM avaliacoes_compradores WHERE id_venda=536;
INSERT INTO vendas (id_venda,id_cooperativa,id_comprador,data_venda,valor_total) VALUES (537,24,90,'2025-07-05 02:43:39',0);
INSERT INTO vendas_itens (id_venda,id_material_base,id_material_catalogo,quantidade_kg,preco_por_kg) VALUES (537,2,6,139.43,0.51);
INSERT INTO vendas_itens (id_venda,id_material_base,id_material_catalogo,quantidade_kg,preco_por_kg) VALUES (537,3,8,365.26,3.14);
INSERT INTO vendas (id_venda,id_cooperativa,id_comprador,data_venda,valor_total) VALUES (538,9,79,'2025-10-15 02:43:39',0);
INSERT INTO vendas_itens (id_venda,id_material_base,id_material_catalogo,quantidade_kg,preco_por_kg) VALUES (538,3,7,247.15,6.83);
INSERT INTO vendas_itens (id_venda,id_material_base,id_material_catalogo,quantidade_kg,preco_por_kg) VALUES (538,1,2,414.50,2.40);
INSERT INTO vendas_itens (id_venda,id_material_base,id_material_catalogo,quantidade_kg,preco_por_kg) VALUES (538,3,8,324.09,2.83);
INSERT INTO avaliacoes_compradores (id_venda,pontualidade_pagamento,logistica_entrega,qualidade_negociacao,comentario_livre) VALUES (538,5,1,2,'');
INSERT INTO vendas (id_venda,id_cooperativa,id_comprador,data_venda,valor_total) VALUES (539,50,79,'2025-10-08 02:43:39',0);
INSERT INTO vendas_itens (id_venda,id_material_base,id_material_catalogo,quantidade_kg,preco_por_kg) VALUES (539,3,7,120.32,7.35);
INSERT INTO avaliacoes_compradores (id_venda,pontualidade_pagamento,logistica_entrega,qualidade_negociacao,comentario_livre) VALUES (539,2,2,3,'');
INSERT INTO vendas (id_venda,id_cooperativa,id_comprador,data_venda,valor_total) VALUES (540,27,13,'2025-04-10 02:43:39',0);
INSERT INTO vendas_itens (id_venda,id_material_base,id_material_catalogo,quantidade_kg,preco_por_kg) VALUES (540,2,4,473.70,1.08);
INSERT INTO vendas_itens (id_venda,id_material_base,id_material_catalogo,quantidade_kg,preco_por_kg) VALUES (540,2,5,136.05,1.10);
INSERT INTO avaliacoes_compradores (id_venda,pontualidade_pagamento,logistica_entrega,qualidade_negociacao,comentario_livre) VALUES (540,1,2,5,'');
INSERT INTO vendas (id_venda,id_cooperativa,id_comprador,data_venda,valor_total) VALUES (541,8,100,'2025-08-22 02:43:39',0);
INSERT INTO vendas_itens (id_venda,id_material_base,id_material_catalogo,quantidade_kg,preco_por_kg) VALUES (541,3,7,528.25,7.88);
INSERT INTO vendas_itens (id_venda,id_material_base,id_material_catalogo,quantidade_kg,preco_por_kg) VALUES (541,2,5,279.09,0.75);
INSERT INTO avaliacoes_compradores (id_venda,pontualidade_pagamento,logistica_entrega,qualidade_negociacao,comentario_livre) VALUES (541,4,2,4,'');
INSERT INTO vendas (id_venda,id_cooperativa,id_comprador,data_venda,valor_total) VALUES (542,4,95,'2025-07-28 02:43:39',0);
INSERT INTO vendas_itens (id_venda,id_material_base,id_material_catalogo,quantidade_kg,preco_por_kg) VALUES (542,3,7,265.86,3.64);
INSERT INTO vendas_itens (id_venda,id_material_base,id_material_catalogo,quantidade_kg,preco_por_kg) VALUES (542,3,8,293.19,2.90);
INSERT INTO vendas_itens (id_venda,id_material_base,id_material_catalogo,quantidade_kg,preco_por_kg) VALUES (542,2,5,286.41,1.29);
INSERT INTO avaliacoes_compradores (id_venda,pontualidade_pagamento,logistica_entrega,qualidade_negociacao,comentario_livre) VALUES (542,2,3,1,'');
INSERT INTO avaliacao_feedback_selecionado (id_avaliacao,id_feedback_tag) SELECT id_avaliacao,16 FROM avaliacoes_compradores WHERE id_venda=542;
INSERT INTO avaliacao_feedback_selecionado (id_avaliacao,id_feedback_tag) SELECT id_avaliacao,21 FROM avaliacoes_compradores WHERE id_venda=542;
INSERT INTO vendas (id_venda,id_cooperativa,id_comprador,data_venda,valor_total) VALUES (543,41,23,'2025-05-05 02:43:39',0);
INSERT INTO vendas_itens (id_venda,id_material_base,id_material_catalogo,quantidade_kg,preco_por_kg) VALUES (543,3,7,189.33,2.62);
INSERT INTO vendas_itens (id_venda,id_material_base,id_material_catalogo,quantidade_kg,preco_por_kg) VALUES (543,2,6,570.44,0.68);
INSERT INTO vendas (id_venda,id_cooperativa,id_comprador,data_venda,valor_total) VALUES (544,2,24,'2025-03-24 02:43:39',0);
INSERT INTO vendas_itens (id_venda,id_material_base,id_material_catalogo,quantidade_kg,preco_por_kg) VALUES (544,3,7,311.85,6.36);
INSERT INTO vendas_itens (id_venda,id_material_base,id_material_catalogo,quantidade_kg,preco_por_kg) VALUES (544,3,9,174.89,7.36);
INSERT INTO vendas_itens (id_venda,id_material_base,id_material_catalogo,quantidade_kg,preco_por_kg) VALUES (544,2,4,302.45,0.91);
INSERT INTO avaliacoes_compradores (id_venda,pontualidade_pagamento,logistica_entrega,qualidade_negociacao,comentario_livre) VALUES (544,1,2,5,'');
INSERT INTO vendas (id_venda,id_cooperativa,id_comprador,data_venda,valor_total) VALUES (545,17,32,'2025-01-01 02:43:39',0);
INSERT INTO vendas_itens (id_venda,id_material_base,id_material_catalogo,quantidade_kg,preco_por_kg) VALUES (545,2,5,233.52,0.51);
INSERT INTO vendas_itens (id_venda,id_material_base,id_material_catalogo,quantidade_kg,preco_por_kg) VALUES (545,3,9,324.75,5.37);
INSERT INTO vendas_itens (id_venda,id_material_base,id_material_catalogo,quantidade_kg,preco_por_kg) VALUES (545,2,6,381.12,1.32);
INSERT INTO vendas (id_venda,id_cooperativa,id_comprador,data_venda,valor_total) VALUES (546,8,25,'2025-01-29 02:43:39',0);
INSERT INTO vendas_itens (id_venda,id_material_base,id_material_catalogo,quantidade_kg,preco_por_kg) VALUES (546,3,8,352.31,6.91);
INSERT INTO vendas_itens (id_venda,id_material_base,id_material_catalogo,quantidade_kg,preco_por_kg) VALUES (546,1,2,317.57,2.59);
INSERT INTO avaliacoes_compradores (id_venda,pontualidade_pagamento,logistica_entrega,qualidade_negociacao,comentario_livre) VALUES (546,2,3,3,'');
INSERT INTO vendas (id_venda,id_cooperativa,id_comprador,data_venda,valor_total) VALUES (547,47,16,'2025-04-25 02:43:39',0);
INSERT INTO vendas_itens (id_venda,id_material_base,id_material_catalogo,quantidade_kg,preco_por_kg) VALUES (547,3,8,270.65,3.05);
INSERT INTO vendas (id_venda,id_cooperativa,id_comprador,data_venda,valor_total) VALUES (548,30,38,'2025-06-10 02:43:39',0);
INSERT INTO vendas_itens (id_venda,id_material_base,id_material_catalogo,quantidade_kg,preco_por_kg) VALUES (548,3,7,357.37,2.54);
INSERT INTO vendas_itens (id_venda,id_material_base,id_material_catalogo,quantidade_kg,preco_por_kg) VALUES (548,2,5,296.89,1.44);
INSERT INTO vendas_itens (id_venda,id_material_base,id_material_catalogo,quantidade_kg,preco_por_kg) VALUES (548,2,5,366.59,0.93);
INSERT INTO vendas (id_venda,id_cooperativa,id_comprador,data_venda,valor_total) VALUES (549,17,84,'2025-07-29 02:43:39',0);
INSERT INTO vendas_itens (id_venda,id_material_base,id_material_catalogo,quantidade_kg,preco_por_kg) VALUES (549,3,7,429.55,4.15);
INSERT INTO vendas_itens (id_venda,id_material_base,id_material_catalogo,quantidade_kg,preco_por_kg) VALUES (549,3,8,591.04,4.14);
INSERT INTO vendas (id_venda,id_cooperativa,id_comprador,data_venda,valor_total) VALUES (550,12,88,'2025-07-03 02:43:39',0);
INSERT INTO vendas_itens (id_venda,id_material_base,id_material_catalogo,quantidade_kg,preco_por_kg) VALUES (550,1,2,262.06,2.47);
INSERT INTO vendas_itens (id_venda,id_material_base,id_material_catalogo,quantidade_kg,preco_por_kg) VALUES (550,1,3,225.64,3.80);
INSERT INTO vendas_itens (id_venda,id_material_base,id_material_catalogo,quantidade_kg,preco_por_kg) VALUES (550,1,1,142.75,2.20);
INSERT INTO avaliacoes_compradores (id_venda,pontualidade_pagamento,logistica_entrega,qualidade_negociacao,comentario_livre) VALUES (550,5,3,3,'');
INSERT INTO vendas (id_venda,id_cooperativa,id_comprador,data_venda,valor_total) VALUES (551,19,71,'2024-11-17 02:43:39',0);
INSERT INTO vendas_itens (id_venda,id_material_base,id_material_catalogo,quantidade_kg,preco_por_kg) VALUES (551,2,6,521.80,1.33);
INSERT INTO vendas (id_venda,id_cooperativa,id_comprador,data_venda,valor_total) VALUES (552,22,65,'2025-05-25 02:43:39',0);
INSERT INTO vendas_itens (id_venda,id_material_base,id_material_catalogo,quantidade_kg,preco_por_kg) VALUES (552,2,4,349.35,0.68);
INSERT INTO vendas (id_venda,id_cooperativa,id_comprador,data_venda,valor_total) VALUES (553,43,70,'2025-05-18 02:43:39',0);
INSERT INTO vendas_itens (id_venda,id_material_base,id_material_catalogo,quantidade_kg,preco_por_kg) VALUES (553,1,2,160.29,3.73);
INSERT INTO vendas_itens (id_venda,id_material_base,id_material_catalogo,quantidade_kg,preco_por_kg) VALUES (553,3,7,101.26,6.18);
INSERT INTO vendas_itens (id_venda,id_material_base,id_material_catalogo,quantidade_kg,preco_por_kg) VALUES (553,2,6,312.33,1.18);
INSERT INTO avaliacoes_compradores (id_venda,pontualidade_pagamento,logistica_entrega,qualidade_negociacao,comentario_livre) VALUES (553,5,5,4,'');
INSERT INTO avaliacao_feedback_selecionado (id_avaliacao,id_feedback_tag) SELECT id_avaliacao,11 FROM avaliacoes_compradores WHERE id_venda=553;
INSERT INTO avaliacao_feedback_selecionado (id_avaliacao,id_feedback_tag) SELECT id_avaliacao,2 FROM avaliacoes_compradores WHERE id_venda=553;
INSERT INTO vendas (id_venda,id_cooperativa,id_comprador,data_venda,valor_total) VALUES (554,19,42,'2025-11-14 02:43:39',0);
INSERT INTO vendas_itens (id_venda,id_material_base,id_material_catalogo,quantidade_kg,preco_por_kg) VALUES (554,1,2,376.11,2.41);
INSERT INTO vendas_itens (id_venda,id_material_base,id_material_catalogo,quantidade_kg,preco_por_kg) VALUES (554,2,4,426.38,1.42);
INSERT INTO avaliacoes_compradores (id_venda,pontualidade_pagamento,logistica_entrega,qualidade_negociacao,comentario_livre) VALUES (554,4,5,3,'');
INSERT INTO avaliacao_feedback_selecionado (id_avaliacao,id_feedback_tag) SELECT id_avaliacao,11 FROM avaliacoes_compradores WHERE id_venda=554;
INSERT INTO avaliacao_feedback_selecionado (id_avaliacao,id_feedback_tag) SELECT id_avaliacao,9 FROM avaliacoes_compradores WHERE id_venda=554;
INSERT INTO avaliacao_feedback_selecionado (id_avaliacao,id_feedback_tag) SELECT id_avaliacao,4 FROM avaliacoes_compradores WHERE id_venda=554;
INSERT INTO vendas (id_venda,id_cooperativa,id_comprador,data_venda,valor_total) VALUES (555,9,81,'2025-06-16 02:43:39',0);
INSERT INTO vendas_itens (id_venda,id_material_base,id_material_catalogo,quantidade_kg,preco_por_kg) VALUES (555,2,5,589.33,1.39);
INSERT INTO avaliacoes_compradores (id_venda,pontualidade_pagamento,logistica_entrega,qualidade_negociacao,comentario_livre) VALUES (555,1,5,2,'');
INSERT INTO vendas (id_venda,id_cooperativa,id_comprador,data_venda,valor_total) VALUES (556,3,71,'2024-12-18 02:43:39',0);
INSERT INTO vendas_itens (id_venda,id_material_base,id_material_catalogo,quantidade_kg,preco_por_kg) VALUES (556,2,5,153.16,1.26);
INSERT INTO vendas_itens (id_venda,id_material_base,id_material_catalogo,quantidade_kg,preco_por_kg) VALUES (556,3,7,392.35,3.98);
INSERT INTO vendas_itens (id_venda,id_material_base,id_material_catalogo,quantidade_kg,preco_por_kg) VALUES (556,2,4,337.23,0.90);
INSERT INTO vendas (id_venda,id_cooperativa,id_comprador,data_venda,valor_total) VALUES (557,38,4,'2025-03-26 02:43:39',0);
INSERT INTO vendas_itens (id_venda,id_material_base,id_material_catalogo,quantidade_kg,preco_por_kg) VALUES (557,3,7,127.38,6.86);
INSERT INTO vendas (id_venda,id_cooperativa,id_comprador,data_venda,valor_total) VALUES (558,38,33,'2025-07-14 02:43:39',0);
INSERT INTO vendas_itens (id_venda,id_material_base,id_material_catalogo,quantidade_kg,preco_por_kg) VALUES (558,2,6,573.27,0.88);
INSERT INTO vendas_itens (id_venda,id_material_base,id_material_catalogo,quantidade_kg,preco_por_kg) VALUES (558,3,9,216.24,3.19);
INSERT INTO vendas_itens (id_venda,id_material_base,id_material_catalogo,quantidade_kg,preco_por_kg) VALUES (558,2,5,472.60,0.52);
INSERT INTO vendas (id_venda,id_cooperativa,id_comprador,data_venda,valor_total) VALUES (559,27,5,'2025-01-26 02:43:39',0);
INSERT INTO vendas_itens (id_venda,id_material_base,id_material_catalogo,quantidade_kg,preco_por_kg) VALUES (559,1,1,112.30,2.40);
INSERT INTO vendas (id_venda,id_cooperativa,id_comprador,data_venda,valor_total) VALUES (560,34,5,'2025-03-05 02:43:39',0);
INSERT INTO vendas_itens (id_venda,id_material_base,id_material_catalogo,quantidade_kg,preco_por_kg) VALUES (560,2,6,87.75,0.62);
INSERT INTO avaliacoes_compradores (id_venda,pontualidade_pagamento,logistica_entrega,qualidade_negociacao,comentario_livre) VALUES (560,5,3,5,'');
INSERT INTO avaliacao_feedback_selecionado (id_avaliacao,id_feedback_tag) SELECT id_avaliacao,7 FROM avaliacoes_compradores WHERE id_venda=560;
INSERT INTO vendas (id_venda,id_cooperativa,id_comprador,data_venda,valor_total) VALUES (561,38,95,'2025-02-09 02:43:39',0);
INSERT INTO vendas_itens (id_venda,id_material_base,id_material_catalogo,quantidade_kg,preco_por_kg) VALUES (561,1,1,145.95,1.49);
INSERT INTO vendas_itens (id_venda,id_material_base,id_material_catalogo,quantidade_kg,preco_por_kg) VALUES (561,3,8,50.90,2.82);
INSERT INTO vendas_itens (id_venda,id_material_base,id_material_catalogo,quantidade_kg,preco_por_kg) VALUES (561,2,5,143.84,1.21);
INSERT INTO avaliacoes_compradores (id_venda,pontualidade_pagamento,logistica_entrega,qualidade_negociacao,comentario_livre) VALUES (561,2,1,2,'');
INSERT INTO avaliacao_feedback_selecionado (id_avaliacao,id_feedback_tag) SELECT id_avaliacao,21 FROM avaliacoes_compradores WHERE id_venda=561;
INSERT INTO vendas (id_venda,id_cooperativa,id_comprador,data_venda,valor_total) VALUES (562,42,60,'2024-12-30 02:43:39',0);
INSERT INTO vendas_itens (id_venda,id_material_base,id_material_catalogo,quantidade_kg,preco_por_kg) VALUES (562,3,7,123.30,2.53);
INSERT INTO vendas_itens (id_venda,id_material_base,id_material_catalogo,quantidade_kg,preco_por_kg) VALUES (562,1,1,519.71,2.53);
INSERT INTO vendas_itens (id_venda,id_material_base,id_material_catalogo,quantidade_kg,preco_por_kg) VALUES (562,2,5,157.60,0.95);
INSERT INTO avaliacoes_compradores (id_venda,pontualidade_pagamento,logistica_entrega,qualidade_negociacao,comentario_livre) VALUES (562,5,3,4,'');
INSERT INTO avaliacao_feedback_selecionado (id_avaliacao,id_feedback_tag) SELECT id_avaliacao,11 FROM avaliacoes_compradores WHERE id_venda=562;
INSERT INTO vendas (id_venda,id_cooperativa,id_comprador,data_venda,valor_total) VALUES (563,32,94,'2025-01-03 02:43:39',0);
INSERT INTO vendas_itens (id_venda,id_material_base,id_material_catalogo,quantidade_kg,preco_por_kg) VALUES (563,2,6,328.79,0.92);
INSERT INTO vendas_itens (id_venda,id_material_base,id_material_catalogo,quantidade_kg,preco_por_kg) VALUES (563,2,5,78.66,1.00);
INSERT INTO avaliacoes_compradores (id_venda,pontualidade_pagamento,logistica_entrega,qualidade_negociacao,comentario_livre) VALUES (563,3,1,4,'');
INSERT INTO vendas (id_venda,id_cooperativa,id_comprador,data_venda,valor_total) VALUES (564,17,43,'2025-07-31 02:43:39',0);
INSERT INTO vendas_itens (id_venda,id_material_base,id_material_catalogo,quantidade_kg,preco_por_kg) VALUES (564,3,9,495.34,5.73);
INSERT INTO avaliacoes_compradores (id_venda,pontualidade_pagamento,logistica_entrega,qualidade_negociacao,comentario_livre) VALUES (564,4,1,3,'');
INSERT INTO vendas (id_venda,id_cooperativa,id_comprador,data_venda,valor_total) VALUES (565,28,63,'2025-03-18 02:43:39',0);
INSERT INTO vendas_itens (id_venda,id_material_base,id_material_catalogo,quantidade_kg,preco_por_kg) VALUES (565,3,8,317.26,2.90);
INSERT INTO vendas (id_venda,id_cooperativa,id_comprador,data_venda,valor_total) VALUES (566,31,77,'2025-05-02 02:43:39',0);
INSERT INTO vendas_itens (id_venda,id_material_base,id_material_catalogo,quantidade_kg,preco_por_kg) VALUES (566,2,4,194.03,1.78);
INSERT INTO avaliacoes_compradores (id_venda,pontualidade_pagamento,logistica_entrega,qualidade_negociacao,comentario_livre) VALUES (566,3,4,2,'');
INSERT INTO vendas (id_venda,id_cooperativa,id_comprador,data_venda,valor_total) VALUES (567,32,58,'2025-04-22 02:43:39',0);
INSERT INTO vendas_itens (id_venda,id_material_base,id_material_catalogo,quantidade_kg,preco_por_kg) VALUES (567,2,6,156.08,1.60);
INSERT INTO vendas_itens (id_venda,id_material_base,id_material_catalogo,quantidade_kg,preco_por_kg) VALUES (567,1,3,451.91,1.40);
INSERT INTO vendas_itens (id_venda,id_material_base,id_material_catalogo,quantidade_kg,preco_por_kg) VALUES (567,3,7,113.78,4.90);
INSERT INTO avaliacoes_compradores (id_venda,pontualidade_pagamento,logistica_entrega,qualidade_negociacao,comentario_livre) VALUES (567,4,5,3,'');
INSERT INTO avaliacao_feedback_selecionado (id_avaliacao,id_feedback_tag) SELECT id_avaliacao,9 FROM avaliacoes_compradores WHERE id_venda=567;
INSERT INTO vendas (id_venda,id_cooperativa,id_comprador,data_venda,valor_total) VALUES (568,32,100,'2025-04-12 02:43:39',0);
INSERT INTO vendas_itens (id_venda,id_material_base,id_material_catalogo,quantidade_kg,preco_por_kg) VALUES (568,3,8,371.69,5.78);
INSERT INTO vendas_itens (id_venda,id_material_base,id_material_catalogo,quantidade_kg,preco_por_kg) VALUES (568,1,3,182.15,2.66);
INSERT INTO avaliacoes_compradores (id_venda,pontualidade_pagamento,logistica_entrega,qualidade_negociacao,comentario_livre) VALUES (568,2,1,2,'');
INSERT INTO avaliacao_feedback_selecionado (id_avaliacao,id_feedback_tag) SELECT id_avaliacao,15 FROM avaliacoes_compradores WHERE id_venda=568;
INSERT INTO avaliacao_feedback_selecionado (id_avaliacao,id_feedback_tag) SELECT id_avaliacao,22 FROM avaliacoes_compradores WHERE id_venda=568;
INSERT INTO vendas (id_venda,id_cooperativa,id_comprador,data_venda,valor_total) VALUES (569,47,75,'2025-08-09 02:43:39',0);
INSERT INTO vendas_itens (id_venda,id_material_base,id_material_catalogo,quantidade_kg,preco_por_kg) VALUES (569,1,2,512.29,1.46);
INSERT INTO vendas_itens (id_venda,id_material_base,id_material_catalogo,quantidade_kg,preco_por_kg) VALUES (569,1,2,57.18,2.34);
INSERT INTO avaliacoes_compradores (id_venda,pontualidade_pagamento,logistica_entrega,qualidade_negociacao,comentario_livre) VALUES (569,2,2,1,'');
INSERT INTO avaliacao_feedback_selecionado (id_avaliacao,id_feedback_tag) SELECT id_avaliacao,23 FROM avaliacoes_compradores WHERE id_venda=569;
INSERT INTO vendas (id_venda,id_cooperativa,id_comprador,data_venda,valor_total) VALUES (570,22,49,'2025-04-03 02:43:39',0);
INSERT INTO vendas_itens (id_venda,id_material_base,id_material_catalogo,quantidade_kg,preco_por_kg) VALUES (570,2,6,233.72,0.62);
INSERT INTO vendas_itens (id_venda,id_material_base,id_material_catalogo,quantidade_kg,preco_por_kg) VALUES (570,3,7,98.53,7.29);
INSERT INTO vendas (id_venda,id_cooperativa,id_comprador,data_venda,valor_total) VALUES (571,20,69,'2025-01-10 02:43:39',0);
INSERT INTO vendas_itens (id_venda,id_material_base,id_material_catalogo,quantidade_kg,preco_por_kg) VALUES (571,1,2,595.08,3.29);
INSERT INTO vendas_itens (id_venda,id_material_base,id_material_catalogo,quantidade_kg,preco_por_kg) VALUES (571,2,6,517.45,1.39);
INSERT INTO vendas (id_venda,id_cooperativa,id_comprador,data_venda,valor_total) VALUES (572,15,18,'2025-11-11 02:43:39',0);
INSERT INTO vendas_itens (id_venda,id_material_base,id_material_catalogo,quantidade_kg,preco_por_kg) VALUES (572,2,6,394.42,0.55);
INSERT INTO vendas_itens (id_venda,id_material_base,id_material_catalogo,quantidade_kg,preco_por_kg) VALUES (572,2,5,280.44,0.65);
INSERT INTO vendas_itens (id_venda,id_material_base,id_material_catalogo,quantidade_kg,preco_por_kg) VALUES (572,3,9,310.69,5.73);
INSERT INTO avaliacoes_compradores (id_venda,pontualidade_pagamento,logistica_entrega,qualidade_negociacao,comentario_livre) VALUES (572,3,5,2,'');
INSERT INTO vendas (id_venda,id_cooperativa,id_comprador,data_venda,valor_total) VALUES (573,11,12,'2025-02-06 02:43:39',0);
INSERT INTO vendas_itens (id_venda,id_material_base,id_material_catalogo,quantidade_kg,preco_por_kg) VALUES (573,1,1,32.28,2.25);
INSERT INTO avaliacoes_compradores (id_venda,pontualidade_pagamento,logistica_entrega,qualidade_negociacao,comentario_livre) VALUES (573,1,5,1,'');
INSERT INTO vendas (id_venda,id_cooperativa,id_comprador,data_venda,valor_total) VALUES (574,9,43,'2025-09-20 02:43:39',0);
INSERT INTO vendas_itens (id_venda,id_material_base,id_material_catalogo,quantidade_kg,preco_por_kg) VALUES (574,1,3,202.87,3.43);
INSERT INTO vendas_itens (id_venda,id_material_base,id_material_catalogo,quantidade_kg,preco_por_kg) VALUES (574,1,2,164.68,3.21);
INSERT INTO vendas_itens (id_venda,id_material_base,id_material_catalogo,quantidade_kg,preco_por_kg) VALUES (574,3,9,132.70,7.84);
INSERT INTO avaliacoes_compradores (id_venda,pontualidade_pagamento,logistica_entrega,qualidade_negociacao,comentario_livre) VALUES (574,2,2,4,'');
INSERT INTO vendas (id_venda,id_cooperativa,id_comprador,data_venda,valor_total) VALUES (575,36,100,'2024-12-03 02:43:39',0);
INSERT INTO vendas_itens (id_venda,id_material_base,id_material_catalogo,quantidade_kg,preco_por_kg) VALUES (575,1,3,206.05,2.22);
INSERT INTO vendas_itens (id_venda,id_material_base,id_material_catalogo,quantidade_kg,preco_por_kg) VALUES (575,1,3,514.43,2.07);
INSERT INTO vendas_itens (id_venda,id_material_base,id_material_catalogo,quantidade_kg,preco_por_kg) VALUES (575,1,3,312.67,2.20);
INSERT INTO avaliacoes_compradores (id_venda,pontualidade_pagamento,logistica_entrega,qualidade_negociacao,comentario_livre) VALUES (575,5,1,5,'');
INSERT INTO vendas (id_venda,id_cooperativa,id_comprador,data_venda,valor_total) VALUES (576,35,8,'2025-02-05 02:43:39',0);
INSERT INTO vendas_itens (id_venda,id_material_base,id_material_catalogo,quantidade_kg,preco_por_kg) VALUES (576,1,1,49.07,3.14);
INSERT INTO vendas_itens (id_venda,id_material_base,id_material_catalogo,quantidade_kg,preco_por_kg) VALUES (576,3,8,216.27,5.53);
INSERT INTO avaliacoes_compradores (id_venda,pontualidade_pagamento,logistica_entrega,qualidade_negociacao,comentario_livre) VALUES (576,1,1,2,'');
INSERT INTO avaliacao_feedback_selecionado (id_avaliacao,id_feedback_tag) SELECT id_avaliacao,21 FROM avaliacoes_compradores WHERE id_venda=576;
INSERT INTO vendas (id_venda,id_cooperativa,id_comprador,data_venda,valor_total) VALUES (577,19,4,'2025-03-11 02:43:39',0);
INSERT INTO vendas_itens (id_venda,id_material_base,id_material_catalogo,quantidade_kg,preco_por_kg) VALUES (577,1,3,219.76,1.56);
INSERT INTO vendas_itens (id_venda,id_material_base,id_material_catalogo,quantidade_kg,preco_por_kg) VALUES (577,1,3,41.48,3.11);
INSERT INTO vendas_itens (id_venda,id_material_base,id_material_catalogo,quantidade_kg,preco_por_kg) VALUES (577,3,7,252.76,5.96);
INSERT INTO avaliacoes_compradores (id_venda,pontualidade_pagamento,logistica_entrega,qualidade_negociacao,comentario_livre) VALUES (577,4,2,4,'');
INSERT INTO vendas (id_venda,id_cooperativa,id_comprador,data_venda,valor_total) VALUES (578,1,88,'2025-07-22 02:43:39',0);
INSERT INTO vendas_itens (id_venda,id_material_base,id_material_catalogo,quantidade_kg,preco_por_kg) VALUES (578,3,8,205.89,6.52);
INSERT INTO vendas_itens (id_venda,id_material_base,id_material_catalogo,quantidade_kg,preco_por_kg) VALUES (578,3,8,504.43,6.59);
INSERT INTO avaliacoes_compradores (id_venda,pontualidade_pagamento,logistica_entrega,qualidade_negociacao,comentario_livre) VALUES (578,4,4,1,'');
INSERT INTO vendas (id_venda,id_cooperativa,id_comprador,data_venda,valor_total) VALUES (579,49,67,'2025-04-07 02:43:39',0);
INSERT INTO vendas_itens (id_venda,id_material_base,id_material_catalogo,quantidade_kg,preco_por_kg) VALUES (579,3,7,515.75,6.28);
INSERT INTO vendas_itens (id_venda,id_material_base,id_material_catalogo,quantidade_kg,preco_por_kg) VALUES (579,1,3,171.61,3.15);
INSERT INTO vendas_itens (id_venda,id_material_base,id_material_catalogo,quantidade_kg,preco_por_kg) VALUES (579,3,9,528.61,6.15);
INSERT INTO vendas (id_venda,id_cooperativa,id_comprador,data_venda,valor_total) VALUES (580,7,85,'2025-05-13 02:43:39',0);
INSERT INTO vendas_itens (id_venda,id_material_base,id_material_catalogo,quantidade_kg,preco_por_kg) VALUES (580,3,9,159.38,7.35);
INSERT INTO vendas_itens (id_venda,id_material_base,id_material_catalogo,quantidade_kg,preco_por_kg) VALUES (580,2,6,179.27,1.04);
INSERT INTO avaliacoes_compradores (id_venda,pontualidade_pagamento,logistica_entrega,qualidade_negociacao,comentario_livre) VALUES (580,2,5,4,'');
INSERT INTO vendas (id_venda,id_cooperativa,id_comprador,data_venda,valor_total) VALUES (581,45,5,'2025-03-31 02:43:39',0);
INSERT INTO vendas_itens (id_venda,id_material_base,id_material_catalogo,quantidade_kg,preco_por_kg) VALUES (581,1,2,137.46,3.09);
INSERT INTO vendas_itens (id_venda,id_material_base,id_material_catalogo,quantidade_kg,preco_por_kg) VALUES (581,1,2,283.18,3.17);
INSERT INTO avaliacoes_compradores (id_venda,pontualidade_pagamento,logistica_entrega,qualidade_negociacao,comentario_livre) VALUES (581,2,1,5,'');
INSERT INTO vendas (id_venda,id_cooperativa,id_comprador,data_venda,valor_total) VALUES (582,11,95,'2025-01-19 02:43:39',0);
INSERT INTO vendas_itens (id_venda,id_material_base,id_material_catalogo,quantidade_kg,preco_por_kg) VALUES (582,3,9,347.36,6.75);
INSERT INTO vendas_itens (id_venda,id_material_base,id_material_catalogo,quantidade_kg,preco_por_kg) VALUES (582,1,1,72.78,1.77);
INSERT INTO vendas (id_venda,id_cooperativa,id_comprador,data_venda,valor_total) VALUES (583,46,5,'2025-03-27 02:43:39',0);
INSERT INTO vendas_itens (id_venda,id_material_base,id_material_catalogo,quantidade_kg,preco_por_kg) VALUES (583,1,1,104.25,3.72);
INSERT INTO avaliacoes_compradores (id_venda,pontualidade_pagamento,logistica_entrega,qualidade_negociacao,comentario_livre) VALUES (583,4,4,5,'');
INSERT INTO avaliacao_feedback_selecionado (id_avaliacao,id_feedback_tag) SELECT id_avaliacao,8 FROM avaliacoes_compradores WHERE id_venda=583;
INSERT INTO avaliacao_feedback_selecionado (id_avaliacao,id_feedback_tag) SELECT id_avaliacao,2 FROM avaliacoes_compradores WHERE id_venda=583;
INSERT INTO vendas (id_venda,id_cooperativa,id_comprador,data_venda,valor_total) VALUES (584,49,25,'2025-02-21 02:43:39',0);
INSERT INTO vendas_itens (id_venda,id_material_base,id_material_catalogo,quantidade_kg,preco_por_kg) VALUES (584,2,4,32.41,1.43);
INSERT INTO vendas_itens (id_venda,id_material_base,id_material_catalogo,quantidade_kg,preco_por_kg) VALUES (584,3,9,132.11,7.08);
INSERT INTO vendas_itens (id_venda,id_material_base,id_material_catalogo,quantidade_kg,preco_por_kg) VALUES (584,2,6,535.54,1.29);
INSERT INTO avaliacoes_compradores (id_venda,pontualidade_pagamento,logistica_entrega,qualidade_negociacao,comentario_livre) VALUES (584,2,2,3,'');
INSERT INTO vendas (id_venda,id_cooperativa,id_comprador,data_venda,valor_total) VALUES (585,36,58,'2025-09-11 02:43:39',0);
INSERT INTO vendas_itens (id_venda,id_material_base,id_material_catalogo,quantidade_kg,preco_por_kg) VALUES (585,1,2,375.07,1.24);
INSERT INTO vendas_itens (id_venda,id_material_base,id_material_catalogo,quantidade_kg,preco_por_kg) VALUES (585,2,5,132.69,1.40);
INSERT INTO avaliacoes_compradores (id_venda,pontualidade_pagamento,logistica_entrega,qualidade_negociacao,comentario_livre) VALUES (585,5,1,5,'');
INSERT INTO vendas (id_venda,id_cooperativa,id_comprador,data_venda,valor_total) VALUES (586,1,49,'2025-02-01 02:43:39',0);
INSERT INTO vendas_itens (id_venda,id_material_base,id_material_catalogo,quantidade_kg,preco_por_kg) VALUES (586,3,8,54.83,6.12);
INSERT INTO vendas_itens (id_venda,id_material_base,id_material_catalogo,quantidade_kg,preco_por_kg) VALUES (586,2,5,74.56,0.57);
INSERT INTO vendas_itens (id_venda,id_material_base,id_material_catalogo,quantidade_kg,preco_por_kg) VALUES (586,3,8,424.02,3.09);
INSERT INTO vendas (id_venda,id_cooperativa,id_comprador,data_venda,valor_total) VALUES (587,20,94,'2025-03-04 02:43:39',0);
INSERT INTO vendas_itens (id_venda,id_material_base,id_material_catalogo,quantidade_kg,preco_por_kg) VALUES (587,3,8,463.51,3.18);
INSERT INTO vendas_itens (id_venda,id_material_base,id_material_catalogo,quantidade_kg,preco_por_kg) VALUES (587,2,4,294.39,0.75);
INSERT INTO vendas_itens (id_venda,id_material_base,id_material_catalogo,quantidade_kg,preco_por_kg) VALUES (587,2,6,201.51,1.08);
INSERT INTO vendas (id_venda,id_cooperativa,id_comprador,data_venda,valor_total) VALUES (588,12,47,'2024-11-20 02:43:39',0);
INSERT INTO vendas_itens (id_venda,id_material_base,id_material_catalogo,quantidade_kg,preco_por_kg) VALUES (588,1,3,291.19,2.33);
INSERT INTO vendas_itens (id_venda,id_material_base,id_material_catalogo,quantidade_kg,preco_por_kg) VALUES (588,2,6,577.06,0.53);
INSERT INTO vendas_itens (id_venda,id_material_base,id_material_catalogo,quantidade_kg,preco_por_kg) VALUES (588,3,8,135.52,3.18);
INSERT INTO vendas (id_venda,id_cooperativa,id_comprador,data_venda,valor_total) VALUES (589,19,48,'2025-03-24 02:43:39',0);
INSERT INTO vendas_itens (id_venda,id_material_base,id_material_catalogo,quantidade_kg,preco_por_kg) VALUES (589,2,5,218.92,1.75);
INSERT INTO vendas (id_venda,id_cooperativa,id_comprador,data_venda,valor_total) VALUES (590,24,63,'2025-05-22 02:43:39',0);
INSERT INTO vendas_itens (id_venda,id_material_base,id_material_catalogo,quantidade_kg,preco_por_kg) VALUES (590,3,8,274.71,5.16);
INSERT INTO avaliacoes_compradores (id_venda,pontualidade_pagamento,logistica_entrega,qualidade_negociacao,comentario_livre) VALUES (590,1,1,1,'');
INSERT INTO avaliacao_feedback_selecionado (id_avaliacao,id_feedback_tag) SELECT id_avaliacao,14 FROM avaliacoes_compradores WHERE id_venda=590;
INSERT INTO vendas (id_venda,id_cooperativa,id_comprador,data_venda,valor_total) VALUES (591,43,91,'2024-12-16 02:43:39',0);
INSERT INTO vendas_itens (id_venda,id_material_base,id_material_catalogo,quantidade_kg,preco_por_kg) VALUES (591,1,1,300.54,3.23);
INSERT INTO vendas_itens (id_venda,id_material_base,id_material_catalogo,quantidade_kg,preco_por_kg) VALUES (591,2,4,334.68,1.03);
INSERT INTO vendas (id_venda,id_cooperativa,id_comprador,data_venda,valor_total) VALUES (592,16,60,'2025-06-22 02:43:39',0);
INSERT INTO vendas_itens (id_venda,id_material_base,id_material_catalogo,quantidade_kg,preco_por_kg) VALUES (592,1,3,112.17,3.85);
INSERT INTO avaliacoes_compradores (id_venda,pontualidade_pagamento,logistica_entrega,qualidade_negociacao,comentario_livre) VALUES (592,5,1,3,'');
INSERT INTO vendas (id_venda,id_cooperativa,id_comprador,data_venda,valor_total) VALUES (593,25,83,'2025-01-26 02:43:39',0);
INSERT INTO vendas_itens (id_venda,id_material_base,id_material_catalogo,quantidade_kg,preco_por_kg) VALUES (593,2,4,451.27,1.46);
INSERT INTO avaliacoes_compradores (id_venda,pontualidade_pagamento,logistica_entrega,qualidade_negociacao,comentario_livre) VALUES (593,4,2,1,'');
INSERT INTO vendas (id_venda,id_cooperativa,id_comprador,data_venda,valor_total) VALUES (594,36,39,'2025-02-11 02:43:39',0);
INSERT INTO vendas_itens (id_venda,id_material_base,id_material_catalogo,quantidade_kg,preco_por_kg) VALUES (594,2,4,240.13,0.88);
INSERT INTO vendas_itens (id_venda,id_material_base,id_material_catalogo,quantidade_kg,preco_por_kg) VALUES (594,3,7,540.74,5.74);
INSERT INTO avaliacoes_compradores (id_venda,pontualidade_pagamento,logistica_entrega,qualidade_negociacao,comentario_livre) VALUES (594,3,2,1,'');
INSERT INTO avaliacao_feedback_selecionado (id_avaliacao,id_feedback_tag) SELECT id_avaliacao,22 FROM avaliacoes_compradores WHERE id_venda=594;
INSERT INTO vendas (id_venda,id_cooperativa,id_comprador,data_venda,valor_total) VALUES (595,7,75,'2024-12-27 02:43:39',0);
INSERT INTO vendas_itens (id_venda,id_material_base,id_material_catalogo,quantidade_kg,preco_por_kg) VALUES (595,2,5,533.95,0.51);
INSERT INTO vendas_itens (id_venda,id_material_base,id_material_catalogo,quantidade_kg,preco_por_kg) VALUES (595,3,8,568.89,4.10);
INSERT INTO vendas (id_venda,id_cooperativa,id_comprador,data_venda,valor_total) VALUES (596,41,36,'2025-07-26 02:43:39',0);
INSERT INTO vendas_itens (id_venda,id_material_base,id_material_catalogo,quantidade_kg,preco_por_kg) VALUES (596,1,2,228.30,2.23);
INSERT INTO vendas_itens (id_venda,id_material_base,id_material_catalogo,quantidade_kg,preco_por_kg) VALUES (596,1,3,57.67,2.58);
INSERT INTO vendas (id_venda,id_cooperativa,id_comprador,data_venda,valor_total) VALUES (597,30,9,'2024-12-30 02:43:39',0);
INSERT INTO vendas_itens (id_venda,id_material_base,id_material_catalogo,quantidade_kg,preco_por_kg) VALUES (597,3,8,243.83,5.98);
INSERT INTO vendas_itens (id_venda,id_material_base,id_material_catalogo,quantidade_kg,preco_por_kg) VALUES (597,3,8,76.24,5.93);
INSERT INTO vendas_itens (id_venda,id_material_base,id_material_catalogo,quantidade_kg,preco_por_kg) VALUES (597,1,3,595.76,2.09);
INSERT INTO avaliacoes_compradores (id_venda,pontualidade_pagamento,logistica_entrega,qualidade_negociacao,comentario_livre) VALUES (597,5,3,5,'');
INSERT INTO avaliacao_feedback_selecionado (id_avaliacao,id_feedback_tag) SELECT id_avaliacao,5 FROM avaliacoes_compradores WHERE id_venda=597;
INSERT INTO avaliacao_feedback_selecionado (id_avaliacao,id_feedback_tag) SELECT id_avaliacao,10 FROM avaliacoes_compradores WHERE id_venda=597;
INSERT INTO vendas (id_venda,id_cooperativa,id_comprador,data_venda,valor_total) VALUES (598,29,99,'2025-10-05 02:43:39',0);
INSERT INTO vendas_itens (id_venda,id_material_base,id_material_catalogo,quantidade_kg,preco_por_kg) VALUES (598,1,3,174.19,3.57);
INSERT INTO avaliacoes_compradores (id_venda,pontualidade_pagamento,logistica_entrega,qualidade_negociacao,comentario_livre) VALUES (598,2,5,5,'');
INSERT INTO avaliacao_feedback_selecionado (id_avaliacao,id_feedback_tag) SELECT id_avaliacao,2 FROM avaliacoes_compradores WHERE id_venda=598;
INSERT INTO vendas (id_venda,id_cooperativa,id_comprador,data_venda,valor_total) VALUES (599,48,28,'2025-03-21 02:43:39',0);
INSERT INTO vendas_itens (id_venda,id_material_base,id_material_catalogo,quantidade_kg,preco_por_kg) VALUES (599,3,9,568.74,4.55);
INSERT INTO avaliacoes_compradores (id_venda,pontualidade_pagamento,logistica_entrega,qualidade_negociacao,comentario_livre) VALUES (599,1,1,5,'');
INSERT INTO vendas (id_venda,id_cooperativa,id_comprador,data_venda,valor_total) VALUES (600,7,93,'2025-08-07 02:43:39',0);
INSERT INTO vendas_itens (id_venda,id_material_base,id_material_catalogo,quantidade_kg,preco_por_kg) VALUES (600,2,6,306.52,0.64);
INSERT INTO avaliacoes_compradores (id_venda,pontualidade_pagamento,logistica_entrega,qualidade_negociacao,comentario_livre) VALUES (600,5,4,3,'');
INSERT INTO avaliacao_feedback_selecionado (id_avaliacao,id_feedback_tag) SELECT id_avaliacao,6 FROM avaliacoes_compradores WHERE id_venda=600;
INSERT INTO avaliacao_feedback_selecionado (id_avaliacao,id_feedback_tag) SELECT id_avaliacao,7 FROM avaliacoes_compradores WHERE id_venda=600;
INSERT INTO avaliacao_feedback_selecionado (id_avaliacao,id_feedback_tag) SELECT id_avaliacao,9 FROM avaliacoes_compradores WHERE id_venda=600;
INSERT INTO vendas (id_venda,id_cooperativa,id_comprador,data_venda,valor_total) VALUES (601,16,73,'2025-03-05 02:43:39',0);
INSERT INTO vendas_itens (id_venda,id_material_base,id_material_catalogo,quantidade_kg,preco_por_kg) VALUES (601,3,8,121.55,4.78);
INSERT INTO vendas_itens (id_venda,id_material_base,id_material_catalogo,quantidade_kg,preco_por_kg) VALUES (601,1,3,329.41,2.44);
INSERT INTO vendas_itens (id_venda,id_material_base,id_material_catalogo,quantidade_kg,preco_por_kg) VALUES (601,2,5,180.52,0.70);
INSERT INTO avaliacoes_compradores (id_venda,pontualidade_pagamento,logistica_entrega,qualidade_negociacao,comentario_livre) VALUES (601,4,2,4,'');
INSERT INTO vendas (id_venda,id_cooperativa,id_comprador,data_venda,valor_total) VALUES (602,1,68,'2024-12-05 02:43:39',0);
INSERT INTO vendas_itens (id_venda,id_material_base,id_material_catalogo,quantidade_kg,preco_por_kg) VALUES (602,2,4,216.56,1.63);
INSERT INTO vendas_itens (id_venda,id_material_base,id_material_catalogo,quantidade_kg,preco_por_kg) VALUES (602,3,7,397.90,4.48);
INSERT INTO vendas_itens (id_venda,id_material_base,id_material_catalogo,quantidade_kg,preco_por_kg) VALUES (602,3,8,414.38,5.63);
INSERT INTO vendas (id_venda,id_cooperativa,id_comprador,data_venda,valor_total) VALUES (603,48,85,'2025-02-23 02:43:39',0);
INSERT INTO vendas_itens (id_venda,id_material_base,id_material_catalogo,quantidade_kg,preco_por_kg) VALUES (603,3,7,471.32,7.76);
INSERT INTO avaliacoes_compradores (id_venda,pontualidade_pagamento,logistica_entrega,qualidade_negociacao,comentario_livre) VALUES (603,2,2,5,'');
INSERT INTO vendas (id_venda,id_cooperativa,id_comprador,data_venda,valor_total) VALUES (604,26,60,'2025-10-26 02:43:39',0);
INSERT INTO vendas_itens (id_venda,id_material_base,id_material_catalogo,quantidade_kg,preco_por_kg) VALUES (604,1,3,400.77,1.45);
INSERT INTO vendas_itens (id_venda,id_material_base,id_material_catalogo,quantidade_kg,preco_por_kg) VALUES (604,3,8,172.53,3.98);
INSERT INTO vendas_itens (id_venda,id_material_base,id_material_catalogo,quantidade_kg,preco_por_kg) VALUES (604,2,6,450.46,1.53);
INSERT INTO vendas (id_venda,id_cooperativa,id_comprador,data_venda,valor_total) VALUES (605,14,25,'2024-11-21 02:43:39',0);
INSERT INTO vendas_itens (id_venda,id_material_base,id_material_catalogo,quantidade_kg,preco_por_kg) VALUES (605,3,8,478.90,5.32);
INSERT INTO vendas_itens (id_venda,id_material_base,id_material_catalogo,quantidade_kg,preco_por_kg) VALUES (605,2,4,427.95,1.30);
INSERT INTO vendas (id_venda,id_cooperativa,id_comprador,data_venda,valor_total) VALUES (606,16,26,'2025-02-06 02:43:39',0);
INSERT INTO vendas_itens (id_venda,id_material_base,id_material_catalogo,quantidade_kg,preco_por_kg) VALUES (606,3,9,575.25,5.41);
INSERT INTO avaliacoes_compradores (id_venda,pontualidade_pagamento,logistica_entrega,qualidade_negociacao,comentario_livre) VALUES (606,5,4,2,'');
INSERT INTO vendas (id_venda,id_cooperativa,id_comprador,data_venda,valor_total) VALUES (607,14,95,'2024-12-31 02:43:39',0);
INSERT INTO vendas_itens (id_venda,id_material_base,id_material_catalogo,quantidade_kg,preco_por_kg) VALUES (607,3,7,528.93,6.95);
INSERT INTO vendas (id_venda,id_cooperativa,id_comprador,data_venda,valor_total) VALUES (608,2,85,'2025-08-21 02:43:39',0);
INSERT INTO vendas_itens (id_venda,id_material_base,id_material_catalogo,quantidade_kg,preco_por_kg) VALUES (608,2,5,499.12,1.77);
INSERT INTO vendas_itens (id_venda,id_material_base,id_material_catalogo,quantidade_kg,preco_por_kg) VALUES (608,1,2,138.73,1.44);
INSERT INTO vendas_itens (id_venda,id_material_base,id_material_catalogo,quantidade_kg,preco_por_kg) VALUES (608,2,6,45.28,1.71);
INSERT INTO vendas (id_venda,id_cooperativa,id_comprador,data_venda,valor_total) VALUES (609,45,21,'2025-08-10 02:43:39',0);
INSERT INTO vendas_itens (id_venda,id_material_base,id_material_catalogo,quantidade_kg,preco_por_kg) VALUES (609,3,7,240.12,4.98);
INSERT INTO vendas_itens (id_venda,id_material_base,id_material_catalogo,quantidade_kg,preco_por_kg) VALUES (609,1,2,310.92,1.48);
INSERT INTO vendas_itens (id_venda,id_material_base,id_material_catalogo,quantidade_kg,preco_por_kg) VALUES (609,1,3,588.65,1.49);
INSERT INTO vendas (id_venda,id_cooperativa,id_comprador,data_venda,valor_total) VALUES (610,49,92,'2024-12-31 02:43:39',0);
INSERT INTO vendas_itens (id_venda,id_material_base,id_material_catalogo,quantidade_kg,preco_por_kg) VALUES (610,2,6,197.12,0.52);
INSERT INTO avaliacoes_compradores (id_venda,pontualidade_pagamento,logistica_entrega,qualidade_negociacao,comentario_livre) VALUES (610,3,5,5,'');
INSERT INTO avaliacao_feedback_selecionado (id_avaliacao,id_feedback_tag) SELECT id_avaliacao,11 FROM avaliacoes_compradores WHERE id_venda=610;
INSERT INTO vendas (id_venda,id_cooperativa,id_comprador,data_venda,valor_total) VALUES (611,16,44,'2025-08-29 02:43:39',0);
INSERT INTO vendas_itens (id_venda,id_material_base,id_material_catalogo,quantidade_kg,preco_por_kg) VALUES (611,3,8,79.36,7.74);
INSERT INTO vendas (id_venda,id_cooperativa,id_comprador,data_venda,valor_total) VALUES (612,48,15,'2025-07-15 02:43:39',0);
INSERT INTO vendas_itens (id_venda,id_material_base,id_material_catalogo,quantidade_kg,preco_por_kg) VALUES (612,3,8,207.00,2.65);
INSERT INTO vendas_itens (id_venda,id_material_base,id_material_catalogo,quantidade_kg,preco_por_kg) VALUES (612,3,8,377.62,5.98);
INSERT INTO vendas_itens (id_venda,id_material_base,id_material_catalogo,quantidade_kg,preco_por_kg) VALUES (612,3,8,344.86,5.79);
INSERT INTO vendas (id_venda,id_cooperativa,id_comprador,data_venda,valor_total) VALUES (613,50,33,'2025-10-23 02:43:39',0);
INSERT INTO vendas_itens (id_venda,id_material_base,id_material_catalogo,quantidade_kg,preco_por_kg) VALUES (613,3,8,540.84,5.80);
INSERT INTO avaliacoes_compradores (id_venda,pontualidade_pagamento,logistica_entrega,qualidade_negociacao,comentario_livre) VALUES (613,1,1,1,'');
INSERT INTO avaliacao_feedback_selecionado (id_avaliacao,id_feedback_tag) SELECT id_avaliacao,16 FROM avaliacoes_compradores WHERE id_venda=613;
INSERT INTO vendas (id_venda,id_cooperativa,id_comprador,data_venda,valor_total) VALUES (614,27,54,'2025-02-03 02:43:39',0);
INSERT INTO vendas_itens (id_venda,id_material_base,id_material_catalogo,quantidade_kg,preco_por_kg) VALUES (614,1,3,413.55,2.63);
INSERT INTO vendas_itens (id_venda,id_material_base,id_material_catalogo,quantidade_kg,preco_por_kg) VALUES (614,1,3,293.41,3.06);
INSERT INTO vendas (id_venda,id_cooperativa,id_comprador,data_venda,valor_total) VALUES (615,17,78,'2025-01-14 02:43:39',0);
INSERT INTO vendas_itens (id_venda,id_material_base,id_material_catalogo,quantidade_kg,preco_por_kg) VALUES (615,1,2,345.42,3.88);
INSERT INTO vendas_itens (id_venda,id_material_base,id_material_catalogo,quantidade_kg,preco_por_kg) VALUES (615,3,7,452.90,4.49);
INSERT INTO vendas_itens (id_venda,id_material_base,id_material_catalogo,quantidade_kg,preco_por_kg) VALUES (615,3,9,535.23,7.49);
INSERT INTO vendas (id_venda,id_cooperativa,id_comprador,data_venda,valor_total) VALUES (616,47,32,'2025-04-29 02:43:39',0);
INSERT INTO vendas_itens (id_venda,id_material_base,id_material_catalogo,quantidade_kg,preco_por_kg) VALUES (616,3,8,365.87,5.25);
INSERT INTO vendas_itens (id_venda,id_material_base,id_material_catalogo,quantidade_kg,preco_por_kg) VALUES (616,3,7,597.19,6.96);
INSERT INTO vendas_itens (id_venda,id_material_base,id_material_catalogo,quantidade_kg,preco_por_kg) VALUES (616,3,8,87.52,5.65);
INSERT INTO vendas (id_venda,id_cooperativa,id_comprador,data_venda,valor_total) VALUES (617,42,97,'2025-10-27 02:43:39',0);
INSERT INTO vendas_itens (id_venda,id_material_base,id_material_catalogo,quantidade_kg,preco_por_kg) VALUES (617,2,5,40.91,1.59);
INSERT INTO vendas_itens (id_venda,id_material_base,id_material_catalogo,quantidade_kg,preco_por_kg) VALUES (617,3,9,538.54,2.80);
INSERT INTO avaliacoes_compradores (id_venda,pontualidade_pagamento,logistica_entrega,qualidade_negociacao,comentario_livre) VALUES (617,1,2,5,'');
INSERT INTO vendas (id_venda,id_cooperativa,id_comprador,data_venda,valor_total) VALUES (618,1,96,'2025-04-04 02:43:39',0);
INSERT INTO vendas_itens (id_venda,id_material_base,id_material_catalogo,quantidade_kg,preco_por_kg) VALUES (618,2,5,143.48,1.78);
INSERT INTO vendas (id_venda,id_cooperativa,id_comprador,data_venda,valor_total) VALUES (619,5,10,'2025-08-30 02:43:39',0);
INSERT INTO vendas_itens (id_venda,id_material_base,id_material_catalogo,quantidade_kg,preco_por_kg) VALUES (619,1,2,168.69,3.94);
INSERT INTO vendas_itens (id_venda,id_material_base,id_material_catalogo,quantidade_kg,preco_por_kg) VALUES (619,2,6,243.15,1.61);
INSERT INTO avaliacoes_compradores (id_venda,pontualidade_pagamento,logistica_entrega,qualidade_negociacao,comentario_livre) VALUES (619,4,1,2,'');
INSERT INTO vendas (id_venda,id_cooperativa,id_comprador,data_venda,valor_total) VALUES (620,27,45,'2024-12-22 02:43:39',0);
INSERT INTO vendas_itens (id_venda,id_material_base,id_material_catalogo,quantidade_kg,preco_por_kg) VALUES (620,3,9,496.55,5.90);
INSERT INTO vendas_itens (id_venda,id_material_base,id_material_catalogo,quantidade_kg,preco_por_kg) VALUES (620,1,3,352.17,1.66);
INSERT INTO vendas (id_venda,id_cooperativa,id_comprador,data_venda,valor_total) VALUES (621,10,78,'2025-04-17 02:43:39',0);
INSERT INTO vendas_itens (id_venda,id_material_base,id_material_catalogo,quantidade_kg,preco_por_kg) VALUES (621,3,9,570.34,3.36);
INSERT INTO vendas_itens (id_venda,id_material_base,id_material_catalogo,quantidade_kg,preco_por_kg) VALUES (621,3,7,587.99,3.56);
INSERT INTO vendas_itens (id_venda,id_material_base,id_material_catalogo,quantidade_kg,preco_por_kg) VALUES (621,1,3,397.28,3.84);
INSERT INTO vendas (id_venda,id_cooperativa,id_comprador,data_venda,valor_total) VALUES (622,18,75,'2025-03-24 02:43:39',0);
INSERT INTO vendas_itens (id_venda,id_material_base,id_material_catalogo,quantidade_kg,preco_por_kg) VALUES (622,2,5,240.47,1.03);
INSERT INTO vendas_itens (id_venda,id_material_base,id_material_catalogo,quantidade_kg,preco_por_kg) VALUES (622,3,8,210.42,5.76);
INSERT INTO avaliacoes_compradores (id_venda,pontualidade_pagamento,logistica_entrega,qualidade_negociacao,comentario_livre) VALUES (622,1,2,2,'');
INSERT INTO avaliacao_feedback_selecionado (id_avaliacao,id_feedback_tag) SELECT id_avaliacao,23 FROM avaliacoes_compradores WHERE id_venda=622;
INSERT INTO avaliacao_feedback_selecionado (id_avaliacao,id_feedback_tag) SELECT id_avaliacao,22 FROM avaliacoes_compradores WHERE id_venda=622;
INSERT INTO vendas (id_venda,id_cooperativa,id_comprador,data_venda,valor_total) VALUES (623,17,69,'2025-07-27 02:43:39',0);
INSERT INTO vendas_itens (id_venda,id_material_base,id_material_catalogo,quantidade_kg,preco_por_kg) VALUES (623,3,7,465.86,3.15);
INSERT INTO vendas_itens (id_venda,id_material_base,id_material_catalogo,quantidade_kg,preco_por_kg) VALUES (623,2,5,375.45,1.17);
INSERT INTO vendas_itens (id_venda,id_material_base,id_material_catalogo,quantidade_kg,preco_por_kg) VALUES (623,3,7,55.14,2.69);
INSERT INTO avaliacoes_compradores (id_venda,pontualidade_pagamento,logistica_entrega,qualidade_negociacao,comentario_livre) VALUES (623,5,2,2,'');
INSERT INTO vendas (id_venda,id_cooperativa,id_comprador,data_venda,valor_total) VALUES (624,30,2,'2025-10-21 02:43:39',0);
INSERT INTO vendas_itens (id_venda,id_material_base,id_material_catalogo,quantidade_kg,preco_por_kg) VALUES (624,2,5,444.49,1.59);
INSERT INTO vendas_itens (id_venda,id_material_base,id_material_catalogo,quantidade_kg,preco_por_kg) VALUES (624,2,4,410.96,0.50);
INSERT INTO vendas (id_venda,id_cooperativa,id_comprador,data_venda,valor_total) VALUES (625,34,30,'2024-12-29 02:43:39',0);
INSERT INTO vendas_itens (id_venda,id_material_base,id_material_catalogo,quantidade_kg,preco_por_kg) VALUES (625,2,5,95.27,0.91);
INSERT INTO vendas_itens (id_venda,id_material_base,id_material_catalogo,quantidade_kg,preco_por_kg) VALUES (625,2,5,78.16,1.01);
INSERT INTO vendas_itens (id_venda,id_material_base,id_material_catalogo,quantidade_kg,preco_por_kg) VALUES (625,3,7,39.70,7.40);
INSERT INTO vendas (id_venda,id_cooperativa,id_comprador,data_venda,valor_total) VALUES (626,20,8,'2025-04-12 02:43:39',0);
INSERT INTO vendas_itens (id_venda,id_material_base,id_material_catalogo,quantidade_kg,preco_por_kg) VALUES (626,1,2,537.87,3.73);
INSERT INTO vendas_itens (id_venda,id_material_base,id_material_catalogo,quantidade_kg,preco_por_kg) VALUES (626,2,6,200.70,1.33);
INSERT INTO avaliacoes_compradores (id_venda,pontualidade_pagamento,logistica_entrega,qualidade_negociacao,comentario_livre) VALUES (626,3,5,3,'');
INSERT INTO vendas (id_venda,id_cooperativa,id_comprador,data_venda,valor_total) VALUES (627,42,97,'2025-09-07 02:43:39',0);
INSERT INTO vendas_itens (id_venda,id_material_base,id_material_catalogo,quantidade_kg,preco_por_kg) VALUES (627,3,8,381.36,4.78);
INSERT INTO avaliacoes_compradores (id_venda,pontualidade_pagamento,logistica_entrega,qualidade_negociacao,comentario_livre) VALUES (627,5,5,2,'');
INSERT INTO avaliacao_feedback_selecionado (id_avaliacao,id_feedback_tag) SELECT id_avaliacao,11 FROM avaliacoes_compradores WHERE id_venda=627;
INSERT INTO vendas (id_venda,id_cooperativa,id_comprador,data_venda,valor_total) VALUES (628,46,29,'2024-11-21 02:43:39',0);
INSERT INTO vendas_itens (id_venda,id_material_base,id_material_catalogo,quantidade_kg,preco_por_kg) VALUES (628,1,3,73.77,3.74);
INSERT INTO vendas_itens (id_venda,id_material_base,id_material_catalogo,quantidade_kg,preco_por_kg) VALUES (628,1,1,362.16,3.45);
INSERT INTO vendas (id_venda,id_cooperativa,id_comprador,data_venda,valor_total) VALUES (629,34,71,'2025-10-30 02:43:39',0);
INSERT INTO vendas_itens (id_venda,id_material_base,id_material_catalogo,quantidade_kg,preco_por_kg) VALUES (629,3,8,181.38,3.17);
INSERT INTO vendas_itens (id_venda,id_material_base,id_material_catalogo,quantidade_kg,preco_por_kg) VALUES (629,3,7,352.55,4.36);
INSERT INTO avaliacoes_compradores (id_venda,pontualidade_pagamento,logistica_entrega,qualidade_negociacao,comentario_livre) VALUES (629,1,4,3,'');
INSERT INTO vendas (id_venda,id_cooperativa,id_comprador,data_venda,valor_total) VALUES (630,34,58,'2025-09-26 02:43:39',0);
INSERT INTO vendas_itens (id_venda,id_material_base,id_material_catalogo,quantidade_kg,preco_por_kg) VALUES (630,3,9,529.39,4.00);
INSERT INTO vendas_itens (id_venda,id_material_base,id_material_catalogo,quantidade_kg,preco_por_kg) VALUES (630,3,7,145.25,5.97);
INSERT INTO avaliacoes_compradores (id_venda,pontualidade_pagamento,logistica_entrega,qualidade_negociacao,comentario_livre) VALUES (630,3,1,3,'');
INSERT INTO vendas (id_venda,id_cooperativa,id_comprador,data_venda,valor_total) VALUES (631,24,46,'2024-12-19 02:43:39',0);
INSERT INTO vendas_itens (id_venda,id_material_base,id_material_catalogo,quantidade_kg,preco_por_kg) VALUES (631,1,1,138.91,2.44);
INSERT INTO vendas_itens (id_venda,id_material_base,id_material_catalogo,quantidade_kg,preco_por_kg) VALUES (631,3,9,151.57,7.80);
INSERT INTO vendas_itens (id_venda,id_material_base,id_material_catalogo,quantidade_kg,preco_por_kg) VALUES (631,2,6,155.53,1.34);
INSERT INTO avaliacoes_compradores (id_venda,pontualidade_pagamento,logistica_entrega,qualidade_negociacao,comentario_livre) VALUES (631,1,1,4,'');
INSERT INTO avaliacao_feedback_selecionado (id_avaliacao,id_feedback_tag) SELECT id_avaliacao,23 FROM avaliacoes_compradores WHERE id_venda=631;
INSERT INTO vendas (id_venda,id_cooperativa,id_comprador,data_venda,valor_total) VALUES (632,26,36,'2025-01-13 02:43:39',0);
INSERT INTO vendas_itens (id_venda,id_material_base,id_material_catalogo,quantidade_kg,preco_por_kg) VALUES (632,3,9,165.06,6.50);
INSERT INTO vendas_itens (id_venda,id_material_base,id_material_catalogo,quantidade_kg,preco_por_kg) VALUES (632,1,1,390.29,2.05);
INSERT INTO avaliacoes_compradores (id_venda,pontualidade_pagamento,logistica_entrega,qualidade_negociacao,comentario_livre) VALUES (632,2,2,4,'');
INSERT INTO vendas (id_venda,id_cooperativa,id_comprador,data_venda,valor_total) VALUES (633,8,15,'2025-01-06 02:43:39',0);
INSERT INTO vendas_itens (id_venda,id_material_base,id_material_catalogo,quantidade_kg,preco_por_kg) VALUES (633,3,8,71.57,7.48);
INSERT INTO vendas (id_venda,id_cooperativa,id_comprador,data_venda,valor_total) VALUES (634,47,77,'2025-03-13 02:43:39',0);
INSERT INTO vendas_itens (id_venda,id_material_base,id_material_catalogo,quantidade_kg,preco_por_kg) VALUES (634,1,1,32.47,2.52);
INSERT INTO vendas (id_venda,id_cooperativa,id_comprador,data_venda,valor_total) VALUES (635,24,37,'2025-11-13 02:43:39',0);
INSERT INTO vendas_itens (id_venda,id_material_base,id_material_catalogo,quantidade_kg,preco_por_kg) VALUES (635,1,2,71.20,2.29);
INSERT INTO vendas_itens (id_venda,id_material_base,id_material_catalogo,quantidade_kg,preco_por_kg) VALUES (635,2,6,379.62,0.84);
INSERT INTO vendas_itens (id_venda,id_material_base,id_material_catalogo,quantidade_kg,preco_por_kg) VALUES (635,2,4,64.25,1.32);
INSERT INTO avaliacoes_compradores (id_venda,pontualidade_pagamento,logistica_entrega,qualidade_negociacao,comentario_livre) VALUES (635,5,2,2,'');
INSERT INTO vendas (id_venda,id_cooperativa,id_comprador,data_venda,valor_total) VALUES (636,38,95,'2025-07-03 02:43:39',0);
INSERT INTO vendas_itens (id_venda,id_material_base,id_material_catalogo,quantidade_kg,preco_por_kg) VALUES (636,1,2,92.10,2.66);
INSERT INTO vendas (id_venda,id_cooperativa,id_comprador,data_venda,valor_total) VALUES (637,32,10,'2024-12-22 02:43:39',0);
INSERT INTO vendas_itens (id_venda,id_material_base,id_material_catalogo,quantidade_kg,preco_por_kg) VALUES (637,3,9,309.47,6.80);
INSERT INTO vendas_itens (id_venda,id_material_base,id_material_catalogo,quantidade_kg,preco_por_kg) VALUES (637,2,5,438.27,1.46);
INSERT INTO vendas_itens (id_venda,id_material_base,id_material_catalogo,quantidade_kg,preco_por_kg) VALUES (637,3,8,294.51,5.92);
INSERT INTO avaliacoes_compradores (id_venda,pontualidade_pagamento,logistica_entrega,qualidade_negociacao,comentario_livre) VALUES (637,5,4,2,'');
INSERT INTO vendas (id_venda,id_cooperativa,id_comprador,data_venda,valor_total) VALUES (638,29,56,'2024-12-16 02:43:39',0);
INSERT INTO vendas_itens (id_venda,id_material_base,id_material_catalogo,quantidade_kg,preco_por_kg) VALUES (638,1,3,508.61,3.43);
INSERT INTO vendas_itens (id_venda,id_material_base,id_material_catalogo,quantidade_kg,preco_por_kg) VALUES (638,3,8,202.57,5.40);
INSERT INTO vendas_itens (id_venda,id_material_base,id_material_catalogo,quantidade_kg,preco_por_kg) VALUES (638,3,7,444.08,4.67);
INSERT INTO vendas (id_venda,id_cooperativa,id_comprador,data_venda,valor_total) VALUES (639,25,52,'2024-11-28 02:43:39',0);
INSERT INTO vendas_itens (id_venda,id_material_base,id_material_catalogo,quantidade_kg,preco_por_kg) VALUES (639,1,1,458.01,3.27);
INSERT INTO vendas_itens (id_venda,id_material_base,id_material_catalogo,quantidade_kg,preco_por_kg) VALUES (639,1,2,68.92,2.70);
INSERT INTO vendas_itens (id_venda,id_material_base,id_material_catalogo,quantidade_kg,preco_por_kg) VALUES (639,1,3,261.22,3.66);
INSERT INTO avaliacoes_compradores (id_venda,pontualidade_pagamento,logistica_entrega,qualidade_negociacao,comentario_livre) VALUES (639,3,5,5,'');
INSERT INTO avaliacao_feedback_selecionado (id_avaliacao,id_feedback_tag) SELECT id_avaliacao,3 FROM avaliacoes_compradores WHERE id_venda=639;
INSERT INTO avaliacao_feedback_selecionado (id_avaliacao,id_feedback_tag) SELECT id_avaliacao,10 FROM avaliacoes_compradores WHERE id_venda=639;
INSERT INTO vendas (id_venda,id_cooperativa,id_comprador,data_venda,valor_total) VALUES (640,10,12,'2025-10-14 02:43:39',0);
INSERT INTO vendas_itens (id_venda,id_material_base,id_material_catalogo,quantidade_kg,preco_por_kg) VALUES (640,2,4,166.62,0.82);
INSERT INTO vendas_itens (id_venda,id_material_base,id_material_catalogo,quantidade_kg,preco_por_kg) VALUES (640,3,8,505.36,4.99);
INSERT INTO vendas_itens (id_venda,id_material_base,id_material_catalogo,quantidade_kg,preco_por_kg) VALUES (640,1,2,291.78,2.16);
INSERT INTO vendas (id_venda,id_cooperativa,id_comprador,data_venda,valor_total) VALUES (641,21,13,'2025-07-21 02:43:39',0);
INSERT INTO vendas_itens (id_venda,id_material_base,id_material_catalogo,quantidade_kg,preco_por_kg) VALUES (641,3,9,210.24,6.92);
INSERT INTO vendas_itens (id_venda,id_material_base,id_material_catalogo,quantidade_kg,preco_por_kg) VALUES (641,1,2,564.09,3.30);
INSERT INTO avaliacoes_compradores (id_venda,pontualidade_pagamento,logistica_entrega,qualidade_negociacao,comentario_livre) VALUES (641,4,2,3,'');
INSERT INTO vendas (id_venda,id_cooperativa,id_comprador,data_venda,valor_total) VALUES (642,47,51,'2025-09-16 02:43:39',0);
INSERT INTO vendas_itens (id_venda,id_material_base,id_material_catalogo,quantidade_kg,preco_por_kg) VALUES (642,1,2,294.92,3.59);
INSERT INTO vendas_itens (id_venda,id_material_base,id_material_catalogo,quantidade_kg,preco_por_kg) VALUES (642,2,4,445.76,1.00);
INSERT INTO avaliacoes_compradores (id_venda,pontualidade_pagamento,logistica_entrega,qualidade_negociacao,comentario_livre) VALUES (642,3,2,5,'');
INSERT INTO vendas (id_venda,id_cooperativa,id_comprador,data_venda,valor_total) VALUES (643,5,38,'2025-09-12 02:43:39',0);
INSERT INTO vendas_itens (id_venda,id_material_base,id_material_catalogo,quantidade_kg,preco_por_kg) VALUES (643,3,7,216.37,6.85);
INSERT INTO vendas_itens (id_venda,id_material_base,id_material_catalogo,quantidade_kg,preco_por_kg) VALUES (643,1,2,97.19,1.40);
INSERT INTO vendas_itens (id_venda,id_material_base,id_material_catalogo,quantidade_kg,preco_por_kg) VALUES (643,1,3,143.91,3.97);
INSERT INTO vendas (id_venda,id_cooperativa,id_comprador,data_venda,valor_total) VALUES (644,26,100,'2025-03-18 02:43:39',0);
INSERT INTO vendas_itens (id_venda,id_material_base,id_material_catalogo,quantidade_kg,preco_por_kg) VALUES (644,2,5,545.83,1.00);
INSERT INTO vendas_itens (id_venda,id_material_base,id_material_catalogo,quantidade_kg,preco_por_kg) VALUES (644,2,6,314.87,1.08);
INSERT INTO avaliacoes_compradores (id_venda,pontualidade_pagamento,logistica_entrega,qualidade_negociacao,comentario_livre) VALUES (644,5,2,4,'');
INSERT INTO vendas (id_venda,id_cooperativa,id_comprador,data_venda,valor_total) VALUES (645,32,91,'2025-03-03 02:43:39',0);
INSERT INTO vendas_itens (id_venda,id_material_base,id_material_catalogo,quantidade_kg,preco_por_kg) VALUES (645,2,4,83.17,1.44);
INSERT INTO vendas_itens (id_venda,id_material_base,id_material_catalogo,quantidade_kg,preco_por_kg) VALUES (645,1,1,566.28,1.87);
INSERT INTO vendas_itens (id_venda,id_material_base,id_material_catalogo,quantidade_kg,preco_por_kg) VALUES (645,2,5,534.81,0.91);
INSERT INTO avaliacoes_compradores (id_venda,pontualidade_pagamento,logistica_entrega,qualidade_negociacao,comentario_livre) VALUES (645,3,2,1,'');
INSERT INTO avaliacao_feedback_selecionado (id_avaliacao,id_feedback_tag) SELECT id_avaliacao,16 FROM avaliacoes_compradores WHERE id_venda=645;
INSERT INTO avaliacao_feedback_selecionado (id_avaliacao,id_feedback_tag) SELECT id_avaliacao,12 FROM avaliacoes_compradores WHERE id_venda=645;
INSERT INTO vendas (id_venda,id_cooperativa,id_comprador,data_venda,valor_total) VALUES (646,40,83,'2025-01-16 02:43:39',0);
INSERT INTO vendas_itens (id_venda,id_material_base,id_material_catalogo,quantidade_kg,preco_por_kg) VALUES (646,1,3,417.72,3.95);
INSERT INTO vendas_itens (id_venda,id_material_base,id_material_catalogo,quantidade_kg,preco_por_kg) VALUES (646,3,7,576.42,3.37);
INSERT INTO vendas_itens (id_venda,id_material_base,id_material_catalogo,quantidade_kg,preco_por_kg) VALUES (646,1,1,252.24,2.65);
INSERT INTO avaliacoes_compradores (id_venda,pontualidade_pagamento,logistica_entrega,qualidade_negociacao,comentario_livre) VALUES (646,3,5,5,'');
INSERT INTO avaliacao_feedback_selecionado (id_avaliacao,id_feedback_tag) SELECT id_avaliacao,3 FROM avaliacoes_compradores WHERE id_venda=646;
INSERT INTO avaliacao_feedback_selecionado (id_avaliacao,id_feedback_tag) SELECT id_avaliacao,6 FROM avaliacoes_compradores WHERE id_venda=646;
INSERT INTO vendas (id_venda,id_cooperativa,id_comprador,data_venda,valor_total) VALUES (647,14,24,'2025-05-12 02:43:39',0);
INSERT INTO vendas_itens (id_venda,id_material_base,id_material_catalogo,quantidade_kg,preco_por_kg) VALUES (647,3,9,148.91,3.94);
INSERT INTO vendas_itens (id_venda,id_material_base,id_material_catalogo,quantidade_kg,preco_por_kg) VALUES (647,1,3,137.42,3.81);
INSERT INTO avaliacoes_compradores (id_venda,pontualidade_pagamento,logistica_entrega,qualidade_negociacao,comentario_livre) VALUES (647,3,3,5,'');
INSERT INTO vendas (id_venda,id_cooperativa,id_comprador,data_venda,valor_total) VALUES (648,20,34,'2025-10-04 02:43:39',0);
INSERT INTO vendas_itens (id_venda,id_material_base,id_material_catalogo,quantidade_kg,preco_por_kg) VALUES (648,1,3,111.14,3.64);
INSERT INTO avaliacoes_compradores (id_venda,pontualidade_pagamento,logistica_entrega,qualidade_negociacao,comentario_livre) VALUES (648,4,4,5,'');
INSERT INTO avaliacao_feedback_selecionado (id_avaliacao,id_feedback_tag) SELECT id_avaliacao,7 FROM avaliacoes_compradores WHERE id_venda=648;
INSERT INTO avaliacao_feedback_selecionado (id_avaliacao,id_feedback_tag) SELECT id_avaliacao,9 FROM avaliacoes_compradores WHERE id_venda=648;
INSERT INTO avaliacao_feedback_selecionado (id_avaliacao,id_feedback_tag) SELECT id_avaliacao,6 FROM avaliacoes_compradores WHERE id_venda=648;
INSERT INTO vendas (id_venda,id_cooperativa,id_comprador,data_venda,valor_total) VALUES (649,50,5,'2025-01-17 02:43:39',0);
INSERT INTO vendas_itens (id_venda,id_material_base,id_material_catalogo,quantidade_kg,preco_por_kg) VALUES (649,1,1,445.62,2.25);
INSERT INTO vendas_itens (id_venda,id_material_base,id_material_catalogo,quantidade_kg,preco_por_kg) VALUES (649,3,9,530.64,3.60);
INSERT INTO vendas_itens (id_venda,id_material_base,id_material_catalogo,quantidade_kg,preco_por_kg) VALUES (649,3,7,386.91,4.01);
INSERT INTO avaliacoes_compradores (id_venda,pontualidade_pagamento,logistica_entrega,qualidade_negociacao,comentario_livre) VALUES (649,1,1,2,'');
INSERT INTO avaliacao_feedback_selecionado (id_avaliacao,id_feedback_tag) SELECT id_avaliacao,17 FROM avaliacoes_compradores WHERE id_venda=649;
INSERT INTO vendas (id_venda,id_cooperativa,id_comprador,data_venda,valor_total) VALUES (650,33,79,'2025-10-28 02:43:39',0);
INSERT INTO vendas_itens (id_venda,id_material_base,id_material_catalogo,quantidade_kg,preco_por_kg) VALUES (650,3,9,474.87,6.52);
INSERT INTO avaliacoes_compradores (id_venda,pontualidade_pagamento,logistica_entrega,qualidade_negociacao,comentario_livre) VALUES (650,5,4,4,'');
INSERT INTO avaliacao_feedback_selecionado (id_avaliacao,id_feedback_tag) SELECT id_avaliacao,4 FROM avaliacoes_compradores WHERE id_venda=650;
INSERT INTO avaliacao_feedback_selecionado (id_avaliacao,id_feedback_tag) SELECT id_avaliacao,6 FROM avaliacoes_compradores WHERE id_venda=650;
INSERT INTO avaliacao_feedback_selecionado (id_avaliacao,id_feedback_tag) SELECT id_avaliacao,11 FROM avaliacoes_compradores WHERE id_venda=650;
INSERT INTO vendas (id_venda,id_cooperativa,id_comprador,data_venda,valor_total) VALUES (651,28,22,'2025-05-16 02:43:39',0);
INSERT INTO vendas_itens (id_venda,id_material_base,id_material_catalogo,quantidade_kg,preco_por_kg) VALUES (651,3,9,98.12,2.95);
INSERT INTO vendas_itens (id_venda,id_material_base,id_material_catalogo,quantidade_kg,preco_por_kg) VALUES (651,1,1,321.13,2.25);
INSERT INTO vendas_itens (id_venda,id_material_base,id_material_catalogo,quantidade_kg,preco_por_kg) VALUES (651,1,1,314.37,1.90);
INSERT INTO vendas (id_venda,id_cooperativa,id_comprador,data_venda,valor_total) VALUES (652,44,10,'2025-02-21 02:43:39',0);
INSERT INTO vendas_itens (id_venda,id_material_base,id_material_catalogo,quantidade_kg,preco_por_kg) VALUES (652,2,4,393.99,0.88);
INSERT INTO vendas (id_venda,id_cooperativa,id_comprador,data_venda,valor_total) VALUES (653,41,61,'2025-07-09 02:43:39',0);
INSERT INTO vendas_itens (id_venda,id_material_base,id_material_catalogo,quantidade_kg,preco_por_kg) VALUES (653,2,5,552.23,1.48);
INSERT INTO vendas_itens (id_venda,id_material_base,id_material_catalogo,quantidade_kg,preco_por_kg) VALUES (653,3,8,92.31,4.84);
INSERT INTO avaliacoes_compradores (id_venda,pontualidade_pagamento,logistica_entrega,qualidade_negociacao,comentario_livre) VALUES (653,5,3,4,'');
INSERT INTO avaliacao_feedback_selecionado (id_avaliacao,id_feedback_tag) SELECT id_avaliacao,9 FROM avaliacoes_compradores WHERE id_venda=653;
INSERT INTO avaliacao_feedback_selecionado (id_avaliacao,id_feedback_tag) SELECT id_avaliacao,10 FROM avaliacoes_compradores WHERE id_venda=653;
INSERT INTO avaliacao_feedback_selecionado (id_avaliacao,id_feedback_tag) SELECT id_avaliacao,8 FROM avaliacoes_compradores WHERE id_venda=653;
INSERT INTO vendas (id_venda,id_cooperativa,id_comprador,data_venda,valor_total) VALUES (654,24,61,'2025-04-15 02:43:39',0);
INSERT INTO vendas_itens (id_venda,id_material_base,id_material_catalogo,quantidade_kg,preco_por_kg) VALUES (654,3,8,477.99,7.22);
INSERT INTO vendas (id_venda,id_cooperativa,id_comprador,data_venda,valor_total) VALUES (655,7,38,'2025-09-27 02:43:39',0);
INSERT INTO vendas_itens (id_venda,id_material_base,id_material_catalogo,quantidade_kg,preco_por_kg) VALUES (655,2,6,435.24,1.32);
INSERT INTO vendas_itens (id_venda,id_material_base,id_material_catalogo,quantidade_kg,preco_por_kg) VALUES (655,1,2,443.22,2.26);
INSERT INTO vendas_itens (id_venda,id_material_base,id_material_catalogo,quantidade_kg,preco_por_kg) VALUES (655,3,7,407.34,4.78);
INSERT INTO vendas (id_venda,id_cooperativa,id_comprador,data_venda,valor_total) VALUES (656,31,14,'2025-01-30 02:43:39',0);
INSERT INTO vendas_itens (id_venda,id_material_base,id_material_catalogo,quantidade_kg,preco_por_kg) VALUES (656,1,3,414.09,1.74);
INSERT INTO vendas_itens (id_venda,id_material_base,id_material_catalogo,quantidade_kg,preco_por_kg) VALUES (656,3,9,497.86,4.85);
INSERT INTO vendas_itens (id_venda,id_material_base,id_material_catalogo,quantidade_kg,preco_por_kg) VALUES (656,3,8,278.46,4.63);
INSERT INTO vendas (id_venda,id_cooperativa,id_comprador,data_venda,valor_total) VALUES (657,30,88,'2025-05-29 02:43:39',0);
INSERT INTO vendas_itens (id_venda,id_material_base,id_material_catalogo,quantidade_kg,preco_por_kg) VALUES (657,2,4,501.40,1.64);
INSERT INTO avaliacoes_compradores (id_venda,pontualidade_pagamento,logistica_entrega,qualidade_negociacao,comentario_livre) VALUES (657,2,2,4,'');
INSERT INTO vendas (id_venda,id_cooperativa,id_comprador,data_venda,valor_total) VALUES (658,14,15,'2025-01-27 02:43:39',0);
INSERT INTO vendas_itens (id_venda,id_material_base,id_material_catalogo,quantidade_kg,preco_por_kg) VALUES (658,2,4,463.50,1.76);
INSERT INTO vendas_itens (id_venda,id_material_base,id_material_catalogo,quantidade_kg,preco_por_kg) VALUES (658,2,5,455.31,1.46);
INSERT INTO avaliacoes_compradores (id_venda,pontualidade_pagamento,logistica_entrega,qualidade_negociacao,comentario_livre) VALUES (658,1,5,1,'');
INSERT INTO vendas (id_venda,id_cooperativa,id_comprador,data_venda,valor_total) VALUES (659,22,9,'2025-04-23 02:43:39',0);
INSERT INTO vendas_itens (id_venda,id_material_base,id_material_catalogo,quantidade_kg,preco_por_kg) VALUES (659,1,1,255.01,2.16);
INSERT INTO vendas_itens (id_venda,id_material_base,id_material_catalogo,quantidade_kg,preco_por_kg) VALUES (659,2,6,182.83,1.12);
INSERT INTO vendas_itens (id_venda,id_material_base,id_material_catalogo,quantidade_kg,preco_por_kg) VALUES (659,1,3,342.57,1.39);
INSERT INTO avaliacoes_compradores (id_venda,pontualidade_pagamento,logistica_entrega,qualidade_negociacao,comentario_livre) VALUES (659,1,1,1,'');
INSERT INTO avaliacao_feedback_selecionado (id_avaliacao,id_feedback_tag) SELECT id_avaliacao,20 FROM avaliacoes_compradores WHERE id_venda=659;
INSERT INTO avaliacao_feedback_selecionado (id_avaliacao,id_feedback_tag) SELECT id_avaliacao,14 FROM avaliacoes_compradores WHERE id_venda=659;
INSERT INTO vendas (id_venda,id_cooperativa,id_comprador,data_venda,valor_total) VALUES (660,4,31,'2025-05-09 02:43:39',0);
INSERT INTO vendas_itens (id_venda,id_material_base,id_material_catalogo,quantidade_kg,preco_por_kg) VALUES (660,1,2,396.61,2.77);
INSERT INTO avaliacoes_compradores (id_venda,pontualidade_pagamento,logistica_entrega,qualidade_negociacao,comentario_livre) VALUES (660,3,4,4,'');
INSERT INTO vendas (id_venda,id_cooperativa,id_comprador,data_venda,valor_total) VALUES (661,14,33,'2025-01-22 02:43:39',0);
INSERT INTO vendas_itens (id_venda,id_material_base,id_material_catalogo,quantidade_kg,preco_por_kg) VALUES (661,2,4,266.63,1.78);
INSERT INTO vendas (id_venda,id_cooperativa,id_comprador,data_venda,valor_total) VALUES (662,24,45,'2025-02-12 02:43:39',0);
INSERT INTO vendas_itens (id_venda,id_material_base,id_material_catalogo,quantidade_kg,preco_por_kg) VALUES (662,2,5,322.47,1.51);
INSERT INTO vendas_itens (id_venda,id_material_base,id_material_catalogo,quantidade_kg,preco_por_kg) VALUES (662,1,2,489.13,2.04);
INSERT INTO avaliacoes_compradores (id_venda,pontualidade_pagamento,logistica_entrega,qualidade_negociacao,comentario_livre) VALUES (662,2,3,1,'');
INSERT INTO avaliacao_feedback_selecionado (id_avaliacao,id_feedback_tag) SELECT id_avaliacao,22 FROM avaliacoes_compradores WHERE id_venda=662;
INSERT INTO vendas (id_venda,id_cooperativa,id_comprador,data_venda,valor_total) VALUES (663,31,24,'2025-03-18 02:43:39',0);
INSERT INTO vendas_itens (id_venda,id_material_base,id_material_catalogo,quantidade_kg,preco_por_kg) VALUES (663,1,1,273.29,1.87);
INSERT INTO vendas_itens (id_venda,id_material_base,id_material_catalogo,quantidade_kg,preco_por_kg) VALUES (663,1,2,102.98,2.17);
INSERT INTO vendas_itens (id_venda,id_material_base,id_material_catalogo,quantidade_kg,preco_por_kg) VALUES (663,2,5,362.63,1.71);
INSERT INTO vendas (id_venda,id_cooperativa,id_comprador,data_venda,valor_total) VALUES (664,15,6,'2025-04-11 02:43:39',0);
INSERT INTO vendas_itens (id_venda,id_material_base,id_material_catalogo,quantidade_kg,preco_por_kg) VALUES (664,1,1,214.81,2.67);
INSERT INTO vendas_itens (id_venda,id_material_base,id_material_catalogo,quantidade_kg,preco_por_kg) VALUES (664,3,7,417.70,7.67);
INSERT INTO vendas (id_venda,id_cooperativa,id_comprador,data_venda,valor_total) VALUES (665,28,67,'2024-11-19 02:43:39',0);
INSERT INTO vendas_itens (id_venda,id_material_base,id_material_catalogo,quantidade_kg,preco_por_kg) VALUES (665,2,4,328.48,1.28);
INSERT INTO vendas (id_venda,id_cooperativa,id_comprador,data_venda,valor_total) VALUES (666,30,73,'2025-02-16 02:43:39',0);
INSERT INTO vendas_itens (id_venda,id_material_base,id_material_catalogo,quantidade_kg,preco_por_kg) VALUES (666,2,6,137.66,1.49);
INSERT INTO avaliacoes_compradores (id_venda,pontualidade_pagamento,logistica_entrega,qualidade_negociacao,comentario_livre) VALUES (666,1,1,1,'');
INSERT INTO avaliacao_feedback_selecionado (id_avaliacao,id_feedback_tag) SELECT id_avaliacao,13 FROM avaliacoes_compradores WHERE id_venda=666;
INSERT INTO vendas (id_venda,id_cooperativa,id_comprador,data_venda,valor_total) VALUES (667,26,52,'2025-02-19 02:43:39',0);
INSERT INTO vendas_itens (id_venda,id_material_base,id_material_catalogo,quantidade_kg,preco_por_kg) VALUES (667,3,8,198.19,2.73);
INSERT INTO vendas (id_venda,id_cooperativa,id_comprador,data_venda,valor_total) VALUES (668,24,28,'2025-11-03 02:43:39',0);
INSERT INTO vendas_itens (id_venda,id_material_base,id_material_catalogo,quantidade_kg,preco_por_kg) VALUES (668,2,5,75.95,1.21);
INSERT INTO avaliacoes_compradores (id_venda,pontualidade_pagamento,logistica_entrega,qualidade_negociacao,comentario_livre) VALUES (668,3,3,3,'');
INSERT INTO vendas (id_venda,id_cooperativa,id_comprador,data_venda,valor_total) VALUES (669,38,63,'2024-11-22 02:43:39',0);
INSERT INTO vendas_itens (id_venda,id_material_base,id_material_catalogo,quantidade_kg,preco_por_kg) VALUES (669,2,4,498.34,1.80);
INSERT INTO avaliacoes_compradores (id_venda,pontualidade_pagamento,logistica_entrega,qualidade_negociacao,comentario_livre) VALUES (669,1,2,3,'');
INSERT INTO avaliacao_feedback_selecionado (id_avaliacao,id_feedback_tag) SELECT id_avaliacao,13 FROM avaliacoes_compradores WHERE id_venda=669;
INSERT INTO vendas (id_venda,id_cooperativa,id_comprador,data_venda,valor_total) VALUES (670,48,62,'2025-05-22 02:43:39',0);
INSERT INTO vendas_itens (id_venda,id_material_base,id_material_catalogo,quantidade_kg,preco_por_kg) VALUES (670,1,2,507.36,1.92);
INSERT INTO vendas_itens (id_venda,id_material_base,id_material_catalogo,quantidade_kg,preco_por_kg) VALUES (670,1,3,151.65,1.92);
INSERT INTO vendas (id_venda,id_cooperativa,id_comprador,data_venda,valor_total) VALUES (671,45,8,'2025-05-14 02:43:39',0);
INSERT INTO vendas_itens (id_venda,id_material_base,id_material_catalogo,quantidade_kg,preco_por_kg) VALUES (671,3,7,196.14,6.69);
INSERT INTO avaliacoes_compradores (id_venda,pontualidade_pagamento,logistica_entrega,qualidade_negociacao,comentario_livre) VALUES (671,1,3,1,'');
INSERT INTO avaliacao_feedback_selecionado (id_avaliacao,id_feedback_tag) SELECT id_avaliacao,14 FROM avaliacoes_compradores WHERE id_venda=671;
INSERT INTO avaliacao_feedback_selecionado (id_avaliacao,id_feedback_tag) SELECT id_avaliacao,21 FROM avaliacoes_compradores WHERE id_venda=671;
INSERT INTO vendas (id_venda,id_cooperativa,id_comprador,data_venda,valor_total) VALUES (672,16,10,'2025-02-05 02:43:39',0);
INSERT INTO vendas_itens (id_venda,id_material_base,id_material_catalogo,quantidade_kg,preco_por_kg) VALUES (672,3,8,508.80,3.82);
INSERT INTO vendas (id_venda,id_cooperativa,id_comprador,data_venda,valor_total) VALUES (673,48,52,'2025-07-19 02:43:39',0);
INSERT INTO vendas_itens (id_venda,id_material_base,id_material_catalogo,quantidade_kg,preco_por_kg) VALUES (673,1,2,277.80,3.91);
INSERT INTO avaliacoes_compradores (id_venda,pontualidade_pagamento,logistica_entrega,qualidade_negociacao,comentario_livre) VALUES (673,4,3,2,'');
INSERT INTO vendas (id_venda,id_cooperativa,id_comprador,data_venda,valor_total) VALUES (674,39,98,'2025-03-02 02:43:39',0);
INSERT INTO vendas_itens (id_venda,id_material_base,id_material_catalogo,quantidade_kg,preco_por_kg) VALUES (674,1,1,552.79,3.96);
INSERT INTO avaliacoes_compradores (id_venda,pontualidade_pagamento,logistica_entrega,qualidade_negociacao,comentario_livre) VALUES (674,4,3,2,'');
INSERT INTO vendas (id_venda,id_cooperativa,id_comprador,data_venda,valor_total) VALUES (675,33,25,'2025-03-18 02:43:39',0);
INSERT INTO vendas_itens (id_venda,id_material_base,id_material_catalogo,quantidade_kg,preco_por_kg) VALUES (675,2,6,100.29,1.28);
INSERT INTO vendas_itens (id_venda,id_material_base,id_material_catalogo,quantidade_kg,preco_por_kg) VALUES (675,2,4,121.88,1.63);
INSERT INTO avaliacoes_compradores (id_venda,pontualidade_pagamento,logistica_entrega,qualidade_negociacao,comentario_livre) VALUES (675,4,5,5,'');
INSERT INTO avaliacao_feedback_selecionado (id_avaliacao,id_feedback_tag) SELECT id_avaliacao,4 FROM avaliacoes_compradores WHERE id_venda=675;
INSERT INTO avaliacao_feedback_selecionado (id_avaliacao,id_feedback_tag) SELECT id_avaliacao,10 FROM avaliacoes_compradores WHERE id_venda=675;
INSERT INTO avaliacao_feedback_selecionado (id_avaliacao,id_feedback_tag) SELECT id_avaliacao,6 FROM avaliacoes_compradores WHERE id_venda=675;
INSERT INTO vendas (id_venda,id_cooperativa,id_comprador,data_venda,valor_total) VALUES (676,14,43,'2025-09-30 02:43:39',0);
INSERT INTO vendas_itens (id_venda,id_material_base,id_material_catalogo,quantidade_kg,preco_por_kg) VALUES (676,3,9,104.47,4.02);
INSERT INTO vendas (id_venda,id_cooperativa,id_comprador,data_venda,valor_total) VALUES (677,35,87,'2025-03-24 02:43:39',0);
INSERT INTO vendas_itens (id_venda,id_material_base,id_material_catalogo,quantidade_kg,preco_por_kg) VALUES (677,1,2,150.18,2.73);
INSERT INTO vendas_itens (id_venda,id_material_base,id_material_catalogo,quantidade_kg,preco_por_kg) VALUES (677,2,6,362.51,0.75);
INSERT INTO vendas_itens (id_venda,id_material_base,id_material_catalogo,quantidade_kg,preco_por_kg) VALUES (677,3,7,34.82,5.50);
INSERT INTO avaliacoes_compradores (id_venda,pontualidade_pagamento,logistica_entrega,qualidade_negociacao,comentario_livre) VALUES (677,2,5,5,'');
INSERT INTO avaliacao_feedback_selecionado (id_avaliacao,id_feedback_tag) SELECT id_avaliacao,6 FROM avaliacoes_compradores WHERE id_venda=677;
INSERT INTO avaliacao_feedback_selecionado (id_avaliacao,id_feedback_tag) SELECT id_avaliacao,5 FROM avaliacoes_compradores WHERE id_venda=677;
INSERT INTO avaliacao_feedback_selecionado (id_avaliacao,id_feedback_tag) SELECT id_avaliacao,11 FROM avaliacoes_compradores WHERE id_venda=677;
INSERT INTO vendas (id_venda,id_cooperativa,id_comprador,data_venda,valor_total) VALUES (678,41,15,'2025-09-26 02:43:39',0);
INSERT INTO vendas_itens (id_venda,id_material_base,id_material_catalogo,quantidade_kg,preco_por_kg) VALUES (678,2,5,93.18,1.27);
INSERT INTO avaliacoes_compradores (id_venda,pontualidade_pagamento,logistica_entrega,qualidade_negociacao,comentario_livre) VALUES (678,4,3,4,'');
INSERT INTO vendas (id_venda,id_cooperativa,id_comprador,data_venda,valor_total) VALUES (679,2,41,'2025-07-12 02:43:39',0);
INSERT INTO vendas_itens (id_venda,id_material_base,id_material_catalogo,quantidade_kg,preco_por_kg) VALUES (679,1,3,505.46,3.52);
INSERT INTO vendas_itens (id_venda,id_material_base,id_material_catalogo,quantidade_kg,preco_por_kg) VALUES (679,2,4,73.14,0.95);
INSERT INTO vendas_itens (id_venda,id_material_base,id_material_catalogo,quantidade_kg,preco_por_kg) VALUES (679,2,5,141.61,1.46);
INSERT INTO vendas (id_venda,id_cooperativa,id_comprador,data_venda,valor_total) VALUES (680,35,45,'2025-03-27 02:43:39',0);
INSERT INTO vendas_itens (id_venda,id_material_base,id_material_catalogo,quantidade_kg,preco_por_kg) VALUES (680,1,1,365.58,1.55);
INSERT INTO avaliacoes_compradores (id_venda,pontualidade_pagamento,logistica_entrega,qualidade_negociacao,comentario_livre) VALUES (680,5,2,1,'');
INSERT INTO vendas (id_venda,id_cooperativa,id_comprador,data_venda,valor_total) VALUES (681,32,74,'2025-04-01 02:43:39',0);
INSERT INTO vendas_itens (id_venda,id_material_base,id_material_catalogo,quantidade_kg,preco_por_kg) VALUES (681,3,8,103.38,4.79);
INSERT INTO vendas (id_venda,id_cooperativa,id_comprador,data_venda,valor_total) VALUES (682,50,72,'2025-04-24 02:43:39',0);
INSERT INTO vendas_itens (id_venda,id_material_base,id_material_catalogo,quantidade_kg,preco_por_kg) VALUES (682,1,1,55.80,2.59);
INSERT INTO vendas_itens (id_venda,id_material_base,id_material_catalogo,quantidade_kg,preco_por_kg) VALUES (682,2,5,225.65,0.83);
INSERT INTO avaliacoes_compradores (id_venda,pontualidade_pagamento,logistica_entrega,qualidade_negociacao,comentario_livre) VALUES (682,3,2,1,'');
INSERT INTO avaliacao_feedback_selecionado (id_avaliacao,id_feedback_tag) SELECT id_avaliacao,13 FROM avaliacoes_compradores WHERE id_venda=682;
INSERT INTO avaliacao_feedback_selecionado (id_avaliacao,id_feedback_tag) SELECT id_avaliacao,21 FROM avaliacoes_compradores WHERE id_venda=682;
INSERT INTO vendas (id_venda,id_cooperativa,id_comprador,data_venda,valor_total) VALUES (683,30,100,'2025-10-24 02:43:39',0);
INSERT INTO vendas_itens (id_venda,id_material_base,id_material_catalogo,quantidade_kg,preco_por_kg) VALUES (683,2,6,475.64,1.67);
INSERT INTO vendas_itens (id_venda,id_material_base,id_material_catalogo,quantidade_kg,preco_por_kg) VALUES (683,2,6,505.75,1.27);
INSERT INTO avaliacoes_compradores (id_venda,pontualidade_pagamento,logistica_entrega,qualidade_negociacao,comentario_livre) VALUES (683,1,3,4,'');
INSERT INTO vendas (id_venda,id_cooperativa,id_comprador,data_venda,valor_total) VALUES (684,33,62,'2025-03-09 02:43:39',0);
INSERT INTO vendas_itens (id_venda,id_material_base,id_material_catalogo,quantidade_kg,preco_por_kg) VALUES (684,1,1,338.06,3.08);
INSERT INTO vendas_itens (id_venda,id_material_base,id_material_catalogo,quantidade_kg,preco_por_kg) VALUES (684,1,1,132.82,1.36);
INSERT INTO vendas_itens (id_venda,id_material_base,id_material_catalogo,quantidade_kg,preco_por_kg) VALUES (684,3,8,561.26,6.01);
INSERT INTO vendas (id_venda,id_cooperativa,id_comprador,data_venda,valor_total) VALUES (685,25,91,'2025-08-20 02:43:39',0);
INSERT INTO vendas_itens (id_venda,id_material_base,id_material_catalogo,quantidade_kg,preco_por_kg) VALUES (685,2,5,451.94,1.54);
INSERT INTO vendas (id_venda,id_cooperativa,id_comprador,data_venda,valor_total) VALUES (686,8,20,'2025-09-26 02:43:39',0);
INSERT INTO vendas_itens (id_venda,id_material_base,id_material_catalogo,quantidade_kg,preco_por_kg) VALUES (686,2,4,67.83,0.86);
INSERT INTO vendas_itens (id_venda,id_material_base,id_material_catalogo,quantidade_kg,preco_por_kg) VALUES (686,3,7,457.11,2.97);
INSERT INTO vendas_itens (id_venda,id_material_base,id_material_catalogo,quantidade_kg,preco_por_kg) VALUES (686,3,7,100.69,6.25);
INSERT INTO avaliacoes_compradores (id_venda,pontualidade_pagamento,logistica_entrega,qualidade_negociacao,comentario_livre) VALUES (686,3,4,5,'');
INSERT INTO avaliacao_feedback_selecionado (id_avaliacao,id_feedback_tag) SELECT id_avaliacao,11 FROM avaliacoes_compradores WHERE id_venda=686;
INSERT INTO avaliacao_feedback_selecionado (id_avaliacao,id_feedback_tag) SELECT id_avaliacao,8 FROM avaliacoes_compradores WHERE id_venda=686;
INSERT INTO avaliacao_feedback_selecionado (id_avaliacao,id_feedback_tag) SELECT id_avaliacao,6 FROM avaliacoes_compradores WHERE id_venda=686;
INSERT INTO vendas (id_venda,id_cooperativa,id_comprador,data_venda,valor_total) VALUES (687,11,83,'2025-03-16 02:43:39',0);
INSERT INTO vendas_itens (id_venda,id_material_base,id_material_catalogo,quantidade_kg,preco_por_kg) VALUES (687,3,8,473.52,6.88);
INSERT INTO vendas_itens (id_venda,id_material_base,id_material_catalogo,quantidade_kg,preco_por_kg) VALUES (687,3,8,109.79,3.15);
INSERT INTO avaliacoes_compradores (id_venda,pontualidade_pagamento,logistica_entrega,qualidade_negociacao,comentario_livre) VALUES (687,2,5,3,'');
INSERT INTO vendas (id_venda,id_cooperativa,id_comprador,data_venda,valor_total) VALUES (688,22,74,'2025-02-16 02:43:39',0);
INSERT INTO vendas_itens (id_venda,id_material_base,id_material_catalogo,quantidade_kg,preco_por_kg) VALUES (688,3,7,332.20,6.79);
INSERT INTO avaliacoes_compradores (id_venda,pontualidade_pagamento,logistica_entrega,qualidade_negociacao,comentario_livre) VALUES (688,3,3,2,'');
INSERT INTO vendas (id_venda,id_cooperativa,id_comprador,data_venda,valor_total) VALUES (689,22,47,'2025-09-11 02:43:39',0);
INSERT INTO vendas_itens (id_venda,id_material_base,id_material_catalogo,quantidade_kg,preco_por_kg) VALUES (689,1,2,109.18,1.73);
INSERT INTO vendas_itens (id_venda,id_material_base,id_material_catalogo,quantidade_kg,preco_por_kg) VALUES (689,3,8,363.75,7.11);
INSERT INTO vendas_itens (id_venda,id_material_base,id_material_catalogo,quantidade_kg,preco_por_kg) VALUES (689,1,3,240.23,2.53);
INSERT INTO avaliacoes_compradores (id_venda,pontualidade_pagamento,logistica_entrega,qualidade_negociacao,comentario_livre) VALUES (689,1,3,5,'');
INSERT INTO vendas (id_venda,id_cooperativa,id_comprador,data_venda,valor_total) VALUES (690,41,30,'2025-04-22 02:43:39',0);
INSERT INTO vendas_itens (id_venda,id_material_base,id_material_catalogo,quantidade_kg,preco_por_kg) VALUES (690,3,8,263.64,5.53);
INSERT INTO vendas_itens (id_venda,id_material_base,id_material_catalogo,quantidade_kg,preco_por_kg) VALUES (690,1,2,95.89,2.12);
INSERT INTO vendas (id_venda,id_cooperativa,id_comprador,data_venda,valor_total) VALUES (691,27,54,'2025-05-19 02:43:39',0);
INSERT INTO vendas_itens (id_venda,id_material_base,id_material_catalogo,quantidade_kg,preco_por_kg) VALUES (691,2,4,518.64,1.66);
INSERT INTO vendas_itens (id_venda,id_material_base,id_material_catalogo,quantidade_kg,preco_por_kg) VALUES (691,3,7,238.07,5.73);
INSERT INTO vendas_itens (id_venda,id_material_base,id_material_catalogo,quantidade_kg,preco_por_kg) VALUES (691,3,9,363.39,6.94);
INSERT INTO avaliacoes_compradores (id_venda,pontualidade_pagamento,logistica_entrega,qualidade_negociacao,comentario_livre) VALUES (691,3,3,5,'');
INSERT INTO vendas (id_venda,id_cooperativa,id_comprador,data_venda,valor_total) VALUES (692,31,87,'2025-06-01 02:43:39',0);
INSERT INTO vendas_itens (id_venda,id_material_base,id_material_catalogo,quantidade_kg,preco_por_kg) VALUES (692,3,8,477.22,4.96);
INSERT INTO vendas_itens (id_venda,id_material_base,id_material_catalogo,quantidade_kg,preco_por_kg) VALUES (692,3,7,504.25,3.49);
INSERT INTO vendas_itens (id_venda,id_material_base,id_material_catalogo,quantidade_kg,preco_por_kg) VALUES (692,1,2,104.50,3.21);
INSERT INTO avaliacoes_compradores (id_venda,pontualidade_pagamento,logistica_entrega,qualidade_negociacao,comentario_livre) VALUES (692,4,5,1,'');
INSERT INTO vendas (id_venda,id_cooperativa,id_comprador,data_venda,valor_total) VALUES (693,20,57,'2025-08-03 02:43:39',0);
INSERT INTO vendas_itens (id_venda,id_material_base,id_material_catalogo,quantidade_kg,preco_por_kg) VALUES (693,3,7,599.85,4.96);
INSERT INTO vendas_itens (id_venda,id_material_base,id_material_catalogo,quantidade_kg,preco_por_kg) VALUES (693,1,1,432.91,3.24);
INSERT INTO avaliacoes_compradores (id_venda,pontualidade_pagamento,logistica_entrega,qualidade_negociacao,comentario_livre) VALUES (693,4,4,4,'');
INSERT INTO avaliacao_feedback_selecionado (id_avaliacao,id_feedback_tag) SELECT id_avaliacao,11 FROM avaliacoes_compradores WHERE id_venda=693;
INSERT INTO vendas (id_venda,id_cooperativa,id_comprador,data_venda,valor_total) VALUES (694,35,1,'2025-05-17 02:43:39',0);
INSERT INTO vendas_itens (id_venda,id_material_base,id_material_catalogo,quantidade_kg,preco_por_kg) VALUES (694,3,7,100.77,5.91);
INSERT INTO vendas_itens (id_venda,id_material_base,id_material_catalogo,quantidade_kg,preco_por_kg) VALUES (694,3,9,224.70,3.88);
INSERT INTO vendas_itens (id_venda,id_material_base,id_material_catalogo,quantidade_kg,preco_por_kg) VALUES (694,1,2,337.11,3.77);
INSERT INTO avaliacoes_compradores (id_venda,pontualidade_pagamento,logistica_entrega,qualidade_negociacao,comentario_livre) VALUES (694,5,3,5,'');
INSERT INTO avaliacao_feedback_selecionado (id_avaliacao,id_feedback_tag) SELECT id_avaliacao,5 FROM avaliacoes_compradores WHERE id_venda=694;
INSERT INTO vendas (id_venda,id_cooperativa,id_comprador,data_venda,valor_total) VALUES (695,20,93,'2025-02-25 02:43:39',0);
INSERT INTO vendas_itens (id_venda,id_material_base,id_material_catalogo,quantidade_kg,preco_por_kg) VALUES (695,1,3,383.06,2.95);
INSERT INTO vendas_itens (id_venda,id_material_base,id_material_catalogo,quantidade_kg,preco_por_kg) VALUES (695,2,5,498.72,1.09);
INSERT INTO vendas_itens (id_venda,id_material_base,id_material_catalogo,quantidade_kg,preco_por_kg) VALUES (695,1,2,434.71,1.96);
INSERT INTO avaliacoes_compradores (id_venda,pontualidade_pagamento,logistica_entrega,qualidade_negociacao,comentario_livre) VALUES (695,1,2,4,'');
INSERT INTO vendas (id_venda,id_cooperativa,id_comprador,data_venda,valor_total) VALUES (696,19,6,'2024-12-03 02:43:39',0);
INSERT INTO vendas_itens (id_venda,id_material_base,id_material_catalogo,quantidade_kg,preco_por_kg) VALUES (696,1,3,360.07,3.26);
INSERT INTO avaliacoes_compradores (id_venda,pontualidade_pagamento,logistica_entrega,qualidade_negociacao,comentario_livre) VALUES (696,5,2,1,'');
INSERT INTO vendas (id_venda,id_cooperativa,id_comprador,data_venda,valor_total) VALUES (697,17,83,'2025-09-12 02:43:39',0);
INSERT INTO vendas_itens (id_venda,id_material_base,id_material_catalogo,quantidade_kg,preco_por_kg) VALUES (697,1,1,208.52,2.57);
INSERT INTO vendas_itens (id_venda,id_material_base,id_material_catalogo,quantidade_kg,preco_por_kg) VALUES (697,1,3,297.02,2.05);
INSERT INTO avaliacoes_compradores (id_venda,pontualidade_pagamento,logistica_entrega,qualidade_negociacao,comentario_livre) VALUES (697,2,4,4,'');
INSERT INTO vendas (id_venda,id_cooperativa,id_comprador,data_venda,valor_total) VALUES (698,45,58,'2025-05-16 02:43:39',0);
INSERT INTO vendas_itens (id_venda,id_material_base,id_material_catalogo,quantidade_kg,preco_por_kg) VALUES (698,1,3,197.88,1.48);
INSERT INTO vendas_itens (id_venda,id_material_base,id_material_catalogo,quantidade_kg,preco_por_kg) VALUES (698,2,5,75.05,0.99);
INSERT INTO avaliacoes_compradores (id_venda,pontualidade_pagamento,logistica_entrega,qualidade_negociacao,comentario_livre) VALUES (698,5,4,1,'');
INSERT INTO vendas (id_venda,id_cooperativa,id_comprador,data_venda,valor_total) VALUES (699,7,83,'2025-07-11 02:43:39',0);
INSERT INTO vendas_itens (id_venda,id_material_base,id_material_catalogo,quantidade_kg,preco_por_kg) VALUES (699,3,7,424.76,6.49);
INSERT INTO vendas_itens (id_venda,id_material_base,id_material_catalogo,quantidade_kg,preco_por_kg) VALUES (699,3,7,128.08,4.67);
INSERT INTO vendas_itens (id_venda,id_material_base,id_material_catalogo,quantidade_kg,preco_por_kg) VALUES (699,3,7,452.06,4.89);
INSERT INTO vendas (id_venda,id_cooperativa,id_comprador,data_venda,valor_total) VALUES (700,17,100,'2025-07-25 02:43:39',0);
INSERT INTO vendas_itens (id_venda,id_material_base,id_material_catalogo,quantidade_kg,preco_por_kg) VALUES (700,1,3,450.79,2.99);
INSERT INTO vendas_itens (id_venda,id_material_base,id_material_catalogo,quantidade_kg,preco_por_kg) VALUES (700,1,1,44.71,3.75);
INSERT INTO vendas_itens (id_venda,id_material_base,id_material_catalogo,quantidade_kg,preco_por_kg) VALUES (700,3,9,587.89,3.39);
INSERT INTO avaliacoes_compradores (id_venda,pontualidade_pagamento,logistica_entrega,qualidade_negociacao,comentario_livre) VALUES (700,4,1,4,'');
INSERT INTO vendas (id_venda,id_cooperativa,id_comprador,data_venda,valor_total) VALUES (701,48,19,'2024-12-05 02:43:39',0);
INSERT INTO vendas_itens (id_venda,id_material_base,id_material_catalogo,quantidade_kg,preco_por_kg) VALUES (701,2,5,70.32,0.56);
INSERT INTO vendas_itens (id_venda,id_material_base,id_material_catalogo,quantidade_kg,preco_por_kg) VALUES (701,3,8,202.15,6.94);
INSERT INTO avaliacoes_compradores (id_venda,pontualidade_pagamento,logistica_entrega,qualidade_negociacao,comentario_livre) VALUES (701,4,2,5,'');
INSERT INTO vendas (id_venda,id_cooperativa,id_comprador,data_venda,valor_total) VALUES (702,11,58,'2025-08-22 02:43:39',0);
INSERT INTO vendas_itens (id_venda,id_material_base,id_material_catalogo,quantidade_kg,preco_por_kg) VALUES (702,2,5,521.67,1.40);
INSERT INTO vendas_itens (id_venda,id_material_base,id_material_catalogo,quantidade_kg,preco_por_kg) VALUES (702,3,7,143.23,7.85);
INSERT INTO vendas (id_venda,id_cooperativa,id_comprador,data_venda,valor_total) VALUES (703,32,80,'2025-11-05 02:43:39',0);
INSERT INTO vendas_itens (id_venda,id_material_base,id_material_catalogo,quantidade_kg,preco_por_kg) VALUES (703,3,8,273.09,6.45);
INSERT INTO vendas_itens (id_venda,id_material_base,id_material_catalogo,quantidade_kg,preco_por_kg) VALUES (703,2,6,482.80,0.88);
INSERT INTO avaliacoes_compradores (id_venda,pontualidade_pagamento,logistica_entrega,qualidade_negociacao,comentario_livre) VALUES (703,3,2,5,'');
INSERT INTO vendas (id_venda,id_cooperativa,id_comprador,data_venda,valor_total) VALUES (704,6,87,'2025-07-30 02:43:39',0);
INSERT INTO vendas_itens (id_venda,id_material_base,id_material_catalogo,quantidade_kg,preco_por_kg) VALUES (704,3,9,597.16,5.43);
INSERT INTO vendas_itens (id_venda,id_material_base,id_material_catalogo,quantidade_kg,preco_por_kg) VALUES (704,3,9,36.18,2.76);
INSERT INTO vendas (id_venda,id_cooperativa,id_comprador,data_venda,valor_total) VALUES (705,48,65,'2025-09-01 02:43:39',0);
INSERT INTO vendas_itens (id_venda,id_material_base,id_material_catalogo,quantidade_kg,preco_por_kg) VALUES (705,3,9,499.44,6.92);
INSERT INTO vendas (id_venda,id_cooperativa,id_comprador,data_venda,valor_total) VALUES (706,27,55,'2025-07-04 02:43:39',0);
INSERT INTO vendas_itens (id_venda,id_material_base,id_material_catalogo,quantidade_kg,preco_por_kg) VALUES (706,3,7,355.33,3.77);
INSERT INTO vendas_itens (id_venda,id_material_base,id_material_catalogo,quantidade_kg,preco_por_kg) VALUES (706,2,5,556.67,1.71);
INSERT INTO vendas (id_venda,id_cooperativa,id_comprador,data_venda,valor_total) VALUES (707,27,47,'2024-12-16 02:43:39',0);
INSERT INTO vendas_itens (id_venda,id_material_base,id_material_catalogo,quantidade_kg,preco_por_kg) VALUES (707,3,7,297.54,7.21);
INSERT INTO vendas_itens (id_venda,id_material_base,id_material_catalogo,quantidade_kg,preco_por_kg) VALUES (707,3,9,550.21,4.11);
INSERT INTO avaliacoes_compradores (id_venda,pontualidade_pagamento,logistica_entrega,qualidade_negociacao,comentario_livre) VALUES (707,4,4,5,'');
INSERT INTO avaliacao_feedback_selecionado (id_avaliacao,id_feedback_tag) SELECT id_avaliacao,2 FROM avaliacoes_compradores WHERE id_venda=707;
INSERT INTO avaliacao_feedback_selecionado (id_avaliacao,id_feedback_tag) SELECT id_avaliacao,9 FROM avaliacoes_compradores WHERE id_venda=707;
INSERT INTO vendas (id_venda,id_cooperativa,id_comprador,data_venda,valor_total) VALUES (708,21,29,'2024-11-24 02:43:39',0);
INSERT INTO vendas_itens (id_venda,id_material_base,id_material_catalogo,quantidade_kg,preco_por_kg) VALUES (708,3,9,121.94,6.52);
INSERT INTO vendas_itens (id_venda,id_material_base,id_material_catalogo,quantidade_kg,preco_por_kg) VALUES (708,1,3,143.92,1.78);
INSERT INTO vendas_itens (id_venda,id_material_base,id_material_catalogo,quantidade_kg,preco_por_kg) VALUES (708,3,9,258.86,4.34);
INSERT INTO avaliacoes_compradores (id_venda,pontualidade_pagamento,logistica_entrega,qualidade_negociacao,comentario_livre) VALUES (708,2,1,4,'');
INSERT INTO vendas (id_venda,id_cooperativa,id_comprador,data_venda,valor_total) VALUES (709,26,44,'2025-04-13 02:43:39',0);
INSERT INTO vendas_itens (id_venda,id_material_base,id_material_catalogo,quantidade_kg,preco_por_kg) VALUES (709,1,2,500.34,2.21);
INSERT INTO avaliacoes_compradores (id_venda,pontualidade_pagamento,logistica_entrega,qualidade_negociacao,comentario_livre) VALUES (709,2,3,1,'');
INSERT INTO avaliacao_feedback_selecionado (id_avaliacao,id_feedback_tag) SELECT id_avaliacao,22 FROM avaliacoes_compradores WHERE id_venda=709;
INSERT INTO vendas (id_venda,id_cooperativa,id_comprador,data_venda,valor_total) VALUES (710,13,62,'2025-01-08 02:43:39',0);
INSERT INTO vendas_itens (id_venda,id_material_base,id_material_catalogo,quantidade_kg,preco_por_kg) VALUES (710,3,7,482.61,6.08);
INSERT INTO vendas (id_venda,id_cooperativa,id_comprador,data_venda,valor_total) VALUES (711,27,28,'2025-10-23 02:43:39',0);
INSERT INTO vendas_itens (id_venda,id_material_base,id_material_catalogo,quantidade_kg,preco_por_kg) VALUES (711,2,6,458.08,0.64);
INSERT INTO avaliacoes_compradores (id_venda,pontualidade_pagamento,logistica_entrega,qualidade_negociacao,comentario_livre) VALUES (711,3,5,1,'');
INSERT INTO vendas (id_venda,id_cooperativa,id_comprador,data_venda,valor_total) VALUES (712,11,76,'2025-11-05 02:43:39',0);
INSERT INTO vendas_itens (id_venda,id_material_base,id_material_catalogo,quantidade_kg,preco_por_kg) VALUES (712,1,3,356.12,3.73);
INSERT INTO avaliacoes_compradores (id_venda,pontualidade_pagamento,logistica_entrega,qualidade_negociacao,comentario_livre) VALUES (712,4,3,2,'');
INSERT INTO vendas (id_venda,id_cooperativa,id_comprador,data_venda,valor_total) VALUES (713,23,45,'2025-09-05 02:43:39',0);
INSERT INTO vendas_itens (id_venda,id_material_base,id_material_catalogo,quantidade_kg,preco_por_kg) VALUES (713,2,5,398.82,1.77);
INSERT INTO avaliacoes_compradores (id_venda,pontualidade_pagamento,logistica_entrega,qualidade_negociacao,comentario_livre) VALUES (713,5,2,1,'');
INSERT INTO vendas (id_venda,id_cooperativa,id_comprador,data_venda,valor_total) VALUES (714,20,75,'2024-11-21 02:43:39',0);
INSERT INTO vendas_itens (id_venda,id_material_base,id_material_catalogo,quantidade_kg,preco_por_kg) VALUES (714,1,3,246.19,2.84);
INSERT INTO vendas (id_venda,id_cooperativa,id_comprador,data_venda,valor_total) VALUES (715,18,67,'2025-02-19 02:43:39',0);
INSERT INTO vendas_itens (id_venda,id_material_base,id_material_catalogo,quantidade_kg,preco_por_kg) VALUES (715,3,9,447.74,7.33);
INSERT INTO vendas_itens (id_venda,id_material_base,id_material_catalogo,quantidade_kg,preco_por_kg) VALUES (715,1,1,248.38,2.48);
INSERT INTO vendas_itens (id_venda,id_material_base,id_material_catalogo,quantidade_kg,preco_por_kg) VALUES (715,1,3,535.10,1.26);
INSERT INTO vendas (id_venda,id_cooperativa,id_comprador,data_venda,valor_total) VALUES (716,37,94,'2025-01-19 02:43:39',0);
INSERT INTO vendas_itens (id_venda,id_material_base,id_material_catalogo,quantidade_kg,preco_por_kg) VALUES (716,2,6,389.65,1.76);
INSERT INTO vendas_itens (id_venda,id_material_base,id_material_catalogo,quantidade_kg,preco_por_kg) VALUES (716,3,9,333.11,6.05);
INSERT INTO vendas_itens (id_venda,id_material_base,id_material_catalogo,quantidade_kg,preco_por_kg) VALUES (716,1,1,34.38,2.22);
INSERT INTO vendas (id_venda,id_cooperativa,id_comprador,data_venda,valor_total) VALUES (717,10,9,'2025-01-31 02:43:39',0);
INSERT INTO vendas_itens (id_venda,id_material_base,id_material_catalogo,quantidade_kg,preco_por_kg) VALUES (717,3,9,305.68,3.08);
INSERT INTO vendas_itens (id_venda,id_material_base,id_material_catalogo,quantidade_kg,preco_por_kg) VALUES (717,2,6,498.72,1.67);
INSERT INTO vendas_itens (id_venda,id_material_base,id_material_catalogo,quantidade_kg,preco_por_kg) VALUES (717,2,6,219.89,1.74);
INSERT INTO avaliacoes_compradores (id_venda,pontualidade_pagamento,logistica_entrega,qualidade_negociacao,comentario_livre) VALUES (717,4,4,1,'');
INSERT INTO vendas (id_venda,id_cooperativa,id_comprador,data_venda,valor_total) VALUES (718,15,23,'2025-03-30 02:43:39',0);
INSERT INTO vendas_itens (id_venda,id_material_base,id_material_catalogo,quantidade_kg,preco_por_kg) VALUES (718,1,3,546.35,3.40);
INSERT INTO vendas_itens (id_venda,id_material_base,id_material_catalogo,quantidade_kg,preco_por_kg) VALUES (718,1,3,89.80,3.50);
INSERT INTO avaliacoes_compradores (id_venda,pontualidade_pagamento,logistica_entrega,qualidade_negociacao,comentario_livre) VALUES (718,2,5,5,'');
INSERT INTO avaliacao_feedback_selecionado (id_avaliacao,id_feedback_tag) SELECT id_avaliacao,3 FROM avaliacoes_compradores WHERE id_venda=718;
INSERT INTO avaliacao_feedback_selecionado (id_avaliacao,id_feedback_tag) SELECT id_avaliacao,2 FROM avaliacoes_compradores WHERE id_venda=718;
INSERT INTO vendas (id_venda,id_cooperativa,id_comprador,data_venda,valor_total) VALUES (719,2,54,'2025-05-31 02:43:39',0);
INSERT INTO vendas_itens (id_venda,id_material_base,id_material_catalogo,quantidade_kg,preco_por_kg) VALUES (719,1,1,476.08,2.84);
INSERT INTO vendas_itens (id_venda,id_material_base,id_material_catalogo,quantidade_kg,preco_por_kg) VALUES (719,1,3,598.28,3.85);
INSERT INTO avaliacoes_compradores (id_venda,pontualidade_pagamento,logistica_entrega,qualidade_negociacao,comentario_livre) VALUES (719,3,4,5,'');
INSERT INTO avaliacao_feedback_selecionado (id_avaliacao,id_feedback_tag) SELECT id_avaliacao,5 FROM avaliacoes_compradores WHERE id_venda=719;
INSERT INTO avaliacao_feedback_selecionado (id_avaliacao,id_feedback_tag) SELECT id_avaliacao,11 FROM avaliacoes_compradores WHERE id_venda=719;
INSERT INTO vendas (id_venda,id_cooperativa,id_comprador,data_venda,valor_total) VALUES (720,9,80,'2025-09-29 02:43:39',0);
INSERT INTO vendas_itens (id_venda,id_material_base,id_material_catalogo,quantidade_kg,preco_por_kg) VALUES (720,2,6,290.66,0.68);
INSERT INTO vendas_itens (id_venda,id_material_base,id_material_catalogo,quantidade_kg,preco_por_kg) VALUES (720,1,1,498.06,2.26);
INSERT INTO vendas (id_venda,id_cooperativa,id_comprador,data_venda,valor_total) VALUES (721,3,7,'2025-06-19 02:43:39',0);
INSERT INTO vendas_itens (id_venda,id_material_base,id_material_catalogo,quantidade_kg,preco_por_kg) VALUES (721,1,3,341.90,3.38);
INSERT INTO avaliacoes_compradores (id_venda,pontualidade_pagamento,logistica_entrega,qualidade_negociacao,comentario_livre) VALUES (721,3,1,2,'');
INSERT INTO avaliacao_feedback_selecionado (id_avaliacao,id_feedback_tag) SELECT id_avaliacao,13 FROM avaliacoes_compradores WHERE id_venda=721;
INSERT INTO avaliacao_feedback_selecionado (id_avaliacao,id_feedback_tag) SELECT id_avaliacao,22 FROM avaliacoes_compradores WHERE id_venda=721;
INSERT INTO avaliacao_feedback_selecionado (id_avaliacao,id_feedback_tag) SELECT id_avaliacao,19 FROM avaliacoes_compradores WHERE id_venda=721;
INSERT INTO vendas (id_venda,id_cooperativa,id_comprador,data_venda,valor_total) VALUES (722,50,4,'2025-05-13 02:43:39',0);
INSERT INTO vendas_itens (id_venda,id_material_base,id_material_catalogo,quantidade_kg,preco_por_kg) VALUES (722,1,2,99.00,3.24);
INSERT INTO vendas_itens (id_venda,id_material_base,id_material_catalogo,quantidade_kg,preco_por_kg) VALUES (722,2,4,537.72,1.72);
INSERT INTO avaliacoes_compradores (id_venda,pontualidade_pagamento,logistica_entrega,qualidade_negociacao,comentario_livre) VALUES (722,4,2,1,'');
INSERT INTO vendas (id_venda,id_cooperativa,id_comprador,data_venda,valor_total) VALUES (723,1,95,'2025-07-04 02:43:39',0);
INSERT INTO vendas_itens (id_venda,id_material_base,id_material_catalogo,quantidade_kg,preco_por_kg) VALUES (723,2,6,35.32,1.06);
INSERT INTO vendas_itens (id_venda,id_material_base,id_material_catalogo,quantidade_kg,preco_por_kg) VALUES (723,3,8,510.17,6.72);
INSERT INTO vendas_itens (id_venda,id_material_base,id_material_catalogo,quantidade_kg,preco_por_kg) VALUES (723,3,9,102.09,3.84);
INSERT INTO avaliacoes_compradores (id_venda,pontualidade_pagamento,logistica_entrega,qualidade_negociacao,comentario_livre) VALUES (723,4,5,2,'');
INSERT INTO vendas (id_venda,id_cooperativa,id_comprador,data_venda,valor_total) VALUES (724,25,3,'2025-06-23 02:43:39',0);
INSERT INTO vendas_itens (id_venda,id_material_base,id_material_catalogo,quantidade_kg,preco_por_kg) VALUES (724,1,1,140.56,3.32);
INSERT INTO avaliacoes_compradores (id_venda,pontualidade_pagamento,logistica_entrega,qualidade_negociacao,comentario_livre) VALUES (724,3,4,3,'');
INSERT INTO vendas (id_venda,id_cooperativa,id_comprador,data_venda,valor_total) VALUES (725,38,47,'2025-10-29 02:43:39',0);
INSERT INTO vendas_itens (id_venda,id_material_base,id_material_catalogo,quantidade_kg,preco_por_kg) VALUES (725,1,3,495.48,2.67);
INSERT INTO vendas_itens (id_venda,id_material_base,id_material_catalogo,quantidade_kg,preco_por_kg) VALUES (725,1,2,86.45,3.39);
INSERT INTO vendas (id_venda,id_cooperativa,id_comprador,data_venda,valor_total) VALUES (726,19,77,'2025-06-07 02:43:39',0);
INSERT INTO vendas_itens (id_venda,id_material_base,id_material_catalogo,quantidade_kg,preco_por_kg) VALUES (726,1,1,38.70,2.47);
INSERT INTO vendas_itens (id_venda,id_material_base,id_material_catalogo,quantidade_kg,preco_por_kg) VALUES (726,1,1,402.92,1.81);
INSERT INTO vendas_itens (id_venda,id_material_base,id_material_catalogo,quantidade_kg,preco_por_kg) VALUES (726,2,6,331.10,1.47);
INSERT INTO avaliacoes_compradores (id_venda,pontualidade_pagamento,logistica_entrega,qualidade_negociacao,comentario_livre) VALUES (726,2,2,3,'');
INSERT INTO vendas (id_venda,id_cooperativa,id_comprador,data_venda,valor_total) VALUES (727,2,1,'2025-01-01 02:43:39',0);
INSERT INTO vendas_itens (id_venda,id_material_base,id_material_catalogo,quantidade_kg,preco_por_kg) VALUES (727,2,6,185.10,1.15);
INSERT INTO vendas_itens (id_venda,id_material_base,id_material_catalogo,quantidade_kg,preco_por_kg) VALUES (727,2,6,439.39,1.23);
INSERT INTO vendas_itens (id_venda,id_material_base,id_material_catalogo,quantidade_kg,preco_por_kg) VALUES (727,3,7,70.21,7.09);
INSERT INTO avaliacoes_compradores (id_venda,pontualidade_pagamento,logistica_entrega,qualidade_negociacao,comentario_livre) VALUES (727,2,2,2,'');
INSERT INTO avaliacao_feedback_selecionado (id_avaliacao,id_feedback_tag) SELECT id_avaliacao,12 FROM avaliacoes_compradores WHERE id_venda=727;
INSERT INTO avaliacao_feedback_selecionado (id_avaliacao,id_feedback_tag) SELECT id_avaliacao,19 FROM avaliacoes_compradores WHERE id_venda=727;
INSERT INTO avaliacao_feedback_selecionado (id_avaliacao,id_feedback_tag) SELECT id_avaliacao,17 FROM avaliacoes_compradores WHERE id_venda=727;
INSERT INTO vendas (id_venda,id_cooperativa,id_comprador,data_venda,valor_total) VALUES (728,40,12,'2025-07-12 02:43:39',0);
INSERT INTO vendas_itens (id_venda,id_material_base,id_material_catalogo,quantidade_kg,preco_por_kg) VALUES (728,1,3,405.92,3.14);
INSERT INTO vendas_itens (id_venda,id_material_base,id_material_catalogo,quantidade_kg,preco_por_kg) VALUES (728,1,3,265.63,2.80);
INSERT INTO vendas (id_venda,id_cooperativa,id_comprador,data_venda,valor_total) VALUES (729,10,22,'2024-11-25 02:43:39',0);
INSERT INTO vendas_itens (id_venda,id_material_base,id_material_catalogo,quantidade_kg,preco_por_kg) VALUES (729,1,2,560.57,3.40);
INSERT INTO vendas (id_venda,id_cooperativa,id_comprador,data_venda,valor_total) VALUES (730,24,40,'2025-08-19 02:43:39',0);
INSERT INTO vendas_itens (id_venda,id_material_base,id_material_catalogo,quantidade_kg,preco_por_kg) VALUES (730,3,8,85.40,6.28);
INSERT INTO avaliacoes_compradores (id_venda,pontualidade_pagamento,logistica_entrega,qualidade_negociacao,comentario_livre) VALUES (730,4,4,3,'');
INSERT INTO vendas (id_venda,id_cooperativa,id_comprador,data_venda,valor_total) VALUES (731,46,30,'2025-06-07 02:43:39',0);
INSERT INTO vendas_itens (id_venda,id_material_base,id_material_catalogo,quantidade_kg,preco_por_kg) VALUES (731,2,4,190.37,1.61);
INSERT INTO avaliacoes_compradores (id_venda,pontualidade_pagamento,logistica_entrega,qualidade_negociacao,comentario_livre) VALUES (731,5,4,5,'');
INSERT INTO avaliacao_feedback_selecionado (id_avaliacao,id_feedback_tag) SELECT id_avaliacao,11 FROM avaliacoes_compradores WHERE id_venda=731;
INSERT INTO avaliacao_feedback_selecionado (id_avaliacao,id_feedback_tag) SELECT id_avaliacao,2 FROM avaliacoes_compradores WHERE id_venda=731;
INSERT INTO avaliacao_feedback_selecionado (id_avaliacao,id_feedback_tag) SELECT id_avaliacao,5 FROM avaliacoes_compradores WHERE id_venda=731;
INSERT INTO vendas (id_venda,id_cooperativa,id_comprador,data_venda,valor_total) VALUES (732,47,2,'2025-09-15 02:43:39',0);
INSERT INTO vendas_itens (id_venda,id_material_base,id_material_catalogo,quantidade_kg,preco_por_kg) VALUES (732,3,9,226.92,4.82);
INSERT INTO vendas_itens (id_venda,id_material_base,id_material_catalogo,quantidade_kg,preco_por_kg) VALUES (732,2,5,489.77,0.93);
INSERT INTO vendas_itens (id_venda,id_material_base,id_material_catalogo,quantidade_kg,preco_por_kg) VALUES (732,3,8,125.88,3.09);
INSERT INTO avaliacoes_compradores (id_venda,pontualidade_pagamento,logistica_entrega,qualidade_negociacao,comentario_livre) VALUES (732,5,1,4,'');
INSERT INTO vendas (id_venda,id_cooperativa,id_comprador,data_venda,valor_total) VALUES (733,32,90,'2025-01-20 02:43:39',0);
INSERT INTO vendas_itens (id_venda,id_material_base,id_material_catalogo,quantidade_kg,preco_por_kg) VALUES (733,3,9,156.55,4.64);
INSERT INTO vendas_itens (id_venda,id_material_base,id_material_catalogo,quantidade_kg,preco_por_kg) VALUES (733,1,3,362.56,1.87);
INSERT INTO vendas_itens (id_venda,id_material_base,id_material_catalogo,quantidade_kg,preco_por_kg) VALUES (733,3,8,197.22,5.21);
INSERT INTO vendas (id_venda,id_cooperativa,id_comprador,data_venda,valor_total) VALUES (734,17,91,'2025-04-17 02:43:39',0);
INSERT INTO vendas_itens (id_venda,id_material_base,id_material_catalogo,quantidade_kg,preco_por_kg) VALUES (734,2,4,572.12,1.34);
INSERT INTO vendas_itens (id_venda,id_material_base,id_material_catalogo,quantidade_kg,preco_por_kg) VALUES (734,1,3,521.93,3.33);
INSERT INTO avaliacoes_compradores (id_venda,pontualidade_pagamento,logistica_entrega,qualidade_negociacao,comentario_livre) VALUES (734,5,3,4,'');
INSERT INTO avaliacao_feedback_selecionado (id_avaliacao,id_feedback_tag) SELECT id_avaliacao,9 FROM avaliacoes_compradores WHERE id_venda=734;
INSERT INTO avaliacao_feedback_selecionado (id_avaliacao,id_feedback_tag) SELECT id_avaliacao,5 FROM avaliacoes_compradores WHERE id_venda=734;
INSERT INTO vendas (id_venda,id_cooperativa,id_comprador,data_venda,valor_total) VALUES (735,43,35,'2025-05-27 02:43:39',0);
INSERT INTO vendas_itens (id_venda,id_material_base,id_material_catalogo,quantidade_kg,preco_por_kg) VALUES (735,3,7,501.25,4.73);
INSERT INTO vendas_itens (id_venda,id_material_base,id_material_catalogo,quantidade_kg,preco_por_kg) VALUES (735,3,9,74.43,4.60);
INSERT INTO avaliacoes_compradores (id_venda,pontualidade_pagamento,logistica_entrega,qualidade_negociacao,comentario_livre) VALUES (735,4,4,3,'');
INSERT INTO vendas (id_venda,id_cooperativa,id_comprador,data_venda,valor_total) VALUES (736,36,82,'2025-09-02 02:43:39',0);
INSERT INTO vendas_itens (id_venda,id_material_base,id_material_catalogo,quantidade_kg,preco_por_kg) VALUES (736,2,6,422.29,1.40);
INSERT INTO vendas (id_venda,id_cooperativa,id_comprador,data_venda,valor_total) VALUES (737,25,100,'2025-07-26 02:43:39',0);
INSERT INTO vendas_itens (id_venda,id_material_base,id_material_catalogo,quantidade_kg,preco_por_kg) VALUES (737,1,3,573.20,1.52);
INSERT INTO vendas_itens (id_venda,id_material_base,id_material_catalogo,quantidade_kg,preco_por_kg) VALUES (737,2,6,127.47,1.08);
INSERT INTO avaliacoes_compradores (id_venda,pontualidade_pagamento,logistica_entrega,qualidade_negociacao,comentario_livre) VALUES (737,4,1,5,'');
INSERT INTO vendas (id_venda,id_cooperativa,id_comprador,data_venda,valor_total) VALUES (738,10,68,'2024-12-03 02:43:39',0);
INSERT INTO vendas_itens (id_venda,id_material_base,id_material_catalogo,quantidade_kg,preco_por_kg) VALUES (738,1,2,464.05,1.87);
INSERT INTO vendas (id_venda,id_cooperativa,id_comprador,data_venda,valor_total) VALUES (739,5,36,'2025-04-15 02:43:39',0);
INSERT INTO vendas_itens (id_venda,id_material_base,id_material_catalogo,quantidade_kg,preco_por_kg) VALUES (739,2,6,312.34,1.31);
INSERT INTO vendas (id_venda,id_cooperativa,id_comprador,data_venda,valor_total) VALUES (740,2,40,'2025-08-07 02:43:39',0);
INSERT INTO vendas_itens (id_venda,id_material_base,id_material_catalogo,quantidade_kg,preco_por_kg) VALUES (740,1,3,325.98,2.02);
INSERT INTO vendas_itens (id_venda,id_material_base,id_material_catalogo,quantidade_kg,preco_por_kg) VALUES (740,2,4,241.67,1.28);
INSERT INTO vendas_itens (id_venda,id_material_base,id_material_catalogo,quantidade_kg,preco_por_kg) VALUES (740,3,7,143.23,5.01);
INSERT INTO avaliacoes_compradores (id_venda,pontualidade_pagamento,logistica_entrega,qualidade_negociacao,comentario_livre) VALUES (740,4,5,3,'');
INSERT INTO avaliacao_feedback_selecionado (id_avaliacao,id_feedback_tag) SELECT id_avaliacao,5 FROM avaliacoes_compradores WHERE id_venda=740;
INSERT INTO avaliacao_feedback_selecionado (id_avaliacao,id_feedback_tag) SELECT id_avaliacao,4 FROM avaliacoes_compradores WHERE id_venda=740;
INSERT INTO vendas (id_venda,id_cooperativa,id_comprador,data_venda,valor_total) VALUES (741,45,5,'2025-08-31 02:43:39',0);
INSERT INTO vendas_itens (id_venda,id_material_base,id_material_catalogo,quantidade_kg,preco_por_kg) VALUES (741,3,9,268.95,5.23);
INSERT INTO avaliacoes_compradores (id_venda,pontualidade_pagamento,logistica_entrega,qualidade_negociacao,comentario_livre) VALUES (741,2,3,1,'');
INSERT INTO avaliacao_feedback_selecionado (id_avaliacao,id_feedback_tag) SELECT id_avaliacao,22 FROM avaliacoes_compradores WHERE id_venda=741;
INSERT INTO vendas (id_venda,id_cooperativa,id_comprador,data_venda,valor_total) VALUES (742,11,88,'2025-03-24 02:43:39',0);
INSERT INTO vendas_itens (id_venda,id_material_base,id_material_catalogo,quantidade_kg,preco_por_kg) VALUES (742,2,5,543.03,0.54);
INSERT INTO vendas_itens (id_venda,id_material_base,id_material_catalogo,quantidade_kg,preco_por_kg) VALUES (742,2,5,170.68,1.30);
INSERT INTO vendas_itens (id_venda,id_material_base,id_material_catalogo,quantidade_kg,preco_por_kg) VALUES (742,1,3,299.67,2.46);
INSERT INTO avaliacoes_compradores (id_venda,pontualidade_pagamento,logistica_entrega,qualidade_negociacao,comentario_livre) VALUES (742,5,1,2,'');
INSERT INTO vendas (id_venda,id_cooperativa,id_comprador,data_venda,valor_total) VALUES (743,32,42,'2025-05-05 02:43:39',0);
INSERT INTO vendas_itens (id_venda,id_material_base,id_material_catalogo,quantidade_kg,preco_por_kg) VALUES (743,3,7,238.41,5.80);
INSERT INTO vendas_itens (id_venda,id_material_base,id_material_catalogo,quantidade_kg,preco_por_kg) VALUES (743,3,7,472.24,3.98);
INSERT INTO avaliacoes_compradores (id_venda,pontualidade_pagamento,logistica_entrega,qualidade_negociacao,comentario_livre) VALUES (743,5,1,1,'');
INSERT INTO vendas (id_venda,id_cooperativa,id_comprador,data_venda,valor_total) VALUES (744,36,59,'2025-03-09 02:43:39',0);
INSERT INTO vendas_itens (id_venda,id_material_base,id_material_catalogo,quantidade_kg,preco_por_kg) VALUES (744,2,6,598.45,0.79);
INSERT INTO vendas (id_venda,id_cooperativa,id_comprador,data_venda,valor_total) VALUES (745,25,83,'2025-06-24 02:43:39',0);
INSERT INTO vendas_itens (id_venda,id_material_base,id_material_catalogo,quantidade_kg,preco_por_kg) VALUES (745,2,5,502.07,0.58);
INSERT INTO vendas_itens (id_venda,id_material_base,id_material_catalogo,quantidade_kg,preco_por_kg) VALUES (745,3,8,471.33,5.99);
INSERT INTO vendas_itens (id_venda,id_material_base,id_material_catalogo,quantidade_kg,preco_por_kg) VALUES (745,3,7,159.86,2.99);
INSERT INTO vendas (id_venda,id_cooperativa,id_comprador,data_venda,valor_total) VALUES (746,26,18,'2025-04-16 02:43:39',0);
INSERT INTO vendas_itens (id_venda,id_material_base,id_material_catalogo,quantidade_kg,preco_por_kg) VALUES (746,3,7,344.18,3.16);
INSERT INTO vendas_itens (id_venda,id_material_base,id_material_catalogo,quantidade_kg,preco_por_kg) VALUES (746,1,3,538.33,3.19);
INSERT INTO vendas_itens (id_venda,id_material_base,id_material_catalogo,quantidade_kg,preco_por_kg) VALUES (746,2,5,500.96,1.62);
INSERT INTO avaliacoes_compradores (id_venda,pontualidade_pagamento,logistica_entrega,qualidade_negociacao,comentario_livre) VALUES (746,4,2,2,'');
INSERT INTO vendas (id_venda,id_cooperativa,id_comprador,data_venda,valor_total) VALUES (747,30,76,'2025-07-31 02:43:39',0);
INSERT INTO vendas_itens (id_venda,id_material_base,id_material_catalogo,quantidade_kg,preco_por_kg) VALUES (747,3,8,115.83,4.88);
INSERT INTO vendas (id_venda,id_cooperativa,id_comprador,data_venda,valor_total) VALUES (748,4,50,'2025-08-18 02:43:39',0);
INSERT INTO vendas_itens (id_venda,id_material_base,id_material_catalogo,quantidade_kg,preco_por_kg) VALUES (748,1,1,306.25,1.33);
INSERT INTO avaliacoes_compradores (id_venda,pontualidade_pagamento,logistica_entrega,qualidade_negociacao,comentario_livre) VALUES (748,4,4,4,'');
INSERT INTO avaliacao_feedback_selecionado (id_avaliacao,id_feedback_tag) SELECT id_avaliacao,3 FROM avaliacoes_compradores WHERE id_venda=748;
INSERT INTO avaliacao_feedback_selecionado (id_avaliacao,id_feedback_tag) SELECT id_avaliacao,2 FROM avaliacoes_compradores WHERE id_venda=748;
INSERT INTO avaliacao_feedback_selecionado (id_avaliacao,id_feedback_tag) SELECT id_avaliacao,11 FROM avaliacoes_compradores WHERE id_venda=748;
INSERT INTO vendas (id_venda,id_cooperativa,id_comprador,data_venda,valor_total) VALUES (749,29,5,'2025-02-21 02:43:39',0);
INSERT INTO vendas_itens (id_venda,id_material_base,id_material_catalogo,quantidade_kg,preco_por_kg) VALUES (749,1,1,420.33,1.43);
INSERT INTO vendas (id_venda,id_cooperativa,id_comprador,data_venda,valor_total) VALUES (750,32,12,'2025-09-04 02:43:39',0);
INSERT INTO vendas_itens (id_venda,id_material_base,id_material_catalogo,quantidade_kg,preco_por_kg) VALUES (750,1,1,434.11,2.96);
INSERT INTO avaliacoes_compradores (id_venda,pontualidade_pagamento,logistica_entrega,qualidade_negociacao,comentario_livre) VALUES (750,1,1,1,'');
INSERT INTO avaliacao_feedback_selecionado (id_avaliacao,id_feedback_tag) SELECT id_avaliacao,16 FROM avaliacoes_compradores WHERE id_venda=750;
INSERT INTO vendas (id_venda,id_cooperativa,id_comprador,data_venda,valor_total) VALUES (751,27,4,'2025-07-04 02:43:39',0);
INSERT INTO vendas_itens (id_venda,id_material_base,id_material_catalogo,quantidade_kg,preco_por_kg) VALUES (751,1,2,200.51,3.65);
INSERT INTO avaliacoes_compradores (id_venda,pontualidade_pagamento,logistica_entrega,qualidade_negociacao,comentario_livre) VALUES (751,2,1,4,'');
INSERT INTO vendas (id_venda,id_cooperativa,id_comprador,data_venda,valor_total) VALUES (752,3,37,'2025-05-12 02:43:39',0);
INSERT INTO vendas_itens (id_venda,id_material_base,id_material_catalogo,quantidade_kg,preco_por_kg) VALUES (752,3,7,502.55,5.59);
INSERT INTO vendas_itens (id_venda,id_material_base,id_material_catalogo,quantidade_kg,preco_por_kg) VALUES (752,3,9,93.22,3.00);
INSERT INTO vendas (id_venda,id_cooperativa,id_comprador,data_venda,valor_total) VALUES (753,28,62,'2025-02-09 02:43:39',0);
INSERT INTO vendas_itens (id_venda,id_material_base,id_material_catalogo,quantidade_kg,preco_por_kg) VALUES (753,2,4,235.76,1.07);
INSERT INTO vendas_itens (id_venda,id_material_base,id_material_catalogo,quantidade_kg,preco_por_kg) VALUES (753,1,2,70.40,3.30);
INSERT INTO vendas_itens (id_venda,id_material_base,id_material_catalogo,quantidade_kg,preco_por_kg) VALUES (753,1,3,101.22,3.26);
INSERT INTO avaliacoes_compradores (id_venda,pontualidade_pagamento,logistica_entrega,qualidade_negociacao,comentario_livre) VALUES (753,5,2,1,'');
INSERT INTO vendas (id_venda,id_cooperativa,id_comprador,data_venda,valor_total) VALUES (754,17,9,'2025-04-17 02:43:39',0);
INSERT INTO vendas_itens (id_venda,id_material_base,id_material_catalogo,quantidade_kg,preco_por_kg) VALUES (754,3,9,385.12,6.66);
INSERT INTO vendas_itens (id_venda,id_material_base,id_material_catalogo,quantidade_kg,preco_por_kg) VALUES (754,1,3,469.61,3.00);
INSERT INTO vendas_itens (id_venda,id_material_base,id_material_catalogo,quantidade_kg,preco_por_kg) VALUES (754,3,8,64.39,7.82);
INSERT INTO avaliacoes_compradores (id_venda,pontualidade_pagamento,logistica_entrega,qualidade_negociacao,comentario_livre) VALUES (754,1,5,1,'');
INSERT INTO vendas (id_venda,id_cooperativa,id_comprador,data_venda,valor_total) VALUES (755,11,4,'2025-01-23 02:43:39',0);
INSERT INTO vendas_itens (id_venda,id_material_base,id_material_catalogo,quantidade_kg,preco_por_kg) VALUES (755,2,6,506.19,0.99);
INSERT INTO vendas_itens (id_venda,id_material_base,id_material_catalogo,quantidade_kg,preco_por_kg) VALUES (755,1,3,338.15,1.98);
INSERT INTO vendas_itens (id_venda,id_material_base,id_material_catalogo,quantidade_kg,preco_por_kg) VALUES (755,2,5,293.71,0.64);
INSERT INTO vendas (id_venda,id_cooperativa,id_comprador,data_venda,valor_total) VALUES (756,1,38,'2025-09-06 02:43:39',0);
INSERT INTO vendas_itens (id_venda,id_material_base,id_material_catalogo,quantidade_kg,preco_por_kg) VALUES (756,1,3,280.21,1.44);
INSERT INTO vendas_itens (id_venda,id_material_base,id_material_catalogo,quantidade_kg,preco_por_kg) VALUES (756,3,7,90.25,2.88);
INSERT INTO vendas_itens (id_venda,id_material_base,id_material_catalogo,quantidade_kg,preco_por_kg) VALUES (756,3,9,574.41,7.61);
INSERT INTO vendas (id_venda,id_cooperativa,id_comprador,data_venda,valor_total) VALUES (757,18,60,'2024-12-11 02:43:39',0);
INSERT INTO vendas_itens (id_venda,id_material_base,id_material_catalogo,quantidade_kg,preco_por_kg) VALUES (757,3,7,226.43,4.13);
INSERT INTO vendas_itens (id_venda,id_material_base,id_material_catalogo,quantidade_kg,preco_por_kg) VALUES (757,1,2,372.44,3.43);
INSERT INTO avaliacoes_compradores (id_venda,pontualidade_pagamento,logistica_entrega,qualidade_negociacao,comentario_livre) VALUES (757,1,3,3,'');
INSERT INTO vendas (id_venda,id_cooperativa,id_comprador,data_venda,valor_total) VALUES (758,41,13,'2025-01-24 02:43:39',0);
INSERT INTO vendas_itens (id_venda,id_material_base,id_material_catalogo,quantidade_kg,preco_por_kg) VALUES (758,3,8,309.70,3.46);
INSERT INTO vendas_itens (id_venda,id_material_base,id_material_catalogo,quantidade_kg,preco_por_kg) VALUES (758,2,4,372.94,0.82);
INSERT INTO vendas_itens (id_venda,id_material_base,id_material_catalogo,quantidade_kg,preco_por_kg) VALUES (758,3,7,503.28,6.47);
INSERT INTO avaliacoes_compradores (id_venda,pontualidade_pagamento,logistica_entrega,qualidade_negociacao,comentario_livre) VALUES (758,1,4,2,'');
INSERT INTO vendas (id_venda,id_cooperativa,id_comprador,data_venda,valor_total) VALUES (759,39,58,'2024-12-23 02:43:39',0);
INSERT INTO vendas_itens (id_venda,id_material_base,id_material_catalogo,quantidade_kg,preco_por_kg) VALUES (759,1,3,585.09,2.98);
INSERT INTO vendas_itens (id_venda,id_material_base,id_material_catalogo,quantidade_kg,preco_por_kg) VALUES (759,1,3,428.02,3.83);
INSERT INTO vendas (id_venda,id_cooperativa,id_comprador,data_venda,valor_total) VALUES (760,4,68,'2025-10-05 02:43:39',0);
INSERT INTO vendas_itens (id_venda,id_material_base,id_material_catalogo,quantidade_kg,preco_por_kg) VALUES (760,1,3,423.79,1.77);
INSERT INTO vendas_itens (id_venda,id_material_base,id_material_catalogo,quantidade_kg,preco_por_kg) VALUES (760,3,8,449.01,6.79);
INSERT INTO vendas (id_venda,id_cooperativa,id_comprador,data_venda,valor_total) VALUES (761,46,88,'2025-08-18 02:43:39',0);
INSERT INTO vendas_itens (id_venda,id_material_base,id_material_catalogo,quantidade_kg,preco_por_kg) VALUES (761,3,8,192.29,5.89);
INSERT INTO vendas_itens (id_venda,id_material_base,id_material_catalogo,quantidade_kg,preco_por_kg) VALUES (761,1,3,475.98,2.83);
INSERT INTO vendas_itens (id_venda,id_material_base,id_material_catalogo,quantidade_kg,preco_por_kg) VALUES (761,2,5,502.18,0.78);
INSERT INTO vendas (id_venda,id_cooperativa,id_comprador,data_venda,valor_total) VALUES (762,42,89,'2025-02-15 02:43:39',0);
INSERT INTO vendas_itens (id_venda,id_material_base,id_material_catalogo,quantidade_kg,preco_por_kg) VALUES (762,1,1,287.56,1.97);
INSERT INTO vendas_itens (id_venda,id_material_base,id_material_catalogo,quantidade_kg,preco_por_kg) VALUES (762,3,7,132.01,6.46);
INSERT INTO vendas_itens (id_venda,id_material_base,id_material_catalogo,quantidade_kg,preco_por_kg) VALUES (762,2,4,518.66,1.27);
INSERT INTO vendas (id_venda,id_cooperativa,id_comprador,data_venda,valor_total) VALUES (763,42,6,'2025-10-28 02:43:39',0);
INSERT INTO vendas_itens (id_venda,id_material_base,id_material_catalogo,quantidade_kg,preco_por_kg) VALUES (763,2,6,495.63,0.57);
INSERT INTO avaliacoes_compradores (id_venda,pontualidade_pagamento,logistica_entrega,qualidade_negociacao,comentario_livre) VALUES (763,2,5,3,'');
INSERT INTO vendas (id_venda,id_cooperativa,id_comprador,data_venda,valor_total) VALUES (764,34,90,'2025-01-09 02:43:39',0);
INSERT INTO vendas_itens (id_venda,id_material_base,id_material_catalogo,quantidade_kg,preco_por_kg) VALUES (764,2,4,76.79,0.62);
INSERT INTO avaliacoes_compradores (id_venda,pontualidade_pagamento,logistica_entrega,qualidade_negociacao,comentario_livre) VALUES (764,1,5,5,'');
INSERT INTO vendas (id_venda,id_cooperativa,id_comprador,data_venda,valor_total) VALUES (765,8,44,'2025-05-19 02:43:39',0);
INSERT INTO vendas_itens (id_venda,id_material_base,id_material_catalogo,quantidade_kg,preco_por_kg) VALUES (765,3,7,451.72,5.24);
INSERT INTO vendas_itens (id_venda,id_material_base,id_material_catalogo,quantidade_kg,preco_por_kg) VALUES (765,1,1,574.23,3.69);
INSERT INTO avaliacoes_compradores (id_venda,pontualidade_pagamento,logistica_entrega,qualidade_negociacao,comentario_livre) VALUES (765,4,2,3,'');
INSERT INTO vendas (id_venda,id_cooperativa,id_comprador,data_venda,valor_total) VALUES (766,46,85,'2025-09-27 02:43:39',0);
INSERT INTO vendas_itens (id_venda,id_material_base,id_material_catalogo,quantidade_kg,preco_por_kg) VALUES (766,3,9,422.79,7.48);
INSERT INTO vendas_itens (id_venda,id_material_base,id_material_catalogo,quantidade_kg,preco_por_kg) VALUES (766,3,9,548.14,6.48);
INSERT INTO vendas (id_venda,id_cooperativa,id_comprador,data_venda,valor_total) VALUES (767,29,65,'2025-01-09 02:43:39',0);
INSERT INTO vendas_itens (id_venda,id_material_base,id_material_catalogo,quantidade_kg,preco_por_kg) VALUES (767,1,1,462.84,1.35);
INSERT INTO vendas_itens (id_venda,id_material_base,id_material_catalogo,quantidade_kg,preco_por_kg) VALUES (767,2,5,365.95,1.52);
INSERT INTO avaliacoes_compradores (id_venda,pontualidade_pagamento,logistica_entrega,qualidade_negociacao,comentario_livre) VALUES (767,1,5,3,'');
INSERT INTO vendas (id_venda,id_cooperativa,id_comprador,data_venda,valor_total) VALUES (768,35,47,'2025-03-25 02:43:39',0);
INSERT INTO vendas_itens (id_venda,id_material_base,id_material_catalogo,quantidade_kg,preco_por_kg) VALUES (768,2,5,181.61,0.78);
INSERT INTO vendas_itens (id_venda,id_material_base,id_material_catalogo,quantidade_kg,preco_por_kg) VALUES (768,2,6,72.74,0.59);
INSERT INTO vendas_itens (id_venda,id_material_base,id_material_catalogo,quantidade_kg,preco_por_kg) VALUES (768,1,3,483.33,1.25);
INSERT INTO vendas (id_venda,id_cooperativa,id_comprador,data_venda,valor_total) VALUES (769,33,37,'2025-01-30 02:43:39',0);
INSERT INTO vendas_itens (id_venda,id_material_base,id_material_catalogo,quantidade_kg,preco_por_kg) VALUES (769,3,9,151.52,3.60);
INSERT INTO avaliacoes_compradores (id_venda,pontualidade_pagamento,logistica_entrega,qualidade_negociacao,comentario_livre) VALUES (769,4,5,4,'');
INSERT INTO avaliacao_feedback_selecionado (id_avaliacao,id_feedback_tag) SELECT id_avaliacao,1 FROM avaliacoes_compradores WHERE id_venda=769;
INSERT INTO avaliacao_feedback_selecionado (id_avaliacao,id_feedback_tag) SELECT id_avaliacao,5 FROM avaliacoes_compradores WHERE id_venda=769;
INSERT INTO avaliacao_feedback_selecionado (id_avaliacao,id_feedback_tag) SELECT id_avaliacao,2 FROM avaliacoes_compradores WHERE id_venda=769;
INSERT INTO vendas (id_venda,id_cooperativa,id_comprador,data_venda,valor_total) VALUES (770,38,57,'2025-03-12 02:43:39',0);
INSERT INTO vendas_itens (id_venda,id_material_base,id_material_catalogo,quantidade_kg,preco_por_kg) VALUES (770,1,3,99.20,1.89);
INSERT INTO vendas_itens (id_venda,id_material_base,id_material_catalogo,quantidade_kg,preco_por_kg) VALUES (770,1,1,427.21,2.26);
INSERT INTO vendas_itens (id_venda,id_material_base,id_material_catalogo,quantidade_kg,preco_por_kg) VALUES (770,3,8,538.18,4.25);
INSERT INTO vendas (id_venda,id_cooperativa,id_comprador,data_venda,valor_total) VALUES (771,11,36,'2025-11-10 02:43:39',0);
INSERT INTO vendas_itens (id_venda,id_material_base,id_material_catalogo,quantidade_kg,preco_por_kg) VALUES (771,2,6,269.00,0.67);
INSERT INTO vendas_itens (id_venda,id_material_base,id_material_catalogo,quantidade_kg,preco_por_kg) VALUES (771,1,2,309.17,1.28);
INSERT INTO vendas_itens (id_venda,id_material_base,id_material_catalogo,quantidade_kg,preco_por_kg) VALUES (771,1,2,593.12,1.43);
INSERT INTO avaliacoes_compradores (id_venda,pontualidade_pagamento,logistica_entrega,qualidade_negociacao,comentario_livre) VALUES (771,3,5,2,'');
INSERT INTO vendas (id_venda,id_cooperativa,id_comprador,data_venda,valor_total) VALUES (772,6,9,'2025-07-21 02:43:39',0);
INSERT INTO vendas_itens (id_venda,id_material_base,id_material_catalogo,quantidade_kg,preco_por_kg) VALUES (772,3,8,516.41,6.26);
INSERT INTO vendas_itens (id_venda,id_material_base,id_material_catalogo,quantidade_kg,preco_por_kg) VALUES (772,2,4,227.84,1.17);
INSERT INTO avaliacoes_compradores (id_venda,pontualidade_pagamento,logistica_entrega,qualidade_negociacao,comentario_livre) VALUES (772,1,3,3,'');
INSERT INTO vendas (id_venda,id_cooperativa,id_comprador,data_venda,valor_total) VALUES (773,12,55,'2025-08-01 02:43:39',0);
INSERT INTO vendas_itens (id_venda,id_material_base,id_material_catalogo,quantidade_kg,preco_por_kg) VALUES (773,1,2,465.46,2.56);
INSERT INTO vendas_itens (id_venda,id_material_base,id_material_catalogo,quantidade_kg,preco_por_kg) VALUES (773,1,2,331.11,2.05);
INSERT INTO avaliacoes_compradores (id_venda,pontualidade_pagamento,logistica_entrega,qualidade_negociacao,comentario_livre) VALUES (773,5,4,5,'');
INSERT INTO avaliacao_feedback_selecionado (id_avaliacao,id_feedback_tag) SELECT id_avaliacao,9 FROM avaliacoes_compradores WHERE id_venda=773;
INSERT INTO avaliacao_feedback_selecionado (id_avaliacao,id_feedback_tag) SELECT id_avaliacao,7 FROM avaliacoes_compradores WHERE id_venda=773;
INSERT INTO vendas (id_venda,id_cooperativa,id_comprador,data_venda,valor_total) VALUES (774,45,12,'2025-09-15 02:43:39',0);
INSERT INTO vendas_itens (id_venda,id_material_base,id_material_catalogo,quantidade_kg,preco_por_kg) VALUES (774,2,5,413.10,1.70);
INSERT INTO vendas_itens (id_venda,id_material_base,id_material_catalogo,quantidade_kg,preco_por_kg) VALUES (774,1,3,534.67,3.28);
INSERT INTO vendas_itens (id_venda,id_material_base,id_material_catalogo,quantidade_kg,preco_por_kg) VALUES (774,1,3,36.91,3.03);
INSERT INTO avaliacoes_compradores (id_venda,pontualidade_pagamento,logistica_entrega,qualidade_negociacao,comentario_livre) VALUES (774,3,1,1,'');
INSERT INTO avaliacao_feedback_selecionado (id_avaliacao,id_feedback_tag) SELECT id_avaliacao,12 FROM avaliacoes_compradores WHERE id_venda=774;
INSERT INTO avaliacao_feedback_selecionado (id_avaliacao,id_feedback_tag) SELECT id_avaliacao,16 FROM avaliacoes_compradores WHERE id_venda=774;
INSERT INTO vendas (id_venda,id_cooperativa,id_comprador,data_venda,valor_total) VALUES (775,16,26,'2025-04-15 02:43:39',0);
INSERT INTO vendas_itens (id_venda,id_material_base,id_material_catalogo,quantidade_kg,preco_por_kg) VALUES (775,2,4,590.76,1.50);
INSERT INTO vendas_itens (id_venda,id_material_base,id_material_catalogo,quantidade_kg,preco_por_kg) VALUES (775,2,6,399.27,0.65);
INSERT INTO vendas_itens (id_venda,id_material_base,id_material_catalogo,quantidade_kg,preco_por_kg) VALUES (775,2,5,226.12,1.20);
INSERT INTO avaliacoes_compradores (id_venda,pontualidade_pagamento,logistica_entrega,qualidade_negociacao,comentario_livre) VALUES (775,1,3,1,'');
INSERT INTO avaliacao_feedback_selecionado (id_avaliacao,id_feedback_tag) SELECT id_avaliacao,14 FROM avaliacoes_compradores WHERE id_venda=775;
INSERT INTO vendas (id_venda,id_cooperativa,id_comprador,data_venda,valor_total) VALUES (776,29,8,'2025-09-24 02:43:39',0);
INSERT INTO vendas_itens (id_venda,id_material_base,id_material_catalogo,quantidade_kg,preco_por_kg) VALUES (776,2,4,68.28,0.54);
INSERT INTO vendas (id_venda,id_cooperativa,id_comprador,data_venda,valor_total) VALUES (777,35,60,'2025-03-05 02:43:39',0);
INSERT INTO vendas_itens (id_venda,id_material_base,id_material_catalogo,quantidade_kg,preco_por_kg) VALUES (777,1,2,365.79,3.85);
INSERT INTO avaliacoes_compradores (id_venda,pontualidade_pagamento,logistica_entrega,qualidade_negociacao,comentario_livre) VALUES (777,3,2,2,'');
INSERT INTO vendas (id_venda,id_cooperativa,id_comprador,data_venda,valor_total) VALUES (778,30,26,'2025-09-30 02:43:39',0);
INSERT INTO vendas_itens (id_venda,id_material_base,id_material_catalogo,quantidade_kg,preco_por_kg) VALUES (778,3,7,436.50,5.23);
INSERT INTO vendas_itens (id_venda,id_material_base,id_material_catalogo,quantidade_kg,preco_por_kg) VALUES (778,2,5,580.21,0.92);
INSERT INTO vendas_itens (id_venda,id_material_base,id_material_catalogo,quantidade_kg,preco_por_kg) VALUES (778,2,6,188.12,0.82);
INSERT INTO vendas (id_venda,id_cooperativa,id_comprador,data_venda,valor_total) VALUES (779,42,60,'2025-01-18 02:43:39',0);
INSERT INTO vendas_itens (id_venda,id_material_base,id_material_catalogo,quantidade_kg,preco_por_kg) VALUES (779,1,3,242.75,2.94);
INSERT INTO vendas (id_venda,id_cooperativa,id_comprador,data_venda,valor_total) VALUES (780,5,79,'2025-02-12 02:43:39',0);
INSERT INTO vendas_itens (id_venda,id_material_base,id_material_catalogo,quantidade_kg,preco_por_kg) VALUES (780,1,1,587.88,3.06);
INSERT INTO vendas_itens (id_venda,id_material_base,id_material_catalogo,quantidade_kg,preco_por_kg) VALUES (780,3,8,491.90,6.36);
INSERT INTO vendas (id_venda,id_cooperativa,id_comprador,data_venda,valor_total) VALUES (781,34,63,'2025-10-26 02:43:39',0);
INSERT INTO vendas_itens (id_venda,id_material_base,id_material_catalogo,quantidade_kg,preco_por_kg) VALUES (781,1,3,260.16,3.23);
INSERT INTO vendas_itens (id_venda,id_material_base,id_material_catalogo,quantidade_kg,preco_por_kg) VALUES (781,2,4,147.53,1.64);
INSERT INTO vendas (id_venda,id_cooperativa,id_comprador,data_venda,valor_total) VALUES (782,31,37,'2025-01-25 02:43:39',0);
INSERT INTO vendas_itens (id_venda,id_material_base,id_material_catalogo,quantidade_kg,preco_por_kg) VALUES (782,1,3,105.97,2.26);
INSERT INTO vendas_itens (id_venda,id_material_base,id_material_catalogo,quantidade_kg,preco_por_kg) VALUES (782,2,5,583.19,1.68);
INSERT INTO avaliacoes_compradores (id_venda,pontualidade_pagamento,logistica_entrega,qualidade_negociacao,comentario_livre) VALUES (782,5,5,2,'');
INSERT INTO avaliacao_feedback_selecionado (id_avaliacao,id_feedback_tag) SELECT id_avaliacao,2 FROM avaliacoes_compradores WHERE id_venda=782;
INSERT INTO avaliacao_feedback_selecionado (id_avaliacao,id_feedback_tag) SELECT id_avaliacao,9 FROM avaliacoes_compradores WHERE id_venda=782;
INSERT INTO avaliacao_feedback_selecionado (id_avaliacao,id_feedback_tag) SELECT id_avaliacao,1 FROM avaliacoes_compradores WHERE id_venda=782;
INSERT INTO vendas (id_venda,id_cooperativa,id_comprador,data_venda,valor_total) VALUES (783,49,6,'2025-05-27 02:43:39',0);
INSERT INTO vendas_itens (id_venda,id_material_base,id_material_catalogo,quantidade_kg,preco_por_kg) VALUES (783,2,5,248.84,1.33);
INSERT INTO vendas_itens (id_venda,id_material_base,id_material_catalogo,quantidade_kg,preco_por_kg) VALUES (783,1,3,385.91,2.14);
INSERT INTO vendas_itens (id_venda,id_material_base,id_material_catalogo,quantidade_kg,preco_por_kg) VALUES (783,2,4,446.18,1.73);
INSERT INTO vendas (id_venda,id_cooperativa,id_comprador,data_venda,valor_total) VALUES (784,25,83,'2025-04-27 02:43:39',0);
INSERT INTO vendas_itens (id_venda,id_material_base,id_material_catalogo,quantidade_kg,preco_por_kg) VALUES (784,2,5,390.53,0.62);
INSERT INTO vendas_itens (id_venda,id_material_base,id_material_catalogo,quantidade_kg,preco_por_kg) VALUES (784,1,2,271.19,1.76);
INSERT INTO vendas_itens (id_venda,id_material_base,id_material_catalogo,quantidade_kg,preco_por_kg) VALUES (784,3,9,495.92,2.92);
INSERT INTO avaliacoes_compradores (id_venda,pontualidade_pagamento,logistica_entrega,qualidade_negociacao,comentario_livre) VALUES (784,5,1,4,'');
INSERT INTO vendas (id_venda,id_cooperativa,id_comprador,data_venda,valor_total) VALUES (785,8,55,'2025-10-12 02:43:39',0);
INSERT INTO vendas_itens (id_venda,id_material_base,id_material_catalogo,quantidade_kg,preco_por_kg) VALUES (785,3,8,411.64,6.79);
INSERT INTO vendas_itens (id_venda,id_material_base,id_material_catalogo,quantidade_kg,preco_por_kg) VALUES (785,1,2,256.98,1.79);
INSERT INTO vendas_itens (id_venda,id_material_base,id_material_catalogo,quantidade_kg,preco_por_kg) VALUES (785,3,9,210.10,4.97);
INSERT INTO avaliacoes_compradores (id_venda,pontualidade_pagamento,logistica_entrega,qualidade_negociacao,comentario_livre) VALUES (785,1,2,3,'');
INSERT INTO avaliacao_feedback_selecionado (id_avaliacao,id_feedback_tag) SELECT id_avaliacao,19 FROM avaliacoes_compradores WHERE id_venda=785;
INSERT INTO vendas (id_venda,id_cooperativa,id_comprador,data_venda,valor_total) VALUES (786,40,60,'2025-01-18 02:43:39',0);
INSERT INTO vendas_itens (id_venda,id_material_base,id_material_catalogo,quantidade_kg,preco_por_kg) VALUES (786,1,1,591.36,2.08);
INSERT INTO avaliacoes_compradores (id_venda,pontualidade_pagamento,logistica_entrega,qualidade_negociacao,comentario_livre) VALUES (786,1,5,4,'');
INSERT INTO vendas (id_venda,id_cooperativa,id_comprador,data_venda,valor_total) VALUES (787,38,69,'2025-01-08 02:43:39',0);
INSERT INTO vendas_itens (id_venda,id_material_base,id_material_catalogo,quantidade_kg,preco_por_kg) VALUES (787,1,1,493.06,1.83);
INSERT INTO vendas_itens (id_venda,id_material_base,id_material_catalogo,quantidade_kg,preco_por_kg) VALUES (787,2,6,142.22,1.67);
INSERT INTO vendas_itens (id_venda,id_material_base,id_material_catalogo,quantidade_kg,preco_por_kg) VALUES (787,2,4,243.31,0.72);
INSERT INTO avaliacoes_compradores (id_venda,pontualidade_pagamento,logistica_entrega,qualidade_negociacao,comentario_livre) VALUES (787,3,5,2,'');
INSERT INTO vendas (id_venda,id_cooperativa,id_comprador,data_venda,valor_total) VALUES (788,25,49,'2025-09-07 02:43:39',0);
INSERT INTO vendas_itens (id_venda,id_material_base,id_material_catalogo,quantidade_kg,preco_por_kg) VALUES (788,3,7,141.34,6.49);
INSERT INTO vendas_itens (id_venda,id_material_base,id_material_catalogo,quantidade_kg,preco_por_kg) VALUES (788,1,2,103.67,2.31);
INSERT INTO vendas (id_venda,id_cooperativa,id_comprador,data_venda,valor_total) VALUES (789,5,23,'2025-02-22 02:43:39',0);
INSERT INTO vendas_itens (id_venda,id_material_base,id_material_catalogo,quantidade_kg,preco_por_kg) VALUES (789,1,2,462.65,1.32);
INSERT INTO vendas_itens (id_venda,id_material_base,id_material_catalogo,quantidade_kg,preco_por_kg) VALUES (789,1,2,385.05,1.45);
INSERT INTO vendas_itens (id_venda,id_material_base,id_material_catalogo,quantidade_kg,preco_por_kg) VALUES (789,3,7,226.56,4.36);
INSERT INTO avaliacoes_compradores (id_venda,pontualidade_pagamento,logistica_entrega,qualidade_negociacao,comentario_livre) VALUES (789,3,4,1,'');
INSERT INTO vendas (id_venda,id_cooperativa,id_comprador,data_venda,valor_total) VALUES (790,6,52,'2025-01-01 02:43:39',0);
INSERT INTO vendas_itens (id_venda,id_material_base,id_material_catalogo,quantidade_kg,preco_por_kg) VALUES (790,2,6,373.82,1.16);
INSERT INTO vendas_itens (id_venda,id_material_base,id_material_catalogo,quantidade_kg,preco_por_kg) VALUES (790,1,2,161.70,1.51);
INSERT INTO vendas_itens (id_venda,id_material_base,id_material_catalogo,quantidade_kg,preco_por_kg) VALUES (790,2,4,443.27,1.31);
INSERT INTO vendas (id_venda,id_cooperativa,id_comprador,data_venda,valor_total) VALUES (791,11,62,'2025-03-07 02:43:39',0);
INSERT INTO vendas_itens (id_venda,id_material_base,id_material_catalogo,quantidade_kg,preco_por_kg) VALUES (791,2,6,226.19,1.00);
INSERT INTO avaliacoes_compradores (id_venda,pontualidade_pagamento,logistica_entrega,qualidade_negociacao,comentario_livre) VALUES (791,2,5,5,'');
INSERT INTO avaliacao_feedback_selecionado (id_avaliacao,id_feedback_tag) SELECT id_avaliacao,2 FROM avaliacoes_compradores WHERE id_venda=791;
INSERT INTO avaliacao_feedback_selecionado (id_avaliacao,id_feedback_tag) SELECT id_avaliacao,5 FROM avaliacoes_compradores WHERE id_venda=791;
INSERT INTO avaliacao_feedback_selecionado (id_avaliacao,id_feedback_tag) SELECT id_avaliacao,8 FROM avaliacoes_compradores WHERE id_venda=791;
INSERT INTO vendas (id_venda,id_cooperativa,id_comprador,data_venda,valor_total) VALUES (792,10,70,'2025-08-11 02:43:39',0);
INSERT INTO vendas_itens (id_venda,id_material_base,id_material_catalogo,quantidade_kg,preco_por_kg) VALUES (792,1,1,276.20,2.08);
INSERT INTO vendas_itens (id_venda,id_material_base,id_material_catalogo,quantidade_kg,preco_por_kg) VALUES (792,3,7,228.75,5.36);
INSERT INTO avaliacoes_compradores (id_venda,pontualidade_pagamento,logistica_entrega,qualidade_negociacao,comentario_livre) VALUES (792,5,5,1,'');
INSERT INTO vendas (id_venda,id_cooperativa,id_comprador,data_venda,valor_total) VALUES (793,46,96,'2025-04-24 02:43:39',0);
INSERT INTO vendas_itens (id_venda,id_material_base,id_material_catalogo,quantidade_kg,preco_por_kg) VALUES (793,3,7,485.32,4.85);
INSERT INTO avaliacoes_compradores (id_venda,pontualidade_pagamento,logistica_entrega,qualidade_negociacao,comentario_livre) VALUES (793,4,1,4,'');
INSERT INTO vendas (id_venda,id_cooperativa,id_comprador,data_venda,valor_total) VALUES (794,5,87,'2025-04-18 02:43:39',0);
INSERT INTO vendas_itens (id_venda,id_material_base,id_material_catalogo,quantidade_kg,preco_por_kg) VALUES (794,1,2,550.19,1.59);
INSERT INTO vendas_itens (id_venda,id_material_base,id_material_catalogo,quantidade_kg,preco_por_kg) VALUES (794,2,6,565.59,1.00);
INSERT INTO vendas_itens (id_venda,id_material_base,id_material_catalogo,quantidade_kg,preco_por_kg) VALUES (794,1,3,300.22,2.81);
INSERT INTO avaliacoes_compradores (id_venda,pontualidade_pagamento,logistica_entrega,qualidade_negociacao,comentario_livre) VALUES (794,1,3,1,'');
INSERT INTO avaliacao_feedback_selecionado (id_avaliacao,id_feedback_tag) SELECT id_avaliacao,20 FROM avaliacoes_compradores WHERE id_venda=794;
INSERT INTO vendas (id_venda,id_cooperativa,id_comprador,data_venda,valor_total) VALUES (795,38,1,'2025-02-05 02:43:39',0);
INSERT INTO vendas_itens (id_venda,id_material_base,id_material_catalogo,quantidade_kg,preco_por_kg) VALUES (795,3,7,213.57,7.22);
INSERT INTO vendas_itens (id_venda,id_material_base,id_material_catalogo,quantidade_kg,preco_por_kg) VALUES (795,1,2,69.01,1.55);
INSERT INTO avaliacoes_compradores (id_venda,pontualidade_pagamento,logistica_entrega,qualidade_negociacao,comentario_livre) VALUES (795,4,5,2,'');
INSERT INTO vendas (id_venda,id_cooperativa,id_comprador,data_venda,valor_total) VALUES (796,35,82,'2024-12-07 02:43:39',0);
INSERT INTO vendas_itens (id_venda,id_material_base,id_material_catalogo,quantidade_kg,preco_por_kg) VALUES (796,2,5,209.75,1.24);
INSERT INTO vendas_itens (id_venda,id_material_base,id_material_catalogo,quantidade_kg,preco_por_kg) VALUES (796,3,7,309.21,5.87);
INSERT INTO vendas_itens (id_venda,id_material_base,id_material_catalogo,quantidade_kg,preco_por_kg) VALUES (796,1,3,298.79,3.87);
INSERT INTO vendas (id_venda,id_cooperativa,id_comprador,data_venda,valor_total) VALUES (797,47,8,'2025-01-23 02:43:39',0);
INSERT INTO vendas_itens (id_venda,id_material_base,id_material_catalogo,quantidade_kg,preco_por_kg) VALUES (797,2,4,58.21,1.40);
INSERT INTO vendas_itens (id_venda,id_material_base,id_material_catalogo,quantidade_kg,preco_por_kg) VALUES (797,1,2,150.65,1.67);
INSERT INTO vendas_itens (id_venda,id_material_base,id_material_catalogo,quantidade_kg,preco_por_kg) VALUES (797,1,3,142.18,1.92);
INSERT INTO avaliacoes_compradores (id_venda,pontualidade_pagamento,logistica_entrega,qualidade_negociacao,comentario_livre) VALUES (797,4,1,4,'');
INSERT INTO vendas (id_venda,id_cooperativa,id_comprador,data_venda,valor_total) VALUES (798,39,13,'2025-01-06 02:43:39',0);
INSERT INTO vendas_itens (id_venda,id_material_base,id_material_catalogo,quantidade_kg,preco_por_kg) VALUES (798,2,6,247.72,0.55);
INSERT INTO vendas_itens (id_venda,id_material_base,id_material_catalogo,quantidade_kg,preco_por_kg) VALUES (798,2,4,590.50,1.34);
INSERT INTO avaliacoes_compradores (id_venda,pontualidade_pagamento,logistica_entrega,qualidade_negociacao,comentario_livre) VALUES (798,4,3,4,'');
INSERT INTO vendas (id_venda,id_cooperativa,id_comprador,data_venda,valor_total) VALUES (799,38,91,'2025-02-27 02:43:39',0);
INSERT INTO vendas_itens (id_venda,id_material_base,id_material_catalogo,quantidade_kg,preco_por_kg) VALUES (799,2,6,180.61,1.04);
INSERT INTO vendas_itens (id_venda,id_material_base,id_material_catalogo,quantidade_kg,preco_por_kg) VALUES (799,1,1,30.91,1.64);
INSERT INTO vendas (id_venda,id_cooperativa,id_comprador,data_venda,valor_total) VALUES (800,27,56,'2025-03-07 02:43:39',0);
INSERT INTO vendas_itens (id_venda,id_material_base,id_material_catalogo,quantidade_kg,preco_por_kg) VALUES (800,1,2,177.54,1.40);
INSERT INTO vendas_itens (id_venda,id_material_base,id_material_catalogo,quantidade_kg,preco_por_kg) VALUES (800,1,2,246.13,3.21);
INSERT INTO vendas_itens (id_venda,id_material_base,id_material_catalogo,quantidade_kg,preco_por_kg) VALUES (800,1,1,47.80,3.89);
INSERT INTO vendas (id_venda,id_cooperativa,id_comprador,data_venda,valor_total) VALUES (801,17,80,'2024-12-26 02:43:39',0);
INSERT INTO vendas_itens (id_venda,id_material_base,id_material_catalogo,quantidade_kg,preco_por_kg) VALUES (801,3,7,55.78,7.68);
INSERT INTO avaliacoes_compradores (id_venda,pontualidade_pagamento,logistica_entrega,qualidade_negociacao,comentario_livre) VALUES (801,3,1,4,'');
INSERT INTO vendas (id_venda,id_cooperativa,id_comprador,data_venda,valor_total) VALUES (802,47,6,'2025-07-09 02:43:39',0);
INSERT INTO vendas_itens (id_venda,id_material_base,id_material_catalogo,quantidade_kg,preco_por_kg) VALUES (802,3,8,235.90,3.90);
INSERT INTO vendas_itens (id_venda,id_material_base,id_material_catalogo,quantidade_kg,preco_por_kg) VALUES (802,2,5,162.91,1.17);
INSERT INTO vendas_itens (id_venda,id_material_base,id_material_catalogo,quantidade_kg,preco_por_kg) VALUES (802,1,2,191.96,2.90);
INSERT INTO avaliacoes_compradores (id_venda,pontualidade_pagamento,logistica_entrega,qualidade_negociacao,comentario_livre) VALUES (802,5,4,3,'');
INSERT INTO avaliacao_feedback_selecionado (id_avaliacao,id_feedback_tag) SELECT id_avaliacao,6 FROM avaliacoes_compradores WHERE id_venda=802;
INSERT INTO vendas (id_venda,id_cooperativa,id_comprador,data_venda,valor_total) VALUES (803,49,92,'2025-11-07 02:43:39',0);
INSERT INTO vendas_itens (id_venda,id_material_base,id_material_catalogo,quantidade_kg,preco_por_kg) VALUES (803,2,4,218.94,1.40);
INSERT INTO avaliacoes_compradores (id_venda,pontualidade_pagamento,logistica_entrega,qualidade_negociacao,comentario_livre) VALUES (803,1,2,5,'');
INSERT INTO vendas (id_venda,id_cooperativa,id_comprador,data_venda,valor_total) VALUES (804,1,8,'2025-06-19 02:43:39',0);
INSERT INTO vendas_itens (id_venda,id_material_base,id_material_catalogo,quantidade_kg,preco_por_kg) VALUES (804,1,1,399.41,3.26);
INSERT INTO vendas_itens (id_venda,id_material_base,id_material_catalogo,quantidade_kg,preco_por_kg) VALUES (804,3,8,511.29,3.14);
INSERT INTO avaliacoes_compradores (id_venda,pontualidade_pagamento,logistica_entrega,qualidade_negociacao,comentario_livre) VALUES (804,4,3,3,'');
INSERT INTO vendas (id_venda,id_cooperativa,id_comprador,data_venda,valor_total) VALUES (805,23,42,'2025-04-30 02:43:39',0);
INSERT INTO vendas_itens (id_venda,id_material_base,id_material_catalogo,quantidade_kg,preco_por_kg) VALUES (805,3,8,447.13,4.55);
INSERT INTO vendas_itens (id_venda,id_material_base,id_material_catalogo,quantidade_kg,preco_por_kg) VALUES (805,3,9,216.32,3.66);
INSERT INTO vendas_itens (id_venda,id_material_base,id_material_catalogo,quantidade_kg,preco_por_kg) VALUES (805,3,9,439.43,2.96);
INSERT INTO avaliacoes_compradores (id_venda,pontualidade_pagamento,logistica_entrega,qualidade_negociacao,comentario_livre) VALUES (805,2,2,2,'');
INSERT INTO avaliacao_feedback_selecionado (id_avaliacao,id_feedback_tag) SELECT id_avaliacao,18 FROM avaliacoes_compradores WHERE id_venda=805;
INSERT INTO avaliacao_feedback_selecionado (id_avaliacao,id_feedback_tag) SELECT id_avaliacao,20 FROM avaliacoes_compradores WHERE id_venda=805;
INSERT INTO avaliacao_feedback_selecionado (id_avaliacao,id_feedback_tag) SELECT id_avaliacao,17 FROM avaliacoes_compradores WHERE id_venda=805;
INSERT INTO vendas (id_venda,id_cooperativa,id_comprador,data_venda,valor_total) VALUES (806,37,84,'2025-06-23 02:43:39',0);
INSERT INTO vendas_itens (id_venda,id_material_base,id_material_catalogo,quantidade_kg,preco_por_kg) VALUES (806,2,4,359.34,1.72);
INSERT INTO vendas_itens (id_venda,id_material_base,id_material_catalogo,quantidade_kg,preco_por_kg) VALUES (806,1,3,363.01,3.74);
INSERT INTO vendas_itens (id_venda,id_material_base,id_material_catalogo,quantidade_kg,preco_por_kg) VALUES (806,3,7,266.16,5.72);
INSERT INTO avaliacoes_compradores (id_venda,pontualidade_pagamento,logistica_entrega,qualidade_negociacao,comentario_livre) VALUES (806,3,5,1,'');
INSERT INTO vendas (id_venda,id_cooperativa,id_comprador,data_venda,valor_total) VALUES (807,17,59,'2025-04-01 02:43:39',0);
INSERT INTO vendas_itens (id_venda,id_material_base,id_material_catalogo,quantidade_kg,preco_por_kg) VALUES (807,2,4,172.72,0.96);
INSERT INTO vendas_itens (id_venda,id_material_base,id_material_catalogo,quantidade_kg,preco_por_kg) VALUES (807,1,2,206.16,3.05);
INSERT INTO vendas_itens (id_venda,id_material_base,id_material_catalogo,quantidade_kg,preco_por_kg) VALUES (807,3,7,62.99,4.27);
INSERT INTO vendas (id_venda,id_cooperativa,id_comprador,data_venda,valor_total) VALUES (808,9,21,'2025-02-20 02:43:39',0);
INSERT INTO vendas_itens (id_venda,id_material_base,id_material_catalogo,quantidade_kg,preco_por_kg) VALUES (808,2,5,371.38,1.05);
INSERT INTO vendas_itens (id_venda,id_material_base,id_material_catalogo,quantidade_kg,preco_por_kg) VALUES (808,3,9,279.56,3.69);
INSERT INTO avaliacoes_compradores (id_venda,pontualidade_pagamento,logistica_entrega,qualidade_negociacao,comentario_livre) VALUES (808,1,2,1,'');
INSERT INTO avaliacao_feedback_selecionado (id_avaliacao,id_feedback_tag) SELECT id_avaliacao,20 FROM avaliacoes_compradores WHERE id_venda=808;
INSERT INTO vendas (id_venda,id_cooperativa,id_comprador,data_venda,valor_total) VALUES (809,17,24,'2025-01-15 02:43:39',0);
INSERT INTO vendas_itens (id_venda,id_material_base,id_material_catalogo,quantidade_kg,preco_por_kg) VALUES (809,2,4,84.80,1.17);
INSERT INTO avaliacoes_compradores (id_venda,pontualidade_pagamento,logistica_entrega,qualidade_negociacao,comentario_livre) VALUES (809,2,2,5,'');
INSERT INTO vendas (id_venda,id_cooperativa,id_comprador,data_venda,valor_total) VALUES (810,23,14,'2025-11-01 02:43:39',0);
INSERT INTO vendas_itens (id_venda,id_material_base,id_material_catalogo,quantidade_kg,preco_por_kg) VALUES (810,2,6,61.04,1.11);
INSERT INTO vendas_itens (id_venda,id_material_base,id_material_catalogo,quantidade_kg,preco_por_kg) VALUES (810,2,6,85.67,1.09);
INSERT INTO vendas_itens (id_venda,id_material_base,id_material_catalogo,quantidade_kg,preco_por_kg) VALUES (810,3,7,350.14,7.23);
INSERT INTO vendas (id_venda,id_cooperativa,id_comprador,data_venda,valor_total) VALUES (811,44,19,'2025-02-09 02:43:39',0);
INSERT INTO vendas_itens (id_venda,id_material_base,id_material_catalogo,quantidade_kg,preco_por_kg) VALUES (811,3,8,162.79,5.70);
INSERT INTO vendas_itens (id_venda,id_material_base,id_material_catalogo,quantidade_kg,preco_por_kg) VALUES (811,2,5,447.37,1.20);
INSERT INTO vendas_itens (id_venda,id_material_base,id_material_catalogo,quantidade_kg,preco_por_kg) VALUES (811,3,9,160.45,5.45);
INSERT INTO avaliacoes_compradores (id_venda,pontualidade_pagamento,logistica_entrega,qualidade_negociacao,comentario_livre) VALUES (811,5,3,1,'');
INSERT INTO vendas (id_venda,id_cooperativa,id_comprador,data_venda,valor_total) VALUES (812,6,95,'2025-02-23 02:43:39',0);
INSERT INTO vendas_itens (id_venda,id_material_base,id_material_catalogo,quantidade_kg,preco_por_kg) VALUES (812,3,8,275.24,4.34);
INSERT INTO vendas_itens (id_venda,id_material_base,id_material_catalogo,quantidade_kg,preco_por_kg) VALUES (812,1,2,345.73,2.65);
INSERT INTO avaliacoes_compradores (id_venda,pontualidade_pagamento,logistica_entrega,qualidade_negociacao,comentario_livre) VALUES (812,5,4,2,'');
INSERT INTO vendas (id_venda,id_cooperativa,id_comprador,data_venda,valor_total) VALUES (813,16,32,'2024-12-07 02:43:39',0);
INSERT INTO vendas_itens (id_venda,id_material_base,id_material_catalogo,quantidade_kg,preco_por_kg) VALUES (813,2,4,162.89,0.60);
INSERT INTO vendas_itens (id_venda,id_material_base,id_material_catalogo,quantidade_kg,preco_por_kg) VALUES (813,3,9,229.03,7.52);
INSERT INTO vendas_itens (id_venda,id_material_base,id_material_catalogo,quantidade_kg,preco_por_kg) VALUES (813,3,7,491.19,6.03);
INSERT INTO avaliacoes_compradores (id_venda,pontualidade_pagamento,logistica_entrega,qualidade_negociacao,comentario_livre) VALUES (813,3,4,3,'');
INSERT INTO vendas (id_venda,id_cooperativa,id_comprador,data_venda,valor_total) VALUES (814,16,23,'2024-12-12 02:43:39',0);
INSERT INTO vendas_itens (id_venda,id_material_base,id_material_catalogo,quantidade_kg,preco_por_kg) VALUES (814,2,6,76.30,1.06);
INSERT INTO avaliacoes_compradores (id_venda,pontualidade_pagamento,logistica_entrega,qualidade_negociacao,comentario_livre) VALUES (814,2,2,2,'');
INSERT INTO avaliacao_feedback_selecionado (id_avaliacao,id_feedback_tag) SELECT id_avaliacao,12 FROM avaliacoes_compradores WHERE id_venda=814;
INSERT INTO vendas (id_venda,id_cooperativa,id_comprador,data_venda,valor_total) VALUES (815,43,5,'2025-05-22 02:43:39',0);
INSERT INTO vendas_itens (id_venda,id_material_base,id_material_catalogo,quantidade_kg,preco_por_kg) VALUES (815,1,2,532.50,3.73);
INSERT INTO vendas_itens (id_venda,id_material_base,id_material_catalogo,quantidade_kg,preco_por_kg) VALUES (815,2,5,548.49,0.88);
INSERT INTO avaliacoes_compradores (id_venda,pontualidade_pagamento,logistica_entrega,qualidade_negociacao,comentario_livre) VALUES (815,2,4,3,'');
INSERT INTO vendas (id_venda,id_cooperativa,id_comprador,data_venda,valor_total) VALUES (816,3,68,'2025-01-02 02:43:39',0);
INSERT INTO vendas_itens (id_venda,id_material_base,id_material_catalogo,quantidade_kg,preco_por_kg) VALUES (816,2,6,145.71,0.74);
INSERT INTO vendas_itens (id_venda,id_material_base,id_material_catalogo,quantidade_kg,preco_por_kg) VALUES (816,1,1,573.88,1.36);
INSERT INTO vendas_itens (id_venda,id_material_base,id_material_catalogo,quantidade_kg,preco_por_kg) VALUES (816,2,4,48.08,1.03);
INSERT INTO avaliacoes_compradores (id_venda,pontualidade_pagamento,logistica_entrega,qualidade_negociacao,comentario_livre) VALUES (816,4,1,4,'');
INSERT INTO vendas (id_venda,id_cooperativa,id_comprador,data_venda,valor_total) VALUES (817,26,19,'2024-12-03 02:43:39',0);
INSERT INTO vendas_itens (id_venda,id_material_base,id_material_catalogo,quantidade_kg,preco_por_kg) VALUES (817,2,6,475.69,0.72);
INSERT INTO vendas_itens (id_venda,id_material_base,id_material_catalogo,quantidade_kg,preco_por_kg) VALUES (817,3,9,512.23,4.30);
INSERT INTO vendas_itens (id_venda,id_material_base,id_material_catalogo,quantidade_kg,preco_por_kg) VALUES (817,1,3,437.21,1.94);
INSERT INTO avaliacoes_compradores (id_venda,pontualidade_pagamento,logistica_entrega,qualidade_negociacao,comentario_livre) VALUES (817,5,1,5,'');
INSERT INTO vendas (id_venda,id_cooperativa,id_comprador,data_venda,valor_total) VALUES (818,2,44,'2025-09-08 02:43:39',0);
INSERT INTO vendas_itens (id_venda,id_material_base,id_material_catalogo,quantidade_kg,preco_por_kg) VALUES (818,1,3,144.28,3.01);
INSERT INTO vendas (id_venda,id_cooperativa,id_comprador,data_venda,valor_total) VALUES (819,27,84,'2025-04-07 02:43:39',0);
INSERT INTO vendas_itens (id_venda,id_material_base,id_material_catalogo,quantidade_kg,preco_por_kg) VALUES (819,1,1,561.31,3.46);
INSERT INTO vendas_itens (id_venda,id_material_base,id_material_catalogo,quantidade_kg,preco_por_kg) VALUES (819,3,8,218.34,4.13);
INSERT INTO vendas_itens (id_venda,id_material_base,id_material_catalogo,quantidade_kg,preco_por_kg) VALUES (819,3,8,282.71,7.22);
INSERT INTO vendas (id_venda,id_cooperativa,id_comprador,data_venda,valor_total) VALUES (820,9,49,'2025-03-12 02:43:39',0);
INSERT INTO vendas_itens (id_venda,id_material_base,id_material_catalogo,quantidade_kg,preco_por_kg) VALUES (820,2,6,330.60,0.88);
INSERT INTO vendas_itens (id_venda,id_material_base,id_material_catalogo,quantidade_kg,preco_por_kg) VALUES (820,2,6,436.28,0.75);
INSERT INTO avaliacoes_compradores (id_venda,pontualidade_pagamento,logistica_entrega,qualidade_negociacao,comentario_livre) VALUES (820,1,4,1,'');
INSERT INTO avaliacao_feedback_selecionado (id_avaliacao,id_feedback_tag) SELECT id_avaliacao,22 FROM avaliacoes_compradores WHERE id_venda=820;
INSERT INTO avaliacao_feedback_selecionado (id_avaliacao,id_feedback_tag) SELECT id_avaliacao,13 FROM avaliacoes_compradores WHERE id_venda=820;
INSERT INTO avaliacao_feedback_selecionado (id_avaliacao,id_feedback_tag) SELECT id_avaliacao,21 FROM avaliacoes_compradores WHERE id_venda=820;
INSERT INTO vendas (id_venda,id_cooperativa,id_comprador,data_venda,valor_total) VALUES (821,9,51,'2025-08-21 02:43:39',0);
INSERT INTO vendas_itens (id_venda,id_material_base,id_material_catalogo,quantidade_kg,preco_por_kg) VALUES (821,1,2,98.55,1.98);
INSERT INTO vendas_itens (id_venda,id_material_base,id_material_catalogo,quantidade_kg,preco_por_kg) VALUES (821,2,5,235.92,1.67);
INSERT INTO avaliacoes_compradores (id_venda,pontualidade_pagamento,logistica_entrega,qualidade_negociacao,comentario_livre) VALUES (821,5,3,2,'');
INSERT INTO vendas (id_venda,id_cooperativa,id_comprador,data_venda,valor_total) VALUES (822,33,84,'2025-07-10 02:43:39',0);
INSERT INTO vendas_itens (id_venda,id_material_base,id_material_catalogo,quantidade_kg,preco_por_kg) VALUES (822,3,9,588.40,4.81);
INSERT INTO vendas_itens (id_venda,id_material_base,id_material_catalogo,quantidade_kg,preco_por_kg) VALUES (822,1,3,266.98,2.60);
INSERT INTO avaliacoes_compradores (id_venda,pontualidade_pagamento,logistica_entrega,qualidade_negociacao,comentario_livre) VALUES (822,4,2,3,'');
INSERT INTO vendas (id_venda,id_cooperativa,id_comprador,data_venda,valor_total) VALUES (823,48,82,'2025-04-10 02:43:39',0);
INSERT INTO vendas_itens (id_venda,id_material_base,id_material_catalogo,quantidade_kg,preco_por_kg) VALUES (823,1,2,190.07,2.29);
INSERT INTO vendas_itens (id_venda,id_material_base,id_material_catalogo,quantidade_kg,preco_por_kg) VALUES (823,2,5,493.96,0.80);
INSERT INTO avaliacoes_compradores (id_venda,pontualidade_pagamento,logistica_entrega,qualidade_negociacao,comentario_livre) VALUES (823,5,4,5,'');
INSERT INTO avaliacao_feedback_selecionado (id_avaliacao,id_feedback_tag) SELECT id_avaliacao,7 FROM avaliacoes_compradores WHERE id_venda=823;
INSERT INTO vendas (id_venda,id_cooperativa,id_comprador,data_venda,valor_total) VALUES (824,18,47,'2025-02-07 02:43:39',0);
INSERT INTO vendas_itens (id_venda,id_material_base,id_material_catalogo,quantidade_kg,preco_por_kg) VALUES (824,3,8,272.35,7.29);
INSERT INTO vendas_itens (id_venda,id_material_base,id_material_catalogo,quantidade_kg,preco_por_kg) VALUES (824,2,6,207.38,1.48);
INSERT INTO avaliacoes_compradores (id_venda,pontualidade_pagamento,logistica_entrega,qualidade_negociacao,comentario_livre) VALUES (824,4,3,2,'');
INSERT INTO vendas (id_venda,id_cooperativa,id_comprador,data_venda,valor_total) VALUES (825,25,82,'2025-05-01 02:43:39',0);
INSERT INTO vendas_itens (id_venda,id_material_base,id_material_catalogo,quantidade_kg,preco_por_kg) VALUES (825,3,8,295.97,6.43);
INSERT INTO vendas_itens (id_venda,id_material_base,id_material_catalogo,quantidade_kg,preco_por_kg) VALUES (825,1,2,591.09,2.66);
INSERT INTO avaliacoes_compradores (id_venda,pontualidade_pagamento,logistica_entrega,qualidade_negociacao,comentario_livre) VALUES (825,4,5,1,'');
INSERT INTO vendas (id_venda,id_cooperativa,id_comprador,data_venda,valor_total) VALUES (826,18,63,'2025-10-11 02:43:39',0);
INSERT INTO vendas_itens (id_venda,id_material_base,id_material_catalogo,quantidade_kg,preco_por_kg) VALUES (826,2,6,244.42,0.82);
INSERT INTO avaliacoes_compradores (id_venda,pontualidade_pagamento,logistica_entrega,qualidade_negociacao,comentario_livre) VALUES (826,4,3,3,'');
INSERT INTO vendas (id_venda,id_cooperativa,id_comprador,data_venda,valor_total) VALUES (827,8,24,'2025-01-23 02:43:39',0);
INSERT INTO vendas_itens (id_venda,id_material_base,id_material_catalogo,quantidade_kg,preco_por_kg) VALUES (827,2,5,76.39,0.99);
INSERT INTO vendas (id_venda,id_cooperativa,id_comprador,data_venda,valor_total) VALUES (828,33,58,'2025-10-27 02:43:39',0);
INSERT INTO vendas_itens (id_venda,id_material_base,id_material_catalogo,quantidade_kg,preco_por_kg) VALUES (828,3,8,328.58,5.05);
INSERT INTO vendas_itens (id_venda,id_material_base,id_material_catalogo,quantidade_kg,preco_por_kg) VALUES (828,2,5,535.99,0.81);
INSERT INTO vendas_itens (id_venda,id_material_base,id_material_catalogo,quantidade_kg,preco_por_kg) VALUES (828,2,6,266.02,0.57);
INSERT INTO vendas (id_venda,id_cooperativa,id_comprador,data_venda,valor_total) VALUES (829,48,25,'2025-02-20 02:43:39',0);
INSERT INTO vendas_itens (id_venda,id_material_base,id_material_catalogo,quantidade_kg,preco_por_kg) VALUES (829,2,6,340.53,0.99);
INSERT INTO vendas_itens (id_venda,id_material_base,id_material_catalogo,quantidade_kg,preco_por_kg) VALUES (829,2,6,422.65,1.37);
INSERT INTO avaliacoes_compradores (id_venda,pontualidade_pagamento,logistica_entrega,qualidade_negociacao,comentario_livre) VALUES (829,5,2,3,'');
INSERT INTO vendas (id_venda,id_cooperativa,id_comprador,data_venda,valor_total) VALUES (830,31,74,'2025-05-29 02:43:39',0);
INSERT INTO vendas_itens (id_venda,id_material_base,id_material_catalogo,quantidade_kg,preco_por_kg) VALUES (830,1,1,263.73,3.61);
INSERT INTO vendas_itens (id_venda,id_material_base,id_material_catalogo,quantidade_kg,preco_por_kg) VALUES (830,3,9,180.70,7.06);
INSERT INTO vendas_itens (id_venda,id_material_base,id_material_catalogo,quantidade_kg,preco_por_kg) VALUES (830,3,7,444.98,4.48);
INSERT INTO avaliacoes_compradores (id_venda,pontualidade_pagamento,logistica_entrega,qualidade_negociacao,comentario_livre) VALUES (830,2,3,3,'');
INSERT INTO vendas (id_venda,id_cooperativa,id_comprador,data_venda,valor_total) VALUES (831,25,71,'2025-08-21 02:43:39',0);
INSERT INTO vendas_itens (id_venda,id_material_base,id_material_catalogo,quantidade_kg,preco_por_kg) VALUES (831,3,9,406.56,5.30);
INSERT INTO vendas_itens (id_venda,id_material_base,id_material_catalogo,quantidade_kg,preco_por_kg) VALUES (831,2,4,326.01,0.61);
INSERT INTO avaliacoes_compradores (id_venda,pontualidade_pagamento,logistica_entrega,qualidade_negociacao,comentario_livre) VALUES (831,2,5,4,'');
INSERT INTO vendas (id_venda,id_cooperativa,id_comprador,data_venda,valor_total) VALUES (832,34,89,'2025-03-08 02:43:39',0);
INSERT INTO vendas_itens (id_venda,id_material_base,id_material_catalogo,quantidade_kg,preco_por_kg) VALUES (832,3,9,96.09,3.24);
INSERT INTO vendas_itens (id_venda,id_material_base,id_material_catalogo,quantidade_kg,preco_por_kg) VALUES (832,2,6,310.14,0.90);
INSERT INTO vendas_itens (id_venda,id_material_base,id_material_catalogo,quantidade_kg,preco_por_kg) VALUES (832,2,6,382.80,0.76);
INSERT INTO avaliacoes_compradores (id_venda,pontualidade_pagamento,logistica_entrega,qualidade_negociacao,comentario_livre) VALUES (832,1,1,3,'');
INSERT INTO avaliacao_feedback_selecionado (id_avaliacao,id_feedback_tag) SELECT id_avaliacao,15 FROM avaliacoes_compradores WHERE id_venda=832;
INSERT INTO avaliacao_feedback_selecionado (id_avaliacao,id_feedback_tag) SELECT id_avaliacao,13 FROM avaliacoes_compradores WHERE id_venda=832;
INSERT INTO avaliacao_feedback_selecionado (id_avaliacao,id_feedback_tag) SELECT id_avaliacao,12 FROM avaliacoes_compradores WHERE id_venda=832;
INSERT INTO vendas (id_venda,id_cooperativa,id_comprador,data_venda,valor_total) VALUES (833,14,100,'2025-10-18 02:43:39',0);
INSERT INTO vendas_itens (id_venda,id_material_base,id_material_catalogo,quantidade_kg,preco_por_kg) VALUES (833,3,9,324.66,4.31);
INSERT INTO vendas (id_venda,id_cooperativa,id_comprador,data_venda,valor_total) VALUES (834,12,29,'2025-02-27 02:43:39',0);
INSERT INTO vendas_itens (id_venda,id_material_base,id_material_catalogo,quantidade_kg,preco_por_kg) VALUES (834,1,1,565.41,1.91);
INSERT INTO vendas_itens (id_venda,id_material_base,id_material_catalogo,quantidade_kg,preco_por_kg) VALUES (834,1,2,259.98,3.37);
INSERT INTO avaliacoes_compradores (id_venda,pontualidade_pagamento,logistica_entrega,qualidade_negociacao,comentario_livre) VALUES (834,1,1,3,'');
INSERT INTO avaliacao_feedback_selecionado (id_avaliacao,id_feedback_tag) SELECT id_avaliacao,18 FROM avaliacoes_compradores WHERE id_venda=834;
INSERT INTO avaliacao_feedback_selecionado (id_avaliacao,id_feedback_tag) SELECT id_avaliacao,22 FROM avaliacoes_compradores WHERE id_venda=834;
INSERT INTO vendas (id_venda,id_cooperativa,id_comprador,data_venda,valor_total) VALUES (835,47,3,'2025-08-08 02:43:39',0);
INSERT INTO vendas_itens (id_venda,id_material_base,id_material_catalogo,quantidade_kg,preco_por_kg) VALUES (835,1,3,560.75,1.71);
INSERT INTO avaliacoes_compradores (id_venda,pontualidade_pagamento,logistica_entrega,qualidade_negociacao,comentario_livre) VALUES (835,2,4,4,'');
INSERT INTO vendas (id_venda,id_cooperativa,id_comprador,data_venda,valor_total) VALUES (836,24,13,'2025-01-26 02:43:39',0);
INSERT INTO vendas_itens (id_venda,id_material_base,id_material_catalogo,quantidade_kg,preco_por_kg) VALUES (836,1,3,105.68,2.16);
INSERT INTO vendas (id_venda,id_cooperativa,id_comprador,data_venda,valor_total) VALUES (837,33,58,'2025-02-07 02:43:39',0);
INSERT INTO vendas_itens (id_venda,id_material_base,id_material_catalogo,quantidade_kg,preco_por_kg) VALUES (837,1,3,479.17,2.84);
INSERT INTO vendas_itens (id_venda,id_material_base,id_material_catalogo,quantidade_kg,preco_por_kg) VALUES (837,3,9,286.67,6.17);
INSERT INTO vendas_itens (id_venda,id_material_base,id_material_catalogo,quantidade_kg,preco_por_kg) VALUES (837,3,8,533.24,5.59);
INSERT INTO avaliacoes_compradores (id_venda,pontualidade_pagamento,logistica_entrega,qualidade_negociacao,comentario_livre) VALUES (837,1,4,3,'');
INSERT INTO vendas (id_venda,id_cooperativa,id_comprador,data_venda,valor_total) VALUES (838,41,95,'2024-11-22 02:43:39',0);
INSERT INTO vendas_itens (id_venda,id_material_base,id_material_catalogo,quantidade_kg,preco_por_kg) VALUES (838,3,7,328.08,7.89);
INSERT INTO vendas_itens (id_venda,id_material_base,id_material_catalogo,quantidade_kg,preco_por_kg) VALUES (838,3,8,157.10,6.99);
INSERT INTO avaliacoes_compradores (id_venda,pontualidade_pagamento,logistica_entrega,qualidade_negociacao,comentario_livre) VALUES (838,3,2,1,'');
INSERT INTO avaliacao_feedback_selecionado (id_avaliacao,id_feedback_tag) SELECT id_avaliacao,19 FROM avaliacoes_compradores WHERE id_venda=838;
INSERT INTO avaliacao_feedback_selecionado (id_avaliacao,id_feedback_tag) SELECT id_avaliacao,22 FROM avaliacoes_compradores WHERE id_venda=838;
INSERT INTO avaliacao_feedback_selecionado (id_avaliacao,id_feedback_tag) SELECT id_avaliacao,13 FROM avaliacoes_compradores WHERE id_venda=838;
INSERT INTO vendas (id_venda,id_cooperativa,id_comprador,data_venda,valor_total) VALUES (839,33,74,'2025-06-29 02:43:39',0);
INSERT INTO vendas_itens (id_venda,id_material_base,id_material_catalogo,quantidade_kg,preco_por_kg) VALUES (839,2,6,202.43,1.20);
INSERT INTO vendas_itens (id_venda,id_material_base,id_material_catalogo,quantidade_kg,preco_por_kg) VALUES (839,1,1,46.90,2.84);
INSERT INTO vendas_itens (id_venda,id_material_base,id_material_catalogo,quantidade_kg,preco_por_kg) VALUES (839,3,7,316.45,3.78);
INSERT INTO avaliacoes_compradores (id_venda,pontualidade_pagamento,logistica_entrega,qualidade_negociacao,comentario_livre) VALUES (839,4,1,1,'');
INSERT INTO avaliacao_feedback_selecionado (id_avaliacao,id_feedback_tag) SELECT id_avaliacao,14 FROM avaliacoes_compradores WHERE id_venda=839;
INSERT INTO avaliacao_feedback_selecionado (id_avaliacao,id_feedback_tag) SELECT id_avaliacao,22 FROM avaliacoes_compradores WHERE id_venda=839;
INSERT INTO avaliacao_feedback_selecionado (id_avaliacao,id_feedback_tag) SELECT id_avaliacao,13 FROM avaliacoes_compradores WHERE id_venda=839;
INSERT INTO vendas (id_venda,id_cooperativa,id_comprador,data_venda,valor_total) VALUES (840,9,51,'2025-01-27 02:43:39',0);
INSERT INTO vendas_itens (id_venda,id_material_base,id_material_catalogo,quantidade_kg,preco_por_kg) VALUES (840,3,9,67.93,3.43);
INSERT INTO vendas (id_venda,id_cooperativa,id_comprador,data_venda,valor_total) VALUES (841,15,80,'2025-10-29 02:43:39',0);
INSERT INTO vendas_itens (id_venda,id_material_base,id_material_catalogo,quantidade_kg,preco_por_kg) VALUES (841,1,1,547.20,3.25);
INSERT INTO vendas_itens (id_venda,id_material_base,id_material_catalogo,quantidade_kg,preco_por_kg) VALUES (841,1,1,183.32,2.18);
INSERT INTO vendas_itens (id_venda,id_material_base,id_material_catalogo,quantidade_kg,preco_por_kg) VALUES (841,3,8,356.82,3.51);
INSERT INTO avaliacoes_compradores (id_venda,pontualidade_pagamento,logistica_entrega,qualidade_negociacao,comentario_livre) VALUES (841,3,1,3,'');
INSERT INTO vendas (id_venda,id_cooperativa,id_comprador,data_venda,valor_total) VALUES (842,21,77,'2025-05-15 02:43:39',0);
INSERT INTO vendas_itens (id_venda,id_material_base,id_material_catalogo,quantidade_kg,preco_por_kg) VALUES (842,3,9,262.19,2.78);
INSERT INTO vendas (id_venda,id_cooperativa,id_comprador,data_venda,valor_total) VALUES (843,4,50,'2024-11-29 02:43:39',0);
INSERT INTO vendas_itens (id_venda,id_material_base,id_material_catalogo,quantidade_kg,preco_por_kg) VALUES (843,3,7,397.92,6.12);
INSERT INTO avaliacoes_compradores (id_venda,pontualidade_pagamento,logistica_entrega,qualidade_negociacao,comentario_livre) VALUES (843,4,5,3,'');
INSERT INTO avaliacao_feedback_selecionado (id_avaliacao,id_feedback_tag) SELECT id_avaliacao,2 FROM avaliacoes_compradores WHERE id_venda=843;
INSERT INTO avaliacao_feedback_selecionado (id_avaliacao,id_feedback_tag) SELECT id_avaliacao,3 FROM avaliacoes_compradores WHERE id_venda=843;
INSERT INTO avaliacao_feedback_selecionado (id_avaliacao,id_feedback_tag) SELECT id_avaliacao,7 FROM avaliacoes_compradores WHERE id_venda=843;
INSERT INTO vendas (id_venda,id_cooperativa,id_comprador,data_venda,valor_total) VALUES (844,40,66,'2025-02-15 02:43:39',0);
INSERT INTO vendas_itens (id_venda,id_material_base,id_material_catalogo,quantidade_kg,preco_por_kg) VALUES (844,1,2,63.47,3.43);
INSERT INTO vendas (id_venda,id_cooperativa,id_comprador,data_venda,valor_total) VALUES (845,17,52,'2025-06-01 02:43:39',0);
INSERT INTO vendas_itens (id_venda,id_material_base,id_material_catalogo,quantidade_kg,preco_por_kg) VALUES (845,3,8,376.86,7.32);
INSERT INTO vendas (id_venda,id_cooperativa,id_comprador,data_venda,valor_total) VALUES (846,46,36,'2025-09-23 02:43:39',0);
INSERT INTO vendas_itens (id_venda,id_material_base,id_material_catalogo,quantidade_kg,preco_por_kg) VALUES (846,3,7,218.09,3.52);
INSERT INTO vendas (id_venda,id_cooperativa,id_comprador,data_venda,valor_total) VALUES (847,46,63,'2025-01-09 02:43:39',0);
INSERT INTO vendas_itens (id_venda,id_material_base,id_material_catalogo,quantidade_kg,preco_por_kg) VALUES (847,2,6,540.68,0.76);
INSERT INTO avaliacoes_compradores (id_venda,pontualidade_pagamento,logistica_entrega,qualidade_negociacao,comentario_livre) VALUES (847,1,4,4,'');
INSERT INTO vendas (id_venda,id_cooperativa,id_comprador,data_venda,valor_total) VALUES (848,29,10,'2025-01-12 02:43:39',0);
INSERT INTO vendas_itens (id_venda,id_material_base,id_material_catalogo,quantidade_kg,preco_por_kg) VALUES (848,3,9,270.91,7.10);
INSERT INTO vendas_itens (id_venda,id_material_base,id_material_catalogo,quantidade_kg,preco_por_kg) VALUES (848,1,1,280.77,2.73);
INSERT INTO vendas_itens (id_venda,id_material_base,id_material_catalogo,quantidade_kg,preco_por_kg) VALUES (848,1,1,215.94,2.84);
INSERT INTO avaliacoes_compradores (id_venda,pontualidade_pagamento,logistica_entrega,qualidade_negociacao,comentario_livre) VALUES (848,4,4,1,'');
INSERT INTO vendas (id_venda,id_cooperativa,id_comprador,data_venda,valor_total) VALUES (849,30,46,'2025-08-21 02:43:39',0);
INSERT INTO vendas_itens (id_venda,id_material_base,id_material_catalogo,quantidade_kg,preco_por_kg) VALUES (849,3,8,260.18,7.91);
INSERT INTO vendas_itens (id_venda,id_material_base,id_material_catalogo,quantidade_kg,preco_por_kg) VALUES (849,2,5,313.65,0.93);
INSERT INTO vendas_itens (id_venda,id_material_base,id_material_catalogo,quantidade_kg,preco_por_kg) VALUES (849,1,1,255.08,2.37);
INSERT INTO vendas (id_venda,id_cooperativa,id_comprador,data_venda,valor_total) VALUES (850,33,6,'2025-03-26 02:43:39',0);
INSERT INTO vendas_itens (id_venda,id_material_base,id_material_catalogo,quantidade_kg,preco_por_kg) VALUES (850,1,3,599.38,3.70);
INSERT INTO vendas_itens (id_venda,id_material_base,id_material_catalogo,quantidade_kg,preco_por_kg) VALUES (850,3,7,396.39,3.53);
INSERT INTO avaliacoes_compradores (id_venda,pontualidade_pagamento,logistica_entrega,qualidade_negociacao,comentario_livre) VALUES (850,5,4,3,'');
INSERT INTO avaliacao_feedback_selecionado (id_avaliacao,id_feedback_tag) SELECT id_avaliacao,6 FROM avaliacoes_compradores WHERE id_venda=850;
INSERT INTO vendas (id_venda,id_cooperativa,id_comprador,data_venda,valor_total) VALUES (851,5,7,'2025-01-25 02:43:39',0);
INSERT INTO vendas_itens (id_venda,id_material_base,id_material_catalogo,quantidade_kg,preco_por_kg) VALUES (851,1,1,149.17,2.06);
INSERT INTO vendas_itens (id_venda,id_material_base,id_material_catalogo,quantidade_kg,preco_por_kg) VALUES (851,1,1,32.83,1.96);
INSERT INTO vendas (id_venda,id_cooperativa,id_comprador,data_venda,valor_total) VALUES (852,7,22,'2024-12-06 02:43:39',0);
INSERT INTO vendas_itens (id_venda,id_material_base,id_material_catalogo,quantidade_kg,preco_por_kg) VALUES (852,3,9,275.77,5.11);
INSERT INTO vendas_itens (id_venda,id_material_base,id_material_catalogo,quantidade_kg,preco_por_kg) VALUES (852,3,7,106.91,5.16);
INSERT INTO vendas_itens (id_venda,id_material_base,id_material_catalogo,quantidade_kg,preco_por_kg) VALUES (852,3,9,507.79,5.28);
INSERT INTO avaliacoes_compradores (id_venda,pontualidade_pagamento,logistica_entrega,qualidade_negociacao,comentario_livre) VALUES (852,1,5,4,'');
INSERT INTO vendas (id_venda,id_cooperativa,id_comprador,data_venda,valor_total) VALUES (853,50,10,'2025-04-03 02:43:39',0);
INSERT INTO vendas_itens (id_venda,id_material_base,id_material_catalogo,quantidade_kg,preco_por_kg) VALUES (853,2,6,244.28,1.45);
INSERT INTO avaliacoes_compradores (id_venda,pontualidade_pagamento,logistica_entrega,qualidade_negociacao,comentario_livre) VALUES (853,4,3,2,'');
INSERT INTO vendas (id_venda,id_cooperativa,id_comprador,data_venda,valor_total) VALUES (854,35,27,'2025-11-11 02:43:39',0);
INSERT INTO vendas_itens (id_venda,id_material_base,id_material_catalogo,quantidade_kg,preco_por_kg) VALUES (854,2,6,59.98,1.07);
INSERT INTO vendas_itens (id_venda,id_material_base,id_material_catalogo,quantidade_kg,preco_por_kg) VALUES (854,2,5,79.77,1.24);
INSERT INTO vendas_itens (id_venda,id_material_base,id_material_catalogo,quantidade_kg,preco_por_kg) VALUES (854,1,2,230.86,2.53);
INSERT INTO avaliacoes_compradores (id_venda,pontualidade_pagamento,logistica_entrega,qualidade_negociacao,comentario_livre) VALUES (854,5,3,5,'');
INSERT INTO avaliacao_feedback_selecionado (id_avaliacao,id_feedback_tag) SELECT id_avaliacao,11 FROM avaliacoes_compradores WHERE id_venda=854;
INSERT INTO vendas (id_venda,id_cooperativa,id_comprador,data_venda,valor_total) VALUES (855,45,50,'2025-02-17 02:43:39',0);
INSERT INTO vendas_itens (id_venda,id_material_base,id_material_catalogo,quantidade_kg,preco_por_kg) VALUES (855,3,8,123.85,4.02);
INSERT INTO avaliacoes_compradores (id_venda,pontualidade_pagamento,logistica_entrega,qualidade_negociacao,comentario_livre) VALUES (855,4,1,2,'');
INSERT INTO vendas (id_venda,id_cooperativa,id_comprador,data_venda,valor_total) VALUES (856,47,98,'2025-11-06 02:43:39',0);
INSERT INTO vendas_itens (id_venda,id_material_base,id_material_catalogo,quantidade_kg,preco_por_kg) VALUES (856,2,5,592.38,1.18);
INSERT INTO vendas_itens (id_venda,id_material_base,id_material_catalogo,quantidade_kg,preco_por_kg) VALUES (856,1,3,167.04,3.48);
INSERT INTO vendas (id_venda,id_cooperativa,id_comprador,data_venda,valor_total) VALUES (857,44,14,'2025-02-27 02:43:39',0);
INSERT INTO vendas_itens (id_venda,id_material_base,id_material_catalogo,quantidade_kg,preco_por_kg) VALUES (857,3,9,219.14,5.59);
INSERT INTO vendas_itens (id_venda,id_material_base,id_material_catalogo,quantidade_kg,preco_por_kg) VALUES (857,1,1,33.39,2.60);
INSERT INTO avaliacoes_compradores (id_venda,pontualidade_pagamento,logistica_entrega,qualidade_negociacao,comentario_livre) VALUES (857,5,1,2,'');
INSERT INTO vendas (id_venda,id_cooperativa,id_comprador,data_venda,valor_total) VALUES (858,31,31,'2024-11-27 02:43:39',0);
INSERT INTO vendas_itens (id_venda,id_material_base,id_material_catalogo,quantidade_kg,preco_por_kg) VALUES (858,3,7,297.59,4.66);
INSERT INTO vendas (id_venda,id_cooperativa,id_comprador,data_venda,valor_total) VALUES (859,38,74,'2025-07-04 02:43:39',0);
INSERT INTO vendas_itens (id_venda,id_material_base,id_material_catalogo,quantidade_kg,preco_por_kg) VALUES (859,3,7,465.65,3.27);
INSERT INTO avaliacoes_compradores (id_venda,pontualidade_pagamento,logistica_entrega,qualidade_negociacao,comentario_livre) VALUES (859,2,4,2,'');
INSERT INTO vendas (id_venda,id_cooperativa,id_comprador,data_venda,valor_total) VALUES (860,44,27,'2025-04-02 02:43:39',0);
INSERT INTO vendas_itens (id_venda,id_material_base,id_material_catalogo,quantidade_kg,preco_por_kg) VALUES (860,1,3,559.64,1.45);
INSERT INTO vendas_itens (id_venda,id_material_base,id_material_catalogo,quantidade_kg,preco_por_kg) VALUES (860,2,5,132.05,1.02);
INSERT INTO vendas_itens (id_venda,id_material_base,id_material_catalogo,quantidade_kg,preco_por_kg) VALUES (860,3,7,485.98,4.84);
INSERT INTO avaliacoes_compradores (id_venda,pontualidade_pagamento,logistica_entrega,qualidade_negociacao,comentario_livre) VALUES (860,3,1,3,'');
INSERT INTO vendas (id_venda,id_cooperativa,id_comprador,data_venda,valor_total) VALUES (861,30,74,'2025-06-04 02:43:39',0);
INSERT INTO vendas_itens (id_venda,id_material_base,id_material_catalogo,quantidade_kg,preco_por_kg) VALUES (861,1,3,323.80,3.65);
INSERT INTO vendas_itens (id_venda,id_material_base,id_material_catalogo,quantidade_kg,preco_por_kg) VALUES (861,3,8,449.56,5.66);
INSERT INTO avaliacoes_compradores (id_venda,pontualidade_pagamento,logistica_entrega,qualidade_negociacao,comentario_livre) VALUES (861,2,2,1,'');
INSERT INTO avaliacao_feedback_selecionado (id_avaliacao,id_feedback_tag) SELECT id_avaliacao,12 FROM avaliacoes_compradores WHERE id_venda=861;
INSERT INTO vendas (id_venda,id_cooperativa,id_comprador,data_venda,valor_total) VALUES (862,8,80,'2025-07-14 02:43:39',0);
INSERT INTO vendas_itens (id_venda,id_material_base,id_material_catalogo,quantidade_kg,preco_por_kg) VALUES (862,3,8,107.07,7.72);
INSERT INTO vendas_itens (id_venda,id_material_base,id_material_catalogo,quantidade_kg,preco_por_kg) VALUES (862,1,3,206.11,3.43);
INSERT INTO vendas_itens (id_venda,id_material_base,id_material_catalogo,quantidade_kg,preco_por_kg) VALUES (862,1,2,409.68,1.89);
INSERT INTO vendas (id_venda,id_cooperativa,id_comprador,data_venda,valor_total) VALUES (863,8,89,'2025-05-23 02:43:39',0);
INSERT INTO vendas_itens (id_venda,id_material_base,id_material_catalogo,quantidade_kg,preco_por_kg) VALUES (863,1,2,537.44,2.68);
INSERT INTO avaliacoes_compradores (id_venda,pontualidade_pagamento,logistica_entrega,qualidade_negociacao,comentario_livre) VALUES (863,4,5,2,'');
INSERT INTO vendas (id_venda,id_cooperativa,id_comprador,data_venda,valor_total) VALUES (864,39,60,'2025-02-21 02:43:39',0);
INSERT INTO vendas_itens (id_venda,id_material_base,id_material_catalogo,quantidade_kg,preco_por_kg) VALUES (864,1,3,483.16,2.79);
INSERT INTO vendas (id_venda,id_cooperativa,id_comprador,data_venda,valor_total) VALUES (865,38,4,'2025-01-19 02:43:39',0);
INSERT INTO vendas_itens (id_venda,id_material_base,id_material_catalogo,quantidade_kg,preco_por_kg) VALUES (865,1,1,306.47,3.30);
INSERT INTO vendas_itens (id_venda,id_material_base,id_material_catalogo,quantidade_kg,preco_por_kg) VALUES (865,1,2,359.89,3.01);
INSERT INTO avaliacoes_compradores (id_venda,pontualidade_pagamento,logistica_entrega,qualidade_negociacao,comentario_livre) VALUES (865,5,1,3,'');
INSERT INTO vendas (id_venda,id_cooperativa,id_comprador,data_venda,valor_total) VALUES (866,2,81,'2025-11-15 02:43:39',0);
INSERT INTO vendas_itens (id_venda,id_material_base,id_material_catalogo,quantidade_kg,preco_por_kg) VALUES (866,1,2,161.82,3.19);
INSERT INTO avaliacoes_compradores (id_venda,pontualidade_pagamento,logistica_entrega,qualidade_negociacao,comentario_livre) VALUES (866,5,5,1,'');
INSERT INTO vendas (id_venda,id_cooperativa,id_comprador,data_venda,valor_total) VALUES (867,3,48,'2025-01-02 02:43:39',0);
INSERT INTO vendas_itens (id_venda,id_material_base,id_material_catalogo,quantidade_kg,preco_por_kg) VALUES (867,1,1,391.74,1.85);
INSERT INTO vendas_itens (id_venda,id_material_base,id_material_catalogo,quantidade_kg,preco_por_kg) VALUES (867,3,8,466.06,2.74);
INSERT INTO vendas_itens (id_venda,id_material_base,id_material_catalogo,quantidade_kg,preco_por_kg) VALUES (867,3,7,78.73,6.87);
INSERT INTO avaliacoes_compradores (id_venda,pontualidade_pagamento,logistica_entrega,qualidade_negociacao,comentario_livre) VALUES (867,1,3,2,'');
INSERT INTO avaliacao_feedback_selecionado (id_avaliacao,id_feedback_tag) SELECT id_avaliacao,13 FROM avaliacoes_compradores WHERE id_venda=867;
INSERT INTO avaliacao_feedback_selecionado (id_avaliacao,id_feedback_tag) SELECT id_avaliacao,22 FROM avaliacoes_compradores WHERE id_venda=867;
INSERT INTO avaliacao_feedback_selecionado (id_avaliacao,id_feedback_tag) SELECT id_avaliacao,20 FROM avaliacoes_compradores WHERE id_venda=867;
INSERT INTO vendas (id_venda,id_cooperativa,id_comprador,data_venda,valor_total) VALUES (868,44,33,'2025-09-07 02:43:39',0);
INSERT INTO vendas_itens (id_venda,id_material_base,id_material_catalogo,quantidade_kg,preco_por_kg) VALUES (868,1,2,548.84,1.86);
INSERT INTO vendas_itens (id_venda,id_material_base,id_material_catalogo,quantidade_kg,preco_por_kg) VALUES (868,1,2,510.02,3.35);
INSERT INTO avaliacoes_compradores (id_venda,pontualidade_pagamento,logistica_entrega,qualidade_negociacao,comentario_livre) VALUES (868,5,1,1,'');
INSERT INTO vendas (id_venda,id_cooperativa,id_comprador,data_venda,valor_total) VALUES (869,15,50,'2025-04-15 02:43:39',0);
INSERT INTO vendas_itens (id_venda,id_material_base,id_material_catalogo,quantidade_kg,preco_por_kg) VALUES (869,1,3,201.41,1.58);
INSERT INTO vendas_itens (id_venda,id_material_base,id_material_catalogo,quantidade_kg,preco_por_kg) VALUES (869,3,9,524.93,5.74);
INSERT INTO vendas_itens (id_venda,id_material_base,id_material_catalogo,quantidade_kg,preco_por_kg) VALUES (869,1,1,496.59,3.56);
INSERT INTO avaliacoes_compradores (id_venda,pontualidade_pagamento,logistica_entrega,qualidade_negociacao,comentario_livre) VALUES (869,3,4,3,'');
INSERT INTO vendas (id_venda,id_cooperativa,id_comprador,data_venda,valor_total) VALUES (870,9,67,'2024-12-22 02:43:39',0);
INSERT INTO vendas_itens (id_venda,id_material_base,id_material_catalogo,quantidade_kg,preco_por_kg) VALUES (870,1,1,402.80,3.44);
INSERT INTO avaliacoes_compradores (id_venda,pontualidade_pagamento,logistica_entrega,qualidade_negociacao,comentario_livre) VALUES (870,2,5,3,'');
INSERT INTO vendas (id_venda,id_cooperativa,id_comprador,data_venda,valor_total) VALUES (871,19,27,'2025-05-03 02:43:39',0);
INSERT INTO vendas_itens (id_venda,id_material_base,id_material_catalogo,quantidade_kg,preco_por_kg) VALUES (871,1,3,142.07,3.76);
INSERT INTO avaliacoes_compradores (id_venda,pontualidade_pagamento,logistica_entrega,qualidade_negociacao,comentario_livre) VALUES (871,1,1,3,'');
INSERT INTO avaliacao_feedback_selecionado (id_avaliacao,id_feedback_tag) SELECT id_avaliacao,21 FROM avaliacoes_compradores WHERE id_venda=871;
INSERT INTO vendas (id_venda,id_cooperativa,id_comprador,data_venda,valor_total) VALUES (872,44,78,'2025-03-28 02:43:39',0);
INSERT INTO vendas_itens (id_venda,id_material_base,id_material_catalogo,quantidade_kg,preco_por_kg) VALUES (872,2,6,97.49,1.15);
INSERT INTO vendas_itens (id_venda,id_material_base,id_material_catalogo,quantidade_kg,preco_por_kg) VALUES (872,2,4,69.59,0.93);
INSERT INTO vendas_itens (id_venda,id_material_base,id_material_catalogo,quantidade_kg,preco_por_kg) VALUES (872,3,7,237.26,6.59);
INSERT INTO vendas (id_venda,id_cooperativa,id_comprador,data_venda,valor_total) VALUES (873,21,10,'2025-07-12 02:43:39',0);
INSERT INTO vendas_itens (id_venda,id_material_base,id_material_catalogo,quantidade_kg,preco_por_kg) VALUES (873,1,1,399.65,3.53);
INSERT INTO vendas_itens (id_venda,id_material_base,id_material_catalogo,quantidade_kg,preco_por_kg) VALUES (873,2,6,202.91,1.29);
INSERT INTO vendas_itens (id_venda,id_material_base,id_material_catalogo,quantidade_kg,preco_por_kg) VALUES (873,2,6,317.86,1.61);
INSERT INTO vendas (id_venda,id_cooperativa,id_comprador,data_venda,valor_total) VALUES (874,37,57,'2025-06-10 02:43:39',0);
INSERT INTO vendas_itens (id_venda,id_material_base,id_material_catalogo,quantidade_kg,preco_por_kg) VALUES (874,3,9,270.76,5.37);
INSERT INTO vendas_itens (id_venda,id_material_base,id_material_catalogo,quantidade_kg,preco_por_kg) VALUES (874,1,3,534.96,3.23);
INSERT INTO avaliacoes_compradores (id_venda,pontualidade_pagamento,logistica_entrega,qualidade_negociacao,comentario_livre) VALUES (874,5,5,5,'');
INSERT INTO avaliacao_feedback_selecionado (id_avaliacao,id_feedback_tag) SELECT id_avaliacao,3 FROM avaliacoes_compradores WHERE id_venda=874;
INSERT INTO avaliacao_feedback_selecionado (id_avaliacao,id_feedback_tag) SELECT id_avaliacao,5 FROM avaliacoes_compradores WHERE id_venda=874;
INSERT INTO avaliacao_feedback_selecionado (id_avaliacao,id_feedback_tag) SELECT id_avaliacao,4 FROM avaliacoes_compradores WHERE id_venda=874;
INSERT INTO vendas (id_venda,id_cooperativa,id_comprador,data_venda,valor_total) VALUES (875,29,64,'2025-09-06 02:43:39',0);
INSERT INTO vendas_itens (id_venda,id_material_base,id_material_catalogo,quantidade_kg,preco_por_kg) VALUES (875,2,5,108.64,1.30);
INSERT INTO vendas_itens (id_venda,id_material_base,id_material_catalogo,quantidade_kg,preco_por_kg) VALUES (875,3,8,171.64,7.80);
INSERT INTO avaliacoes_compradores (id_venda,pontualidade_pagamento,logistica_entrega,qualidade_negociacao,comentario_livre) VALUES (875,2,5,4,'');
INSERT INTO vendas (id_venda,id_cooperativa,id_comprador,data_venda,valor_total) VALUES (876,40,87,'2025-02-02 02:43:39',0);
INSERT INTO vendas_itens (id_venda,id_material_base,id_material_catalogo,quantidade_kg,preco_por_kg) VALUES (876,1,3,298.53,2.87);
INSERT INTO vendas_itens (id_venda,id_material_base,id_material_catalogo,quantidade_kg,preco_por_kg) VALUES (876,1,3,284.39,3.38);
INSERT INTO vendas_itens (id_venda,id_material_base,id_material_catalogo,quantidade_kg,preco_por_kg) VALUES (876,2,6,92.97,1.61);
INSERT INTO vendas (id_venda,id_cooperativa,id_comprador,data_venda,valor_total) VALUES (877,37,10,'2025-10-27 02:43:39',0);
INSERT INTO vendas_itens (id_venda,id_material_base,id_material_catalogo,quantidade_kg,preco_por_kg) VALUES (877,3,7,141.32,3.70);
INSERT INTO avaliacoes_compradores (id_venda,pontualidade_pagamento,logistica_entrega,qualidade_negociacao,comentario_livre) VALUES (877,2,2,5,'');
INSERT INTO vendas (id_venda,id_cooperativa,id_comprador,data_venda,valor_total) VALUES (878,5,37,'2025-08-23 02:43:39',0);
INSERT INTO vendas_itens (id_venda,id_material_base,id_material_catalogo,quantidade_kg,preco_por_kg) VALUES (878,2,5,594.92,1.28);
INSERT INTO vendas (id_venda,id_cooperativa,id_comprador,data_venda,valor_total) VALUES (879,5,13,'2025-02-24 02:43:39',0);
INSERT INTO vendas_itens (id_venda,id_material_base,id_material_catalogo,quantidade_kg,preco_por_kg) VALUES (879,3,7,118.17,3.71);
INSERT INTO vendas_itens (id_venda,id_material_base,id_material_catalogo,quantidade_kg,preco_por_kg) VALUES (879,1,2,172.01,3.47);
INSERT INTO vendas_itens (id_venda,id_material_base,id_material_catalogo,quantidade_kg,preco_por_kg) VALUES (879,1,2,209.17,3.95);
INSERT INTO vendas (id_venda,id_cooperativa,id_comprador,data_venda,valor_total) VALUES (880,18,63,'2025-09-10 02:43:39',0);
INSERT INTO vendas_itens (id_venda,id_material_base,id_material_catalogo,quantidade_kg,preco_por_kg) VALUES (880,2,4,252.64,1.75);
INSERT INTO vendas_itens (id_venda,id_material_base,id_material_catalogo,quantidade_kg,preco_por_kg) VALUES (880,1,3,36.04,2.66);
INSERT INTO avaliacoes_compradores (id_venda,pontualidade_pagamento,logistica_entrega,qualidade_negociacao,comentario_livre) VALUES (880,3,5,2,'');
INSERT INTO vendas (id_venda,id_cooperativa,id_comprador,data_venda,valor_total) VALUES (881,42,5,'2025-09-04 02:43:39',0);
INSERT INTO vendas_itens (id_venda,id_material_base,id_material_catalogo,quantidade_kg,preco_por_kg) VALUES (881,1,2,388.40,3.78);
INSERT INTO vendas_itens (id_venda,id_material_base,id_material_catalogo,quantidade_kg,preco_por_kg) VALUES (881,1,3,591.29,2.99);
INSERT INTO vendas (id_venda,id_cooperativa,id_comprador,data_venda,valor_total) VALUES (882,46,41,'2025-07-29 02:43:39',0);
INSERT INTO vendas_itens (id_venda,id_material_base,id_material_catalogo,quantidade_kg,preco_por_kg) VALUES (882,3,9,429.81,3.30);
INSERT INTO vendas_itens (id_venda,id_material_base,id_material_catalogo,quantidade_kg,preco_por_kg) VALUES (882,3,8,468.35,5.81);
INSERT INTO vendas_itens (id_venda,id_material_base,id_material_catalogo,quantidade_kg,preco_por_kg) VALUES (882,3,7,191.36,3.79);
INSERT INTO avaliacoes_compradores (id_venda,pontualidade_pagamento,logistica_entrega,qualidade_negociacao,comentario_livre) VALUES (882,1,4,5,'');
INSERT INTO vendas (id_venda,id_cooperativa,id_comprador,data_venda,valor_total) VALUES (883,30,15,'2025-07-28 02:43:39',0);
INSERT INTO vendas_itens (id_venda,id_material_base,id_material_catalogo,quantidade_kg,preco_por_kg) VALUES (883,3,8,332.27,7.17);
INSERT INTO vendas_itens (id_venda,id_material_base,id_material_catalogo,quantidade_kg,preco_por_kg) VALUES (883,1,3,525.73,1.53);
INSERT INTO avaliacoes_compradores (id_venda,pontualidade_pagamento,logistica_entrega,qualidade_negociacao,comentario_livre) VALUES (883,2,1,1,'');
INSERT INTO avaliacao_feedback_selecionado (id_avaliacao,id_feedback_tag) SELECT id_avaliacao,13 FROM avaliacoes_compradores WHERE id_venda=883;
INSERT INTO avaliacao_feedback_selecionado (id_avaliacao,id_feedback_tag) SELECT id_avaliacao,14 FROM avaliacoes_compradores WHERE id_venda=883;
INSERT INTO avaliacao_feedback_selecionado (id_avaliacao,id_feedback_tag) SELECT id_avaliacao,15 FROM avaliacoes_compradores WHERE id_venda=883;
INSERT INTO vendas (id_venda,id_cooperativa,id_comprador,data_venda,valor_total) VALUES (884,28,99,'2025-05-05 02:43:39',0);
INSERT INTO vendas_itens (id_venda,id_material_base,id_material_catalogo,quantidade_kg,preco_por_kg) VALUES (884,2,5,246.62,1.40);
INSERT INTO vendas_itens (id_venda,id_material_base,id_material_catalogo,quantidade_kg,preco_por_kg) VALUES (884,3,8,73.50,2.91);
INSERT INTO vendas_itens (id_venda,id_material_base,id_material_catalogo,quantidade_kg,preco_por_kg) VALUES (884,3,9,98.91,5.80);
INSERT INTO vendas (id_venda,id_cooperativa,id_comprador,data_venda,valor_total) VALUES (885,25,44,'2024-12-28 02:43:39',0);
INSERT INTO vendas_itens (id_venda,id_material_base,id_material_catalogo,quantidade_kg,preco_por_kg) VALUES (885,3,9,331.83,3.88);
INSERT INTO avaliacoes_compradores (id_venda,pontualidade_pagamento,logistica_entrega,qualidade_negociacao,comentario_livre) VALUES (885,5,3,5,'');
INSERT INTO avaliacao_feedback_selecionado (id_avaliacao,id_feedback_tag) SELECT id_avaliacao,11 FROM avaliacoes_compradores WHERE id_venda=885;
INSERT INTO avaliacao_feedback_selecionado (id_avaliacao,id_feedback_tag) SELECT id_avaliacao,3 FROM avaliacoes_compradores WHERE id_venda=885;
INSERT INTO vendas (id_venda,id_cooperativa,id_comprador,data_venda,valor_total) VALUES (886,35,2,'2025-08-24 02:43:39',0);
INSERT INTO vendas_itens (id_venda,id_material_base,id_material_catalogo,quantidade_kg,preco_por_kg) VALUES (886,2,6,348.87,0.69);
INSERT INTO vendas_itens (id_venda,id_material_base,id_material_catalogo,quantidade_kg,preco_por_kg) VALUES (886,3,7,118.61,6.63);
INSERT INTO avaliacoes_compradores (id_venda,pontualidade_pagamento,logistica_entrega,qualidade_negociacao,comentario_livre) VALUES (886,3,3,5,'');
INSERT INTO vendas (id_venda,id_cooperativa,id_comprador,data_venda,valor_total) VALUES (887,42,2,'2025-01-10 02:43:39',0);
INSERT INTO vendas_itens (id_venda,id_material_base,id_material_catalogo,quantidade_kg,preco_por_kg) VALUES (887,1,1,535.73,2.54);
INSERT INTO vendas_itens (id_venda,id_material_base,id_material_catalogo,quantidade_kg,preco_por_kg) VALUES (887,1,2,142.31,2.21);
INSERT INTO avaliacoes_compradores (id_venda,pontualidade_pagamento,logistica_entrega,qualidade_negociacao,comentario_livre) VALUES (887,3,3,5,'');
INSERT INTO vendas (id_venda,id_cooperativa,id_comprador,data_venda,valor_total) VALUES (888,6,79,'2025-06-14 02:43:39',0);
INSERT INTO vendas_itens (id_venda,id_material_base,id_material_catalogo,quantidade_kg,preco_por_kg) VALUES (888,3,7,443.34,5.60);
INSERT INTO vendas_itens (id_venda,id_material_base,id_material_catalogo,quantidade_kg,preco_por_kg) VALUES (888,2,6,66.12,1.44);
INSERT INTO vendas_itens (id_venda,id_material_base,id_material_catalogo,quantidade_kg,preco_por_kg) VALUES (888,3,7,231.19,3.59);
INSERT INTO avaliacoes_compradores (id_venda,pontualidade_pagamento,logistica_entrega,qualidade_negociacao,comentario_livre) VALUES (888,2,2,1,'');
INSERT INTO avaliacao_feedback_selecionado (id_avaliacao,id_feedback_tag) SELECT id_avaliacao,12 FROM avaliacoes_compradores WHERE id_venda=888;
INSERT INTO avaliacao_feedback_selecionado (id_avaliacao,id_feedback_tag) SELECT id_avaliacao,22 FROM avaliacoes_compradores WHERE id_venda=888;
INSERT INTO avaliacao_feedback_selecionado (id_avaliacao,id_feedback_tag) SELECT id_avaliacao,21 FROM avaliacoes_compradores WHERE id_venda=888;
INSERT INTO vendas (id_venda,id_cooperativa,id_comprador,data_venda,valor_total) VALUES (889,30,55,'2025-03-08 02:43:39',0);
INSERT INTO vendas_itens (id_venda,id_material_base,id_material_catalogo,quantidade_kg,preco_por_kg) VALUES (889,1,3,319.55,2.41);
INSERT INTO vendas (id_venda,id_cooperativa,id_comprador,data_venda,valor_total) VALUES (890,20,39,'2025-02-02 02:43:39',0);
INSERT INTO vendas_itens (id_venda,id_material_base,id_material_catalogo,quantidade_kg,preco_por_kg) VALUES (890,2,6,90.90,1.29);
INSERT INTO avaliacoes_compradores (id_venda,pontualidade_pagamento,logistica_entrega,qualidade_negociacao,comentario_livre) VALUES (890,5,5,4,'');
INSERT INTO avaliacao_feedback_selecionado (id_avaliacao,id_feedback_tag) SELECT id_avaliacao,2 FROM avaliacoes_compradores WHERE id_venda=890;
INSERT INTO vendas (id_venda,id_cooperativa,id_comprador,data_venda,valor_total) VALUES (891,50,1,'2024-12-07 02:43:39',0);
INSERT INTO vendas_itens (id_venda,id_material_base,id_material_catalogo,quantidade_kg,preco_por_kg) VALUES (891,3,8,514.60,3.79);
INSERT INTO vendas_itens (id_venda,id_material_base,id_material_catalogo,quantidade_kg,preco_por_kg) VALUES (891,1,3,402.18,2.63);
INSERT INTO vendas_itens (id_venda,id_material_base,id_material_catalogo,quantidade_kg,preco_por_kg) VALUES (891,3,7,124.92,3.04);
INSERT INTO avaliacoes_compradores (id_venda,pontualidade_pagamento,logistica_entrega,qualidade_negociacao,comentario_livre) VALUES (891,4,4,3,'');
INSERT INTO vendas (id_venda,id_cooperativa,id_comprador,data_venda,valor_total) VALUES (892,30,87,'2025-10-01 02:43:39',0);
INSERT INTO vendas_itens (id_venda,id_material_base,id_material_catalogo,quantidade_kg,preco_por_kg) VALUES (892,1,1,141.48,2.38);
INSERT INTO vendas_itens (id_venda,id_material_base,id_material_catalogo,quantidade_kg,preco_por_kg) VALUES (892,3,7,339.79,2.65);
INSERT INTO vendas_itens (id_venda,id_material_base,id_material_catalogo,quantidade_kg,preco_por_kg) VALUES (892,1,1,398.82,1.88);
INSERT INTO vendas (id_venda,id_cooperativa,id_comprador,data_venda,valor_total) VALUES (893,1,5,'2025-10-28 02:43:39',0);
INSERT INTO vendas_itens (id_venda,id_material_base,id_material_catalogo,quantidade_kg,preco_por_kg) VALUES (893,2,6,77.55,1.56);
INSERT INTO vendas_itens (id_venda,id_material_base,id_material_catalogo,quantidade_kg,preco_por_kg) VALUES (893,1,3,344.41,1.85);
INSERT INTO avaliacoes_compradores (id_venda,pontualidade_pagamento,logistica_entrega,qualidade_negociacao,comentario_livre) VALUES (893,1,3,2,'');
INSERT INTO avaliacao_feedback_selecionado (id_avaliacao,id_feedback_tag) SELECT id_avaliacao,19 FROM avaliacoes_compradores WHERE id_venda=893;
INSERT INTO avaliacao_feedback_selecionado (id_avaliacao,id_feedback_tag) SELECT id_avaliacao,15 FROM avaliacoes_compradores WHERE id_venda=893;
INSERT INTO vendas (id_venda,id_cooperativa,id_comprador,data_venda,valor_total) VALUES (894,10,75,'2025-10-11 02:43:39',0);
INSERT INTO vendas_itens (id_venda,id_material_base,id_material_catalogo,quantidade_kg,preco_por_kg) VALUES (894,1,2,367.16,2.22);
INSERT INTO vendas_itens (id_venda,id_material_base,id_material_catalogo,quantidade_kg,preco_por_kg) VALUES (894,2,4,395.85,1.59);
INSERT INTO vendas_itens (id_venda,id_material_base,id_material_catalogo,quantidade_kg,preco_por_kg) VALUES (894,3,8,250.92,2.64);
INSERT INTO avaliacoes_compradores (id_venda,pontualidade_pagamento,logistica_entrega,qualidade_negociacao,comentario_livre) VALUES (894,1,5,2,'');
INSERT INTO vendas (id_venda,id_cooperativa,id_comprador,data_venda,valor_total) VALUES (895,7,16,'2025-03-05 02:43:39',0);
INSERT INTO vendas_itens (id_venda,id_material_base,id_material_catalogo,quantidade_kg,preco_por_kg) VALUES (895,2,6,167.69,1.40);
INSERT INTO vendas_itens (id_venda,id_material_base,id_material_catalogo,quantidade_kg,preco_por_kg) VALUES (895,2,6,45.50,1.58);
INSERT INTO avaliacoes_compradores (id_venda,pontualidade_pagamento,logistica_entrega,qualidade_negociacao,comentario_livre) VALUES (895,4,5,4,'');
INSERT INTO avaliacao_feedback_selecionado (id_avaliacao,id_feedback_tag) SELECT id_avaliacao,4 FROM avaliacoes_compradores WHERE id_venda=895;
INSERT INTO avaliacao_feedback_selecionado (id_avaliacao,id_feedback_tag) SELECT id_avaliacao,7 FROM avaliacoes_compradores WHERE id_venda=895;
INSERT INTO vendas (id_venda,id_cooperativa,id_comprador,data_venda,valor_total) VALUES (896,9,64,'2024-12-06 02:43:39',0);
INSERT INTO vendas_itens (id_venda,id_material_base,id_material_catalogo,quantidade_kg,preco_por_kg) VALUES (896,1,2,508.63,2.59);
INSERT INTO vendas (id_venda,id_cooperativa,id_comprador,data_venda,valor_total) VALUES (897,25,92,'2025-07-24 02:43:39',0);
INSERT INTO vendas_itens (id_venda,id_material_base,id_material_catalogo,quantidade_kg,preco_por_kg) VALUES (897,2,6,261.48,0.62);
INSERT INTO vendas_itens (id_venda,id_material_base,id_material_catalogo,quantidade_kg,preco_por_kg) VALUES (897,1,2,206.57,2.74);
INSERT INTO avaliacoes_compradores (id_venda,pontualidade_pagamento,logistica_entrega,qualidade_negociacao,comentario_livre) VALUES (897,5,4,3,'');
INSERT INTO avaliacao_feedback_selecionado (id_avaliacao,id_feedback_tag) SELECT id_avaliacao,6 FROM avaliacoes_compradores WHERE id_venda=897;
INSERT INTO avaliacao_feedback_selecionado (id_avaliacao,id_feedback_tag) SELECT id_avaliacao,4 FROM avaliacoes_compradores WHERE id_venda=897;
INSERT INTO avaliacao_feedback_selecionado (id_avaliacao,id_feedback_tag) SELECT id_avaliacao,2 FROM avaliacoes_compradores WHERE id_venda=897;
INSERT INTO vendas (id_venda,id_cooperativa,id_comprador,data_venda,valor_total) VALUES (898,9,7,'2025-03-22 02:43:39',0);
INSERT INTO vendas_itens (id_venda,id_material_base,id_material_catalogo,quantidade_kg,preco_por_kg) VALUES (898,3,9,524.29,2.58);
INSERT INTO vendas_itens (id_venda,id_material_base,id_material_catalogo,quantidade_kg,preco_por_kg) VALUES (898,1,1,84.06,1.87);
INSERT INTO vendas_itens (id_venda,id_material_base,id_material_catalogo,quantidade_kg,preco_por_kg) VALUES (898,1,3,418.71,3.06);
INSERT INTO vendas (id_venda,id_cooperativa,id_comprador,data_venda,valor_total) VALUES (899,48,6,'2024-11-21 02:43:39',0);
INSERT INTO vendas_itens (id_venda,id_material_base,id_material_catalogo,quantidade_kg,preco_por_kg) VALUES (899,3,7,423.63,3.91);
INSERT INTO vendas (id_venda,id_cooperativa,id_comprador,data_venda,valor_total) VALUES (900,50,21,'2025-09-28 02:43:39',0);
INSERT INTO vendas_itens (id_venda,id_material_base,id_material_catalogo,quantidade_kg,preco_por_kg) VALUES (900,2,6,471.41,0.55);
INSERT INTO vendas_itens (id_venda,id_material_base,id_material_catalogo,quantidade_kg,preco_por_kg) VALUES (900,2,4,565.37,1.22);
INSERT INTO avaliacoes_compradores (id_venda,pontualidade_pagamento,logistica_entrega,qualidade_negociacao,comentario_livre) VALUES (900,5,4,2,'');
INSERT INTO vendas (id_venda,id_cooperativa,id_comprador,data_venda,valor_total) VALUES (901,13,86,'2025-04-13 02:43:39',0);
INSERT INTO vendas_itens (id_venda,id_material_base,id_material_catalogo,quantidade_kg,preco_por_kg) VALUES (901,2,5,464.50,0.57);
INSERT INTO vendas_itens (id_venda,id_material_base,id_material_catalogo,quantidade_kg,preco_por_kg) VALUES (901,3,9,373.48,4.69);
INSERT INTO avaliacoes_compradores (id_venda,pontualidade_pagamento,logistica_entrega,qualidade_negociacao,comentario_livre) VALUES (901,4,4,4,'');
INSERT INTO avaliacao_feedback_selecionado (id_avaliacao,id_feedback_tag) SELECT id_avaliacao,9 FROM avaliacoes_compradores WHERE id_venda=901;
INSERT INTO avaliacao_feedback_selecionado (id_avaliacao,id_feedback_tag) SELECT id_avaliacao,10 FROM avaliacoes_compradores WHERE id_venda=901;
INSERT INTO vendas (id_venda,id_cooperativa,id_comprador,data_venda,valor_total) VALUES (902,2,36,'2025-09-03 02:43:39',0);
INSERT INTO vendas_itens (id_venda,id_material_base,id_material_catalogo,quantidade_kg,preco_por_kg) VALUES (902,2,5,202.08,1.61);
INSERT INTO vendas_itens (id_venda,id_material_base,id_material_catalogo,quantidade_kg,preco_por_kg) VALUES (902,1,3,45.60,3.73);
INSERT INTO vendas_itens (id_venda,id_material_base,id_material_catalogo,quantidade_kg,preco_por_kg) VALUES (902,3,7,200.77,7.11);
INSERT INTO avaliacoes_compradores (id_venda,pontualidade_pagamento,logistica_entrega,qualidade_negociacao,comentario_livre) VALUES (902,2,1,2,'');
INSERT INTO avaliacao_feedback_selecionado (id_avaliacao,id_feedback_tag) SELECT id_avaliacao,18 FROM avaliacoes_compradores WHERE id_venda=902;
INSERT INTO avaliacao_feedback_selecionado (id_avaliacao,id_feedback_tag) SELECT id_avaliacao,13 FROM avaliacoes_compradores WHERE id_venda=902;
INSERT INTO avaliacao_feedback_selecionado (id_avaliacao,id_feedback_tag) SELECT id_avaliacao,12 FROM avaliacoes_compradores WHERE id_venda=902;
INSERT INTO vendas (id_venda,id_cooperativa,id_comprador,data_venda,valor_total) VALUES (903,24,100,'2025-01-17 02:43:39',0);
INSERT INTO vendas_itens (id_venda,id_material_base,id_material_catalogo,quantidade_kg,preco_por_kg) VALUES (903,1,3,498.04,1.79);
INSERT INTO vendas_itens (id_venda,id_material_base,id_material_catalogo,quantidade_kg,preco_por_kg) VALUES (903,3,9,447.11,6.92);
INSERT INTO avaliacoes_compradores (id_venda,pontualidade_pagamento,logistica_entrega,qualidade_negociacao,comentario_livre) VALUES (903,1,3,1,'');
INSERT INTO avaliacao_feedback_selecionado (id_avaliacao,id_feedback_tag) SELECT id_avaliacao,23 FROM avaliacoes_compradores WHERE id_venda=903;
INSERT INTO vendas (id_venda,id_cooperativa,id_comprador,data_venda,valor_total) VALUES (904,14,25,'2025-08-30 02:43:39',0);
INSERT INTO vendas_itens (id_venda,id_material_base,id_material_catalogo,quantidade_kg,preco_por_kg) VALUES (904,1,3,275.12,2.93);
INSERT INTO vendas_itens (id_venda,id_material_base,id_material_catalogo,quantidade_kg,preco_por_kg) VALUES (904,2,6,94.55,1.06);
INSERT INTO avaliacoes_compradores (id_venda,pontualidade_pagamento,logistica_entrega,qualidade_negociacao,comentario_livre) VALUES (904,5,2,1,'');
INSERT INTO vendas (id_venda,id_cooperativa,id_comprador,data_venda,valor_total) VALUES (905,25,55,'2025-08-11 02:43:39',0);
INSERT INTO vendas_itens (id_venda,id_material_base,id_material_catalogo,quantidade_kg,preco_por_kg) VALUES (905,1,2,32.14,1.87);
INSERT INTO avaliacoes_compradores (id_venda,pontualidade_pagamento,logistica_entrega,qualidade_negociacao,comentario_livre) VALUES (905,4,4,1,'');
INSERT INTO vendas (id_venda,id_cooperativa,id_comprador,data_venda,valor_total) VALUES (906,28,70,'2025-02-20 02:43:39',0);
INSERT INTO vendas_itens (id_venda,id_material_base,id_material_catalogo,quantidade_kg,preco_por_kg) VALUES (906,2,5,543.06,1.43);
INSERT INTO avaliacoes_compradores (id_venda,pontualidade_pagamento,logistica_entrega,qualidade_negociacao,comentario_livre) VALUES (906,5,3,2,'');
INSERT INTO vendas (id_venda,id_cooperativa,id_comprador,data_venda,valor_total) VALUES (907,50,26,'2025-09-13 02:43:39',0);
INSERT INTO vendas_itens (id_venda,id_material_base,id_material_catalogo,quantidade_kg,preco_por_kg) VALUES (907,1,3,528.36,3.79);
INSERT INTO vendas_itens (id_venda,id_material_base,id_material_catalogo,quantidade_kg,preco_por_kg) VALUES (907,1,3,89.54,3.99);
INSERT INTO vendas (id_venda,id_cooperativa,id_comprador,data_venda,valor_total) VALUES (908,24,46,'2025-03-08 02:43:39',0);
INSERT INTO vendas_itens (id_venda,id_material_base,id_material_catalogo,quantidade_kg,preco_por_kg) VALUES (908,2,4,538.12,1.28);
INSERT INTO vendas_itens (id_venda,id_material_base,id_material_catalogo,quantidade_kg,preco_por_kg) VALUES (908,3,7,414.16,4.59);
INSERT INTO avaliacoes_compradores (id_venda,pontualidade_pagamento,logistica_entrega,qualidade_negociacao,comentario_livre) VALUES (908,1,1,5,'');
INSERT INTO vendas (id_venda,id_cooperativa,id_comprador,data_venda,valor_total) VALUES (909,49,20,'2025-03-13 02:43:39',0);
INSERT INTO vendas_itens (id_venda,id_material_base,id_material_catalogo,quantidade_kg,preco_por_kg) VALUES (909,2,5,475.82,1.40);
INSERT INTO avaliacoes_compradores (id_venda,pontualidade_pagamento,logistica_entrega,qualidade_negociacao,comentario_livre) VALUES (909,4,1,3,'');
INSERT INTO vendas (id_venda,id_cooperativa,id_comprador,data_venda,valor_total) VALUES (910,49,93,'2025-03-10 02:43:39',0);
INSERT INTO vendas_itens (id_venda,id_material_base,id_material_catalogo,quantidade_kg,preco_por_kg) VALUES (910,3,9,138.19,7.93);
INSERT INTO vendas_itens (id_venda,id_material_base,id_material_catalogo,quantidade_kg,preco_por_kg) VALUES (910,3,7,106.08,5.81);
INSERT INTO avaliacoes_compradores (id_venda,pontualidade_pagamento,logistica_entrega,qualidade_negociacao,comentario_livre) VALUES (910,5,5,4,'');
INSERT INTO avaliacao_feedback_selecionado (id_avaliacao,id_feedback_tag) SELECT id_avaliacao,6 FROM avaliacoes_compradores WHERE id_venda=910;
INSERT INTO avaliacao_feedback_selecionado (id_avaliacao,id_feedback_tag) SELECT id_avaliacao,10 FROM avaliacoes_compradores WHERE id_venda=910;
INSERT INTO vendas (id_venda,id_cooperativa,id_comprador,data_venda,valor_total) VALUES (911,14,14,'2025-08-06 02:43:39',0);
INSERT INTO vendas_itens (id_venda,id_material_base,id_material_catalogo,quantidade_kg,preco_por_kg) VALUES (911,3,7,175.45,7.91);
INSERT INTO vendas_itens (id_venda,id_material_base,id_material_catalogo,quantidade_kg,preco_por_kg) VALUES (911,3,8,99.18,3.20);
INSERT INTO vendas_itens (id_venda,id_material_base,id_material_catalogo,quantidade_kg,preco_por_kg) VALUES (911,2,4,257.89,0.70);
INSERT INTO avaliacoes_compradores (id_venda,pontualidade_pagamento,logistica_entrega,qualidade_negociacao,comentario_livre) VALUES (911,3,3,3,'');
INSERT INTO vendas (id_venda,id_cooperativa,id_comprador,data_venda,valor_total) VALUES (912,27,25,'2025-04-20 02:43:39',0);
INSERT INTO vendas_itens (id_venda,id_material_base,id_material_catalogo,quantidade_kg,preco_por_kg) VALUES (912,3,7,558.23,3.87);
INSERT INTO vendas (id_venda,id_cooperativa,id_comprador,data_venda,valor_total) VALUES (913,30,100,'2025-10-18 02:43:39',0);
INSERT INTO vendas_itens (id_venda,id_material_base,id_material_catalogo,quantidade_kg,preco_por_kg) VALUES (913,2,4,129.33,1.04);
INSERT INTO vendas_itens (id_venda,id_material_base,id_material_catalogo,quantidade_kg,preco_por_kg) VALUES (913,3,8,122.74,6.32);
INSERT INTO vendas_itens (id_venda,id_material_base,id_material_catalogo,quantidade_kg,preco_por_kg) VALUES (913,3,9,319.01,6.18);
INSERT INTO avaliacoes_compradores (id_venda,pontualidade_pagamento,logistica_entrega,qualidade_negociacao,comentario_livre) VALUES (913,5,3,5,'');
INSERT INTO avaliacao_feedback_selecionado (id_avaliacao,id_feedback_tag) SELECT id_avaliacao,6 FROM avaliacoes_compradores WHERE id_venda=913;
INSERT INTO vendas (id_venda,id_cooperativa,id_comprador,data_venda,valor_total) VALUES (914,5,63,'2025-10-15 02:43:39',0);
INSERT INTO vendas_itens (id_venda,id_material_base,id_material_catalogo,quantidade_kg,preco_por_kg) VALUES (914,3,9,241.09,5.31);
INSERT INTO vendas (id_venda,id_cooperativa,id_comprador,data_venda,valor_total) VALUES (915,43,32,'2025-02-18 02:43:39',0);
INSERT INTO vendas_itens (id_venda,id_material_base,id_material_catalogo,quantidade_kg,preco_por_kg) VALUES (915,3,9,53.84,6.19);
INSERT INTO avaliacoes_compradores (id_venda,pontualidade_pagamento,logistica_entrega,qualidade_negociacao,comentario_livre) VALUES (915,4,2,3,'');
INSERT INTO vendas (id_venda,id_cooperativa,id_comprador,data_venda,valor_total) VALUES (916,49,100,'2025-10-12 02:43:39',0);
INSERT INTO vendas_itens (id_venda,id_material_base,id_material_catalogo,quantidade_kg,preco_por_kg) VALUES (916,3,7,61.85,4.85);
INSERT INTO avaliacoes_compradores (id_venda,pontualidade_pagamento,logistica_entrega,qualidade_negociacao,comentario_livre) VALUES (916,3,4,1,'');
INSERT INTO vendas (id_venda,id_cooperativa,id_comprador,data_venda,valor_total) VALUES (917,15,62,'2025-03-21 02:43:39',0);
INSERT INTO vendas_itens (id_venda,id_material_base,id_material_catalogo,quantidade_kg,preco_por_kg) VALUES (917,2,6,508.34,1.30);
INSERT INTO vendas_itens (id_venda,id_material_base,id_material_catalogo,quantidade_kg,preco_por_kg) VALUES (917,1,2,491.11,2.96);
INSERT INTO vendas_itens (id_venda,id_material_base,id_material_catalogo,quantidade_kg,preco_por_kg) VALUES (917,1,2,581.30,2.90);
INSERT INTO avaliacoes_compradores (id_venda,pontualidade_pagamento,logistica_entrega,qualidade_negociacao,comentario_livre) VALUES (917,5,2,3,'');
INSERT INTO vendas (id_venda,id_cooperativa,id_comprador,data_venda,valor_total) VALUES (918,31,68,'2025-09-17 02:43:39',0);
INSERT INTO vendas_itens (id_venda,id_material_base,id_material_catalogo,quantidade_kg,preco_por_kg) VALUES (918,3,9,427.29,5.49);
INSERT INTO vendas_itens (id_venda,id_material_base,id_material_catalogo,quantidade_kg,preco_por_kg) VALUES (918,3,7,96.16,5.66);
INSERT INTO vendas (id_venda,id_cooperativa,id_comprador,data_venda,valor_total) VALUES (919,3,16,'2025-04-26 02:43:39',0);
INSERT INTO vendas_itens (id_venda,id_material_base,id_material_catalogo,quantidade_kg,preco_por_kg) VALUES (919,3,9,551.40,7.57);
INSERT INTO vendas_itens (id_venda,id_material_base,id_material_catalogo,quantidade_kg,preco_por_kg) VALUES (919,3,9,85.68,4.73);
INSERT INTO vendas_itens (id_venda,id_material_base,id_material_catalogo,quantidade_kg,preco_por_kg) VALUES (919,3,7,410.00,4.51);
INSERT INTO avaliacoes_compradores (id_venda,pontualidade_pagamento,logistica_entrega,qualidade_negociacao,comentario_livre) VALUES (919,3,1,3,'');
INSERT INTO vendas (id_venda,id_cooperativa,id_comprador,data_venda,valor_total) VALUES (920,21,36,'2024-12-17 02:43:39',0);
INSERT INTO vendas_itens (id_venda,id_material_base,id_material_catalogo,quantidade_kg,preco_por_kg) VALUES (920,2,6,381.74,0.92);
INSERT INTO avaliacoes_compradores (id_venda,pontualidade_pagamento,logistica_entrega,qualidade_negociacao,comentario_livre) VALUES (920,3,1,5,'');
INSERT INTO vendas (id_venda,id_cooperativa,id_comprador,data_venda,valor_total) VALUES (921,37,54,'2025-04-23 02:43:39',0);
INSERT INTO vendas_itens (id_venda,id_material_base,id_material_catalogo,quantidade_kg,preco_por_kg) VALUES (921,1,3,459.74,1.55);
INSERT INTO vendas_itens (id_venda,id_material_base,id_material_catalogo,quantidade_kg,preco_por_kg) VALUES (921,1,1,348.08,1.93);
INSERT INTO avaliacoes_compradores (id_venda,pontualidade_pagamento,logistica_entrega,qualidade_negociacao,comentario_livre) VALUES (921,2,2,4,'');
INSERT INTO vendas (id_venda,id_cooperativa,id_comprador,data_venda,valor_total) VALUES (922,1,100,'2025-06-28 02:43:39',0);
INSERT INTO vendas_itens (id_venda,id_material_base,id_material_catalogo,quantidade_kg,preco_por_kg) VALUES (922,2,6,427.00,0.88);
INSERT INTO vendas_itens (id_venda,id_material_base,id_material_catalogo,quantidade_kg,preco_por_kg) VALUES (922,3,7,223.01,5.69);
INSERT INTO avaliacoes_compradores (id_venda,pontualidade_pagamento,logistica_entrega,qualidade_negociacao,comentario_livre) VALUES (922,1,1,3,'');
INSERT INTO avaliacao_feedback_selecionado (id_avaliacao,id_feedback_tag) SELECT id_avaliacao,18 FROM avaliacoes_compradores WHERE id_venda=922;
INSERT INTO vendas (id_venda,id_cooperativa,id_comprador,data_venda,valor_total) VALUES (923,17,57,'2025-06-14 02:43:39',0);
INSERT INTO vendas_itens (id_venda,id_material_base,id_material_catalogo,quantidade_kg,preco_por_kg) VALUES (923,3,8,393.71,3.52);
INSERT INTO vendas (id_venda,id_cooperativa,id_comprador,data_venda,valor_total) VALUES (924,33,60,'2024-11-26 02:43:39',0);
INSERT INTO vendas_itens (id_venda,id_material_base,id_material_catalogo,quantidade_kg,preco_por_kg) VALUES (924,1,3,90.41,1.55);
INSERT INTO vendas_itens (id_venda,id_material_base,id_material_catalogo,quantidade_kg,preco_por_kg) VALUES (924,1,1,314.00,1.99);
INSERT INTO vendas (id_venda,id_cooperativa,id_comprador,data_venda,valor_total) VALUES (925,31,38,'2025-11-14 02:43:39',0);
INSERT INTO vendas_itens (id_venda,id_material_base,id_material_catalogo,quantidade_kg,preco_por_kg) VALUES (925,3,9,525.02,7.37);
INSERT INTO vendas_itens (id_venda,id_material_base,id_material_catalogo,quantidade_kg,preco_por_kg) VALUES (925,1,1,275.51,2.01);
INSERT INTO avaliacoes_compradores (id_venda,pontualidade_pagamento,logistica_entrega,qualidade_negociacao,comentario_livre) VALUES (925,1,3,1,'');
INSERT INTO avaliacao_feedback_selecionado (id_avaliacao,id_feedback_tag) SELECT id_avaliacao,21 FROM avaliacoes_compradores WHERE id_venda=925;
INSERT INTO avaliacao_feedback_selecionado (id_avaliacao,id_feedback_tag) SELECT id_avaliacao,18 FROM avaliacoes_compradores WHERE id_venda=925;
INSERT INTO avaliacao_feedback_selecionado (id_avaliacao,id_feedback_tag) SELECT id_avaliacao,23 FROM avaliacoes_compradores WHERE id_venda=925;
INSERT INTO vendas (id_venda,id_cooperativa,id_comprador,data_venda,valor_total) VALUES (926,25,18,'2025-06-27 02:43:39',0);
INSERT INTO vendas_itens (id_venda,id_material_base,id_material_catalogo,quantidade_kg,preco_por_kg) VALUES (926,1,3,488.28,2.89);
INSERT INTO vendas_itens (id_venda,id_material_base,id_material_catalogo,quantidade_kg,preco_por_kg) VALUES (926,3,8,184.23,5.01);
INSERT INTO vendas (id_venda,id_cooperativa,id_comprador,data_venda,valor_total) VALUES (927,40,37,'2025-11-12 02:43:39',0);
INSERT INTO vendas_itens (id_venda,id_material_base,id_material_catalogo,quantidade_kg,preco_por_kg) VALUES (927,2,4,514.51,1.53);
INSERT INTO vendas_itens (id_venda,id_material_base,id_material_catalogo,quantidade_kg,preco_por_kg) VALUES (927,3,8,37.53,7.29);
INSERT INTO vendas_itens (id_venda,id_material_base,id_material_catalogo,quantidade_kg,preco_por_kg) VALUES (927,3,7,36.05,6.92);
INSERT INTO avaliacoes_compradores (id_venda,pontualidade_pagamento,logistica_entrega,qualidade_negociacao,comentario_livre) VALUES (927,3,2,5,'');
INSERT INTO vendas (id_venda,id_cooperativa,id_comprador,data_venda,valor_total) VALUES (928,13,39,'2025-03-24 02:43:39',0);
INSERT INTO vendas_itens (id_venda,id_material_base,id_material_catalogo,quantidade_kg,preco_por_kg) VALUES (928,2,5,593.27,1.23);
INSERT INTO avaliacoes_compradores (id_venda,pontualidade_pagamento,logistica_entrega,qualidade_negociacao,comentario_livre) VALUES (928,1,2,4,'');
INSERT INTO vendas (id_venda,id_cooperativa,id_comprador,data_venda,valor_total) VALUES (929,36,17,'2025-07-19 02:43:39',0);
INSERT INTO vendas_itens (id_venda,id_material_base,id_material_catalogo,quantidade_kg,preco_por_kg) VALUES (929,1,2,394.44,2.80);
INSERT INTO vendas_itens (id_venda,id_material_base,id_material_catalogo,quantidade_kg,preco_por_kg) VALUES (929,3,8,163.33,3.42);
INSERT INTO vendas (id_venda,id_cooperativa,id_comprador,data_venda,valor_total) VALUES (930,50,47,'2025-05-20 02:43:39',0);
INSERT INTO vendas_itens (id_venda,id_material_base,id_material_catalogo,quantidade_kg,preco_por_kg) VALUES (930,2,5,169.29,1.35);
INSERT INTO avaliacoes_compradores (id_venda,pontualidade_pagamento,logistica_entrega,qualidade_negociacao,comentario_livre) VALUES (930,1,2,4,'');
INSERT INTO vendas (id_venda,id_cooperativa,id_comprador,data_venda,valor_total) VALUES (931,6,10,'2025-08-01 02:43:39',0);
INSERT INTO vendas_itens (id_venda,id_material_base,id_material_catalogo,quantidade_kg,preco_por_kg) VALUES (931,1,1,205.93,2.41);
INSERT INTO vendas_itens (id_venda,id_material_base,id_material_catalogo,quantidade_kg,preco_por_kg) VALUES (931,1,1,337.29,2.36);
INSERT INTO vendas_itens (id_venda,id_material_base,id_material_catalogo,quantidade_kg,preco_por_kg) VALUES (931,2,6,444.95,1.43);
INSERT INTO avaliacoes_compradores (id_venda,pontualidade_pagamento,logistica_entrega,qualidade_negociacao,comentario_livre) VALUES (931,3,4,4,'');
INSERT INTO vendas (id_venda,id_cooperativa,id_comprador,data_venda,valor_total) VALUES (932,24,52,'2025-07-20 02:43:39',0);
INSERT INTO vendas_itens (id_venda,id_material_base,id_material_catalogo,quantidade_kg,preco_por_kg) VALUES (932,2,4,547.00,1.04);
INSERT INTO avaliacoes_compradores (id_venda,pontualidade_pagamento,logistica_entrega,qualidade_negociacao,comentario_livre) VALUES (932,1,1,5,'');
INSERT INTO vendas (id_venda,id_cooperativa,id_comprador,data_venda,valor_total) VALUES (933,50,38,'2025-05-17 02:43:39',0);
INSERT INTO vendas_itens (id_venda,id_material_base,id_material_catalogo,quantidade_kg,preco_por_kg) VALUES (933,2,6,598.64,1.73);
INSERT INTO vendas_itens (id_venda,id_material_base,id_material_catalogo,quantidade_kg,preco_por_kg) VALUES (933,3,8,272.66,5.84);
INSERT INTO avaliacoes_compradores (id_venda,pontualidade_pagamento,logistica_entrega,qualidade_negociacao,comentario_livre) VALUES (933,5,4,5,'');
INSERT INTO avaliacao_feedback_selecionado (id_avaliacao,id_feedback_tag) SELECT id_avaliacao,2 FROM avaliacoes_compradores WHERE id_venda=933;
INSERT INTO avaliacao_feedback_selecionado (id_avaliacao,id_feedback_tag) SELECT id_avaliacao,11 FROM avaliacoes_compradores WHERE id_venda=933;
INSERT INTO avaliacao_feedback_selecionado (id_avaliacao,id_feedback_tag) SELECT id_avaliacao,7 FROM avaliacoes_compradores WHERE id_venda=933;
INSERT INTO vendas (id_venda,id_cooperativa,id_comprador,data_venda,valor_total) VALUES (934,41,54,'2025-04-14 02:43:39',0);
INSERT INTO vendas_itens (id_venda,id_material_base,id_material_catalogo,quantidade_kg,preco_por_kg) VALUES (934,2,4,547.66,1.73);
INSERT INTO vendas_itens (id_venda,id_material_base,id_material_catalogo,quantidade_kg,preco_por_kg) VALUES (934,3,9,169.21,7.34);
INSERT INTO vendas_itens (id_venda,id_material_base,id_material_catalogo,quantidade_kg,preco_por_kg) VALUES (934,1,1,348.61,2.92);
INSERT INTO vendas (id_venda,id_cooperativa,id_comprador,data_venda,valor_total) VALUES (935,48,32,'2025-02-08 02:43:39',0);
INSERT INTO vendas_itens (id_venda,id_material_base,id_material_catalogo,quantidade_kg,preco_por_kg) VALUES (935,1,2,442.99,3.78);
INSERT INTO vendas_itens (id_venda,id_material_base,id_material_catalogo,quantidade_kg,preco_por_kg) VALUES (935,1,3,317.90,2.14);
INSERT INTO vendas_itens (id_venda,id_material_base,id_material_catalogo,quantidade_kg,preco_por_kg) VALUES (935,2,4,190.46,0.52);
INSERT INTO avaliacoes_compradores (id_venda,pontualidade_pagamento,logistica_entrega,qualidade_negociacao,comentario_livre) VALUES (935,1,2,4,'');
INSERT INTO vendas (id_venda,id_cooperativa,id_comprador,data_venda,valor_total) VALUES (936,28,21,'2025-01-17 02:43:39',0);
INSERT INTO vendas_itens (id_venda,id_material_base,id_material_catalogo,quantidade_kg,preco_por_kg) VALUES (936,1,2,337.95,2.00);
INSERT INTO vendas_itens (id_venda,id_material_base,id_material_catalogo,quantidade_kg,preco_por_kg) VALUES (936,2,5,480.84,0.55);
INSERT INTO vendas (id_venda,id_cooperativa,id_comprador,data_venda,valor_total) VALUES (937,33,13,'2025-04-23 02:43:39',0);
INSERT INTO vendas_itens (id_venda,id_material_base,id_material_catalogo,quantidade_kg,preco_por_kg) VALUES (937,1,1,253.73,3.92);
INSERT INTO avaliacoes_compradores (id_venda,pontualidade_pagamento,logistica_entrega,qualidade_negociacao,comentario_livre) VALUES (937,4,2,2,'');
INSERT INTO vendas (id_venda,id_cooperativa,id_comprador,data_venda,valor_total) VALUES (938,47,91,'2024-11-29 02:43:39',0);
INSERT INTO vendas_itens (id_venda,id_material_base,id_material_catalogo,quantidade_kg,preco_por_kg) VALUES (938,2,5,359.96,1.74);
INSERT INTO vendas_itens (id_venda,id_material_base,id_material_catalogo,quantidade_kg,preco_por_kg) VALUES (938,1,1,78.38,2.40);
INSERT INTO avaliacoes_compradores (id_venda,pontualidade_pagamento,logistica_entrega,qualidade_negociacao,comentario_livre) VALUES (938,3,1,2,'');
INSERT INTO avaliacao_feedback_selecionado (id_avaliacao,id_feedback_tag) SELECT id_avaliacao,12 FROM avaliacoes_compradores WHERE id_venda=938;
INSERT INTO vendas (id_venda,id_cooperativa,id_comprador,data_venda,valor_total) VALUES (939,10,3,'2025-11-15 02:43:39',0);
INSERT INTO vendas_itens (id_venda,id_material_base,id_material_catalogo,quantidade_kg,preco_por_kg) VALUES (939,2,6,110.04,1.10);
INSERT INTO vendas_itens (id_venda,id_material_base,id_material_catalogo,quantidade_kg,preco_por_kg) VALUES (939,1,3,408.61,3.05);
INSERT INTO avaliacoes_compradores (id_venda,pontualidade_pagamento,logistica_entrega,qualidade_negociacao,comentario_livre) VALUES (939,2,4,1,'');
INSERT INTO vendas (id_venda,id_cooperativa,id_comprador,data_venda,valor_total) VALUES (940,46,84,'2025-03-28 02:43:39',0);
INSERT INTO vendas_itens (id_venda,id_material_base,id_material_catalogo,quantidade_kg,preco_por_kg) VALUES (940,3,7,142.94,2.69);
INSERT INTO vendas (id_venda,id_cooperativa,id_comprador,data_venda,valor_total) VALUES (941,35,73,'2025-05-10 02:43:39',0);
INSERT INTO vendas_itens (id_venda,id_material_base,id_material_catalogo,quantidade_kg,preco_por_kg) VALUES (941,3,8,571.63,2.87);
INSERT INTO vendas_itens (id_venda,id_material_base,id_material_catalogo,quantidade_kg,preco_por_kg) VALUES (941,1,2,202.39,1.65);
INSERT INTO vendas_itens (id_venda,id_material_base,id_material_catalogo,quantidade_kg,preco_por_kg) VALUES (941,1,1,37.70,3.08);
INSERT INTO vendas (id_venda,id_cooperativa,id_comprador,data_venda,valor_total) VALUES (942,22,6,'2025-01-11 02:43:39',0);
INSERT INTO vendas_itens (id_venda,id_material_base,id_material_catalogo,quantidade_kg,preco_por_kg) VALUES (942,1,2,421.18,1.55);
INSERT INTO vendas_itens (id_venda,id_material_base,id_material_catalogo,quantidade_kg,preco_por_kg) VALUES (942,2,6,192.32,0.51);
INSERT INTO vendas_itens (id_venda,id_material_base,id_material_catalogo,quantidade_kg,preco_por_kg) VALUES (942,3,7,160.78,7.62);
INSERT INTO avaliacoes_compradores (id_venda,pontualidade_pagamento,logistica_entrega,qualidade_negociacao,comentario_livre) VALUES (942,3,1,2,'');
INSERT INTO avaliacao_feedback_selecionado (id_avaliacao,id_feedback_tag) SELECT id_avaliacao,16 FROM avaliacoes_compradores WHERE id_venda=942;
INSERT INTO vendas (id_venda,id_cooperativa,id_comprador,data_venda,valor_total) VALUES (943,41,44,'2025-06-12 02:43:39',0);
INSERT INTO vendas_itens (id_venda,id_material_base,id_material_catalogo,quantidade_kg,preco_por_kg) VALUES (943,1,3,461.13,3.08);
INSERT INTO vendas (id_venda,id_cooperativa,id_comprador,data_venda,valor_total) VALUES (944,32,28,'2025-01-26 02:43:39',0);
INSERT INTO vendas_itens (id_venda,id_material_base,id_material_catalogo,quantidade_kg,preco_por_kg) VALUES (944,1,2,508.34,1.85);
INSERT INTO vendas (id_venda,id_cooperativa,id_comprador,data_venda,valor_total) VALUES (945,46,59,'2025-01-20 02:43:39',0);
INSERT INTO vendas_itens (id_venda,id_material_base,id_material_catalogo,quantidade_kg,preco_por_kg) VALUES (945,3,8,479.58,4.11);
INSERT INTO avaliacoes_compradores (id_venda,pontualidade_pagamento,logistica_entrega,qualidade_negociacao,comentario_livre) VALUES (945,3,3,2,'');
INSERT INTO vendas (id_venda,id_cooperativa,id_comprador,data_venda,valor_total) VALUES (946,3,71,'2024-12-19 02:43:39',0);
INSERT INTO vendas_itens (id_venda,id_material_base,id_material_catalogo,quantidade_kg,preco_por_kg) VALUES (946,2,4,531.43,1.21);
INSERT INTO avaliacoes_compradores (id_venda,pontualidade_pagamento,logistica_entrega,qualidade_negociacao,comentario_livre) VALUES (946,3,4,4,'');
INSERT INTO vendas (id_venda,id_cooperativa,id_comprador,data_venda,valor_total) VALUES (947,6,44,'2025-09-20 02:43:39',0);
INSERT INTO vendas_itens (id_venda,id_material_base,id_material_catalogo,quantidade_kg,preco_por_kg) VALUES (947,1,2,270.72,1.43);
INSERT INTO vendas_itens (id_venda,id_material_base,id_material_catalogo,quantidade_kg,preco_por_kg) VALUES (947,2,6,205.22,0.73);
INSERT INTO vendas_itens (id_venda,id_material_base,id_material_catalogo,quantidade_kg,preco_por_kg) VALUES (947,2,4,302.60,1.49);
INSERT INTO vendas (id_venda,id_cooperativa,id_comprador,data_venda,valor_total) VALUES (948,11,28,'2025-09-15 02:43:39',0);
INSERT INTO vendas_itens (id_venda,id_material_base,id_material_catalogo,quantidade_kg,preco_por_kg) VALUES (948,1,3,470.81,2.48);
INSERT INTO vendas_itens (id_venda,id_material_base,id_material_catalogo,quantidade_kg,preco_por_kg) VALUES (948,2,4,155.48,0.70);
INSERT INTO vendas_itens (id_venda,id_material_base,id_material_catalogo,quantidade_kg,preco_por_kg) VALUES (948,1,1,589.51,1.96);
INSERT INTO avaliacoes_compradores (id_venda,pontualidade_pagamento,logistica_entrega,qualidade_negociacao,comentario_livre) VALUES (948,5,4,2,'');
INSERT INTO vendas (id_venda,id_cooperativa,id_comprador,data_venda,valor_total) VALUES (949,26,16,'2025-11-04 02:43:39',0);
INSERT INTO vendas_itens (id_venda,id_material_base,id_material_catalogo,quantidade_kg,preco_por_kg) VALUES (949,3,9,131.95,5.79);
INSERT INTO vendas_itens (id_venda,id_material_base,id_material_catalogo,quantidade_kg,preco_por_kg) VALUES (949,2,5,168.19,0.90);
INSERT INTO vendas_itens (id_venda,id_material_base,id_material_catalogo,quantidade_kg,preco_por_kg) VALUES (949,1,3,448.00,2.63);
INSERT INTO avaliacoes_compradores (id_venda,pontualidade_pagamento,logistica_entrega,qualidade_negociacao,comentario_livre) VALUES (949,2,2,3,'');
INSERT INTO vendas (id_venda,id_cooperativa,id_comprador,data_venda,valor_total) VALUES (950,47,7,'2025-02-21 02:43:39',0);
INSERT INTO vendas_itens (id_venda,id_material_base,id_material_catalogo,quantidade_kg,preco_por_kg) VALUES (950,1,3,206.81,3.42);
INSERT INTO vendas_itens (id_venda,id_material_base,id_material_catalogo,quantidade_kg,preco_por_kg) VALUES (950,3,8,109.96,6.76);
INSERT INTO vendas_itens (id_venda,id_material_base,id_material_catalogo,quantidade_kg,preco_por_kg) VALUES (950,1,1,372.37,3.53);
INSERT INTO avaliacoes_compradores (id_venda,pontualidade_pagamento,logistica_entrega,qualidade_negociacao,comentario_livre) VALUES (950,5,3,4,'');
INSERT INTO avaliacao_feedback_selecionado (id_avaliacao,id_feedback_tag) SELECT id_avaliacao,3 FROM avaliacoes_compradores WHERE id_venda=950;
INSERT INTO avaliacao_feedback_selecionado (id_avaliacao,id_feedback_tag) SELECT id_avaliacao,11 FROM avaliacoes_compradores WHERE id_venda=950;
INSERT INTO vendas (id_venda,id_cooperativa,id_comprador,data_venda,valor_total) VALUES (951,28,9,'2025-06-15 02:43:39',0);
INSERT INTO vendas_itens (id_venda,id_material_base,id_material_catalogo,quantidade_kg,preco_por_kg) VALUES (951,1,1,286.88,2.81);
INSERT INTO vendas_itens (id_venda,id_material_base,id_material_catalogo,quantidade_kg,preco_por_kg) VALUES (951,3,9,221.45,5.21);
INSERT INTO vendas_itens (id_venda,id_material_base,id_material_catalogo,quantidade_kg,preco_por_kg) VALUES (951,3,7,333.08,2.77);
INSERT INTO vendas (id_venda,id_cooperativa,id_comprador,data_venda,valor_total) VALUES (952,2,47,'2025-07-16 02:43:39',0);
INSERT INTO vendas_itens (id_venda,id_material_base,id_material_catalogo,quantidade_kg,preco_por_kg) VALUES (952,3,7,208.98,4.57);
INSERT INTO avaliacoes_compradores (id_venda,pontualidade_pagamento,logistica_entrega,qualidade_negociacao,comentario_livre) VALUES (952,4,3,3,'');
INSERT INTO vendas (id_venda,id_cooperativa,id_comprador,data_venda,valor_total) VALUES (953,49,34,'2025-10-19 02:43:39',0);
INSERT INTO vendas_itens (id_venda,id_material_base,id_material_catalogo,quantidade_kg,preco_por_kg) VALUES (953,3,8,486.18,6.52);
INSERT INTO vendas_itens (id_venda,id_material_base,id_material_catalogo,quantidade_kg,preco_por_kg) VALUES (953,2,4,317.03,0.84);
INSERT INTO vendas_itens (id_venda,id_material_base,id_material_catalogo,quantidade_kg,preco_por_kg) VALUES (953,3,8,213.46,6.30);
INSERT INTO vendas (id_venda,id_cooperativa,id_comprador,data_venda,valor_total) VALUES (954,32,95,'2025-05-22 02:43:39',0);
INSERT INTO vendas_itens (id_venda,id_material_base,id_material_catalogo,quantidade_kg,preco_por_kg) VALUES (954,3,7,202.15,4.06);
INSERT INTO vendas_itens (id_venda,id_material_base,id_material_catalogo,quantidade_kg,preco_por_kg) VALUES (954,2,6,594.05,0.73);
INSERT INTO vendas_itens (id_venda,id_material_base,id_material_catalogo,quantidade_kg,preco_por_kg) VALUES (954,1,2,45.51,2.94);
INSERT INTO avaliacoes_compradores (id_venda,pontualidade_pagamento,logistica_entrega,qualidade_negociacao,comentario_livre) VALUES (954,4,3,2,'');
INSERT INTO vendas (id_venda,id_cooperativa,id_comprador,data_venda,valor_total) VALUES (955,15,74,'2024-12-29 02:43:39',0);
INSERT INTO vendas_itens (id_venda,id_material_base,id_material_catalogo,quantidade_kg,preco_por_kg) VALUES (955,1,2,430.40,2.44);
INSERT INTO vendas (id_venda,id_cooperativa,id_comprador,data_venda,valor_total) VALUES (956,2,26,'2025-11-12 02:43:39',0);
INSERT INTO vendas_itens (id_venda,id_material_base,id_material_catalogo,quantidade_kg,preco_por_kg) VALUES (956,3,8,405.53,3.28);
INSERT INTO vendas_itens (id_venda,id_material_base,id_material_catalogo,quantidade_kg,preco_por_kg) VALUES (956,2,4,253.05,1.64);
INSERT INTO vendas_itens (id_venda,id_material_base,id_material_catalogo,quantidade_kg,preco_por_kg) VALUES (956,3,8,199.17,3.37);
INSERT INTO avaliacoes_compradores (id_venda,pontualidade_pagamento,logistica_entrega,qualidade_negociacao,comentario_livre) VALUES (956,1,2,1,'');
INSERT INTO avaliacao_feedback_selecionado (id_avaliacao,id_feedback_tag) SELECT id_avaliacao,23 FROM avaliacoes_compradores WHERE id_venda=956;
INSERT INTO avaliacao_feedback_selecionado (id_avaliacao,id_feedback_tag) SELECT id_avaliacao,14 FROM avaliacoes_compradores WHERE id_venda=956;
INSERT INTO vendas (id_venda,id_cooperativa,id_comprador,data_venda,valor_total) VALUES (957,26,34,'2025-03-23 02:43:39',0);
INSERT INTO vendas_itens (id_venda,id_material_base,id_material_catalogo,quantidade_kg,preco_por_kg) VALUES (957,3,8,206.05,6.91);
INSERT INTO vendas_itens (id_venda,id_material_base,id_material_catalogo,quantidade_kg,preco_por_kg) VALUES (957,2,5,228.15,0.76);
INSERT INTO vendas (id_venda,id_cooperativa,id_comprador,data_venda,valor_total) VALUES (958,39,9,'2025-04-21 02:43:39',0);
INSERT INTO vendas_itens (id_venda,id_material_base,id_material_catalogo,quantidade_kg,preco_por_kg) VALUES (958,1,2,275.67,1.86);
INSERT INTO avaliacoes_compradores (id_venda,pontualidade_pagamento,logistica_entrega,qualidade_negociacao,comentario_livre) VALUES (958,5,1,2,'');
INSERT INTO vendas (id_venda,id_cooperativa,id_comprador,data_venda,valor_total) VALUES (959,47,64,'2025-06-23 02:43:39',0);
INSERT INTO vendas_itens (id_venda,id_material_base,id_material_catalogo,quantidade_kg,preco_por_kg) VALUES (959,3,9,366.71,6.71);
INSERT INTO vendas_itens (id_venda,id_material_base,id_material_catalogo,quantidade_kg,preco_por_kg) VALUES (959,3,7,483.00,2.67);
INSERT INTO vendas_itens (id_venda,id_material_base,id_material_catalogo,quantidade_kg,preco_por_kg) VALUES (959,2,6,470.70,1.59);
INSERT INTO vendas (id_venda,id_cooperativa,id_comprador,data_venda,valor_total) VALUES (960,14,62,'2025-04-01 02:43:39',0);
INSERT INTO vendas_itens (id_venda,id_material_base,id_material_catalogo,quantidade_kg,preco_por_kg) VALUES (960,3,8,518.74,3.38);
INSERT INTO vendas_itens (id_venda,id_material_base,id_material_catalogo,quantidade_kg,preco_por_kg) VALUES (960,1,2,144.85,1.50);
INSERT INTO vendas_itens (id_venda,id_material_base,id_material_catalogo,quantidade_kg,preco_por_kg) VALUES (960,1,2,263.58,1.24);
INSERT INTO avaliacoes_compradores (id_venda,pontualidade_pagamento,logistica_entrega,qualidade_negociacao,comentario_livre) VALUES (960,3,4,1,'');
INSERT INTO vendas (id_venda,id_cooperativa,id_comprador,data_venda,valor_total) VALUES (961,34,36,'2024-12-09 02:43:39',0);
INSERT INTO vendas_itens (id_venda,id_material_base,id_material_catalogo,quantidade_kg,preco_por_kg) VALUES (961,1,2,281.34,3.36);
INSERT INTO vendas (id_venda,id_cooperativa,id_comprador,data_venda,valor_total) VALUES (962,24,23,'2025-02-22 02:43:39',0);
INSERT INTO vendas_itens (id_venda,id_material_base,id_material_catalogo,quantidade_kg,preco_por_kg) VALUES (962,2,5,394.36,1.58);
INSERT INTO vendas_itens (id_venda,id_material_base,id_material_catalogo,quantidade_kg,preco_por_kg) VALUES (962,3,8,449.38,5.28);
INSERT INTO vendas_itens (id_venda,id_material_base,id_material_catalogo,quantidade_kg,preco_por_kg) VALUES (962,2,6,461.37,1.49);
INSERT INTO vendas (id_venda,id_cooperativa,id_comprador,data_venda,valor_total) VALUES (963,9,6,'2025-04-30 02:43:39',0);
INSERT INTO vendas_itens (id_venda,id_material_base,id_material_catalogo,quantidade_kg,preco_por_kg) VALUES (963,1,2,61.96,3.31);
INSERT INTO vendas_itens (id_venda,id_material_base,id_material_catalogo,quantidade_kg,preco_por_kg) VALUES (963,3,9,186.94,3.70);
INSERT INTO vendas_itens (id_venda,id_material_base,id_material_catalogo,quantidade_kg,preco_por_kg) VALUES (963,1,3,385.84,2.83);
INSERT INTO vendas (id_venda,id_cooperativa,id_comprador,data_venda,valor_total) VALUES (964,50,69,'2025-09-24 02:43:39',0);
INSERT INTO vendas_itens (id_venda,id_material_base,id_material_catalogo,quantidade_kg,preco_por_kg) VALUES (964,3,9,493.31,3.03);
INSERT INTO vendas (id_venda,id_cooperativa,id_comprador,data_venda,valor_total) VALUES (965,41,8,'2024-12-12 02:43:39',0);
INSERT INTO vendas_itens (id_venda,id_material_base,id_material_catalogo,quantidade_kg,preco_por_kg) VALUES (965,1,2,279.62,1.92);
INSERT INTO vendas_itens (id_venda,id_material_base,id_material_catalogo,quantidade_kg,preco_por_kg) VALUES (965,2,5,422.06,1.55);
INSERT INTO avaliacoes_compradores (id_venda,pontualidade_pagamento,logistica_entrega,qualidade_negociacao,comentario_livre) VALUES (965,3,5,2,'');
INSERT INTO vendas (id_venda,id_cooperativa,id_comprador,data_venda,valor_total) VALUES (966,16,2,'2025-11-09 02:43:39',0);
INSERT INTO vendas_itens (id_venda,id_material_base,id_material_catalogo,quantidade_kg,preco_por_kg) VALUES (966,1,1,108.93,3.28);
INSERT INTO vendas (id_venda,id_cooperativa,id_comprador,data_venda,valor_total) VALUES (967,30,19,'2025-05-26 02:43:39',0);
INSERT INTO vendas_itens (id_venda,id_material_base,id_material_catalogo,quantidade_kg,preco_por_kg) VALUES (967,3,8,394.87,6.18);
INSERT INTO vendas_itens (id_venda,id_material_base,id_material_catalogo,quantidade_kg,preco_por_kg) VALUES (967,2,6,489.00,0.65);
INSERT INTO vendas_itens (id_venda,id_material_base,id_material_catalogo,quantidade_kg,preco_por_kg) VALUES (967,3,7,95.98,4.79);
INSERT INTO avaliacoes_compradores (id_venda,pontualidade_pagamento,logistica_entrega,qualidade_negociacao,comentario_livre) VALUES (967,4,1,5,'');
INSERT INTO vendas (id_venda,id_cooperativa,id_comprador,data_venda,valor_total) VALUES (968,46,80,'2025-09-29 02:43:39',0);
INSERT INTO vendas_itens (id_venda,id_material_base,id_material_catalogo,quantidade_kg,preco_por_kg) VALUES (968,2,5,108.75,1.47);
INSERT INTO vendas_itens (id_venda,id_material_base,id_material_catalogo,quantidade_kg,preco_por_kg) VALUES (968,1,2,332.86,1.69);
INSERT INTO vendas_itens (id_venda,id_material_base,id_material_catalogo,quantidade_kg,preco_por_kg) VALUES (968,2,5,432.55,1.38);
INSERT INTO avaliacoes_compradores (id_venda,pontualidade_pagamento,logistica_entrega,qualidade_negociacao,comentario_livre) VALUES (968,3,4,4,'');
INSERT INTO vendas (id_venda,id_cooperativa,id_comprador,data_venda,valor_total) VALUES (969,27,13,'2025-09-07 02:43:39',0);
INSERT INTO vendas_itens (id_venda,id_material_base,id_material_catalogo,quantidade_kg,preco_por_kg) VALUES (969,3,9,282.83,5.38);
INSERT INTO vendas_itens (id_venda,id_material_base,id_material_catalogo,quantidade_kg,preco_por_kg) VALUES (969,2,5,540.47,0.91);
INSERT INTO vendas_itens (id_venda,id_material_base,id_material_catalogo,quantidade_kg,preco_por_kg) VALUES (969,3,9,508.14,5.25);
INSERT INTO avaliacoes_compradores (id_venda,pontualidade_pagamento,logistica_entrega,qualidade_negociacao,comentario_livre) VALUES (969,2,3,4,'');
INSERT INTO vendas (id_venda,id_cooperativa,id_comprador,data_venda,valor_total) VALUES (970,4,42,'2025-08-17 02:43:39',0);
INSERT INTO vendas_itens (id_venda,id_material_base,id_material_catalogo,quantidade_kg,preco_por_kg) VALUES (970,1,1,491.62,1.97);
INSERT INTO vendas_itens (id_venda,id_material_base,id_material_catalogo,quantidade_kg,preco_por_kg) VALUES (970,3,8,143.09,4.35);
INSERT INTO avaliacoes_compradores (id_venda,pontualidade_pagamento,logistica_entrega,qualidade_negociacao,comentario_livre) VALUES (970,3,2,5,'');
INSERT INTO vendas (id_venda,id_cooperativa,id_comprador,data_venda,valor_total) VALUES (971,28,88,'2025-03-14 02:43:39',0);
INSERT INTO vendas_itens (id_venda,id_material_base,id_material_catalogo,quantidade_kg,preco_por_kg) VALUES (971,1,1,99.11,1.46);
INSERT INTO vendas_itens (id_venda,id_material_base,id_material_catalogo,quantidade_kg,preco_por_kg) VALUES (971,2,4,120.90,1.72);
INSERT INTO vendas (id_venda,id_cooperativa,id_comprador,data_venda,valor_total) VALUES (972,18,82,'2024-12-20 02:43:39',0);
INSERT INTO vendas_itens (id_venda,id_material_base,id_material_catalogo,quantidade_kg,preco_por_kg) VALUES (972,3,9,186.68,2.88);
INSERT INTO avaliacoes_compradores (id_venda,pontualidade_pagamento,logistica_entrega,qualidade_negociacao,comentario_livre) VALUES (972,2,1,1,'');
INSERT INTO avaliacao_feedback_selecionado (id_avaliacao,id_feedback_tag) SELECT id_avaliacao,17 FROM avaliacoes_compradores WHERE id_venda=972;
INSERT INTO vendas (id_venda,id_cooperativa,id_comprador,data_venda,valor_total) VALUES (973,16,39,'2025-04-15 02:43:39',0);
INSERT INTO vendas_itens (id_venda,id_material_base,id_material_catalogo,quantidade_kg,preco_por_kg) VALUES (973,2,4,179.89,0.58);
INSERT INTO vendas_itens (id_venda,id_material_base,id_material_catalogo,quantidade_kg,preco_por_kg) VALUES (973,1,3,323.58,1.35);
INSERT INTO vendas_itens (id_venda,id_material_base,id_material_catalogo,quantidade_kg,preco_por_kg) VALUES (973,3,7,259.12,3.65);
INSERT INTO avaliacoes_compradores (id_venda,pontualidade_pagamento,logistica_entrega,qualidade_negociacao,comentario_livre) VALUES (973,4,5,4,'');
INSERT INTO avaliacao_feedback_selecionado (id_avaliacao,id_feedback_tag) SELECT id_avaliacao,3 FROM avaliacoes_compradores WHERE id_venda=973;
INSERT INTO avaliacao_feedback_selecionado (id_avaliacao,id_feedback_tag) SELECT id_avaliacao,11 FROM avaliacoes_compradores WHERE id_venda=973;
INSERT INTO avaliacao_feedback_selecionado (id_avaliacao,id_feedback_tag) SELECT id_avaliacao,5 FROM avaliacoes_compradores WHERE id_venda=973;
INSERT INTO vendas (id_venda,id_cooperativa,id_comprador,data_venda,valor_total) VALUES (974,48,86,'2025-02-23 02:43:39',0);
INSERT INTO vendas_itens (id_venda,id_material_base,id_material_catalogo,quantidade_kg,preco_por_kg) VALUES (974,2,6,165.66,1.25);
INSERT INTO vendas_itens (id_venda,id_material_base,id_material_catalogo,quantidade_kg,preco_por_kg) VALUES (974,3,8,257.39,7.35);
INSERT INTO vendas (id_venda,id_cooperativa,id_comprador,data_venda,valor_total) VALUES (975,24,93,'2025-08-30 02:43:39',0);
INSERT INTO vendas_itens (id_venda,id_material_base,id_material_catalogo,quantidade_kg,preco_por_kg) VALUES (975,1,2,243.84,2.26);
INSERT INTO vendas (id_venda,id_cooperativa,id_comprador,data_venda,valor_total) VALUES (976,33,38,'2025-11-02 02:43:39',0);
INSERT INTO vendas_itens (id_venda,id_material_base,id_material_catalogo,quantidade_kg,preco_por_kg) VALUES (976,2,6,598.51,1.70);
INSERT INTO vendas_itens (id_venda,id_material_base,id_material_catalogo,quantidade_kg,preco_por_kg) VALUES (976,1,3,373.84,2.61);
INSERT INTO vendas_itens (id_venda,id_material_base,id_material_catalogo,quantidade_kg,preco_por_kg) VALUES (976,3,7,371.00,7.32);
INSERT INTO vendas (id_venda,id_cooperativa,id_comprador,data_venda,valor_total) VALUES (977,50,10,'2025-01-09 02:43:39',0);
INSERT INTO vendas_itens (id_venda,id_material_base,id_material_catalogo,quantidade_kg,preco_por_kg) VALUES (977,1,3,598.22,3.47);
INSERT INTO vendas_itens (id_venda,id_material_base,id_material_catalogo,quantidade_kg,preco_por_kg) VALUES (977,2,5,182.42,1.09);
INSERT INTO avaliacoes_compradores (id_venda,pontualidade_pagamento,logistica_entrega,qualidade_negociacao,comentario_livre) VALUES (977,5,1,3,'');
INSERT INTO vendas (id_venda,id_cooperativa,id_comprador,data_venda,valor_total) VALUES (978,9,96,'2025-07-22 02:43:39',0);
INSERT INTO vendas_itens (id_venda,id_material_base,id_material_catalogo,quantidade_kg,preco_por_kg) VALUES (978,2,5,566.96,1.65);
INSERT INTO vendas_itens (id_venda,id_material_base,id_material_catalogo,quantidade_kg,preco_por_kg) VALUES (978,1,1,367.45,3.50);
INSERT INTO vendas_itens (id_venda,id_material_base,id_material_catalogo,quantidade_kg,preco_por_kg) VALUES (978,3,9,208.98,2.71);
INSERT INTO avaliacoes_compradores (id_venda,pontualidade_pagamento,logistica_entrega,qualidade_negociacao,comentario_livre) VALUES (978,3,4,3,'');
INSERT INTO vendas (id_venda,id_cooperativa,id_comprador,data_venda,valor_total) VALUES (979,13,89,'2025-08-12 02:43:39',0);
INSERT INTO vendas_itens (id_venda,id_material_base,id_material_catalogo,quantidade_kg,preco_por_kg) VALUES (979,3,9,428.38,7.01);
INSERT INTO vendas_itens (id_venda,id_material_base,id_material_catalogo,quantidade_kg,preco_por_kg) VALUES (979,1,1,90.31,1.23);
INSERT INTO vendas_itens (id_venda,id_material_base,id_material_catalogo,quantidade_kg,preco_por_kg) VALUES (979,1,1,455.11,2.15);
INSERT INTO vendas (id_venda,id_cooperativa,id_comprador,data_venda,valor_total) VALUES (980,32,76,'2025-10-21 02:43:39',0);
INSERT INTO vendas_itens (id_venda,id_material_base,id_material_catalogo,quantidade_kg,preco_por_kg) VALUES (980,1,3,371.37,1.41);
INSERT INTO vendas_itens (id_venda,id_material_base,id_material_catalogo,quantidade_kg,preco_por_kg) VALUES (980,3,8,509.02,6.16);
INSERT INTO avaliacoes_compradores (id_venda,pontualidade_pagamento,logistica_entrega,qualidade_negociacao,comentario_livre) VALUES (980,2,1,1,'');
INSERT INTO avaliacao_feedback_selecionado (id_avaliacao,id_feedback_tag) SELECT id_avaliacao,16 FROM avaliacoes_compradores WHERE id_venda=980;
INSERT INTO avaliacao_feedback_selecionado (id_avaliacao,id_feedback_tag) SELECT id_avaliacao,14 FROM avaliacoes_compradores WHERE id_venda=980;
INSERT INTO vendas (id_venda,id_cooperativa,id_comprador,data_venda,valor_total) VALUES (981,36,42,'2024-12-27 02:43:39',0);
INSERT INTO vendas_itens (id_venda,id_material_base,id_material_catalogo,quantidade_kg,preco_por_kg) VALUES (981,1,2,405.64,2.59);
INSERT INTO avaliacoes_compradores (id_venda,pontualidade_pagamento,logistica_entrega,qualidade_negociacao,comentario_livre) VALUES (981,4,2,3,'');
INSERT INTO vendas (id_venda,id_cooperativa,id_comprador,data_venda,valor_total) VALUES (982,11,46,'2025-07-24 02:43:39',0);
INSERT INTO vendas_itens (id_venda,id_material_base,id_material_catalogo,quantidade_kg,preco_por_kg) VALUES (982,2,5,198.00,0.90);
INSERT INTO avaliacoes_compradores (id_venda,pontualidade_pagamento,logistica_entrega,qualidade_negociacao,comentario_livre) VALUES (982,2,2,3,'');
INSERT INTO vendas (id_venda,id_cooperativa,id_comprador,data_venda,valor_total) VALUES (983,45,26,'2025-04-06 02:43:39',0);
INSERT INTO vendas_itens (id_venda,id_material_base,id_material_catalogo,quantidade_kg,preco_por_kg) VALUES (983,2,6,55.91,1.72);
INSERT INTO vendas_itens (id_venda,id_material_base,id_material_catalogo,quantidade_kg,preco_por_kg) VALUES (983,1,2,526.46,2.02);
INSERT INTO avaliacoes_compradores (id_venda,pontualidade_pagamento,logistica_entrega,qualidade_negociacao,comentario_livre) VALUES (983,5,5,2,'');
INSERT INTO avaliacao_feedback_selecionado (id_avaliacao,id_feedback_tag) SELECT id_avaliacao,3 FROM avaliacoes_compradores WHERE id_venda=983;
INSERT INTO avaliacao_feedback_selecionado (id_avaliacao,id_feedback_tag) SELECT id_avaliacao,1 FROM avaliacoes_compradores WHERE id_venda=983;
INSERT INTO avaliacao_feedback_selecionado (id_avaliacao,id_feedback_tag) SELECT id_avaliacao,10 FROM avaliacoes_compradores WHERE id_venda=983;
INSERT INTO vendas (id_venda,id_cooperativa,id_comprador,data_venda,valor_total) VALUES (984,26,64,'2025-10-14 02:43:39',0);
INSERT INTO vendas_itens (id_venda,id_material_base,id_material_catalogo,quantidade_kg,preco_por_kg) VALUES (984,2,4,570.98,0.62);
INSERT INTO avaliacoes_compradores (id_venda,pontualidade_pagamento,logistica_entrega,qualidade_negociacao,comentario_livre) VALUES (984,2,2,1,'');
INSERT INTO avaliacao_feedback_selecionado (id_avaliacao,id_feedback_tag) SELECT id_avaliacao,20 FROM avaliacoes_compradores WHERE id_venda=984;
INSERT INTO avaliacao_feedback_selecionado (id_avaliacao,id_feedback_tag) SELECT id_avaliacao,19 FROM avaliacoes_compradores WHERE id_venda=984;
INSERT INTO avaliacao_feedback_selecionado (id_avaliacao,id_feedback_tag) SELECT id_avaliacao,16 FROM avaliacoes_compradores WHERE id_venda=984;
INSERT INTO vendas (id_venda,id_cooperativa,id_comprador,data_venda,valor_total) VALUES (985,27,68,'2024-12-26 02:43:39',0);
INSERT INTO vendas_itens (id_venda,id_material_base,id_material_catalogo,quantidade_kg,preco_por_kg) VALUES (985,1,2,590.59,3.56);
INSERT INTO vendas (id_venda,id_cooperativa,id_comprador,data_venda,valor_total) VALUES (986,3,29,'2025-04-15 02:43:39',0);
INSERT INTO vendas_itens (id_venda,id_material_base,id_material_catalogo,quantidade_kg,preco_por_kg) VALUES (986,1,1,267.98,3.86);
INSERT INTO vendas_itens (id_venda,id_material_base,id_material_catalogo,quantidade_kg,preco_por_kg) VALUES (986,3,7,162.51,7.76);
INSERT INTO avaliacoes_compradores (id_venda,pontualidade_pagamento,logistica_entrega,qualidade_negociacao,comentario_livre) VALUES (986,2,3,5,'');
INSERT INTO vendas (id_venda,id_cooperativa,id_comprador,data_venda,valor_total) VALUES (987,20,94,'2025-11-05 02:43:39',0);
INSERT INTO vendas_itens (id_venda,id_material_base,id_material_catalogo,quantidade_kg,preco_por_kg) VALUES (987,1,1,375.20,1.46);
INSERT INTO vendas_itens (id_venda,id_material_base,id_material_catalogo,quantidade_kg,preco_por_kg) VALUES (987,3,8,503.13,5.37);
INSERT INTO avaliacoes_compradores (id_venda,pontualidade_pagamento,logistica_entrega,qualidade_negociacao,comentario_livre) VALUES (987,1,4,1,'');
INSERT INTO avaliacao_feedback_selecionado (id_avaliacao,id_feedback_tag) SELECT id_avaliacao,15 FROM avaliacoes_compradores WHERE id_venda=987;
INSERT INTO avaliacao_feedback_selecionado (id_avaliacao,id_feedback_tag) SELECT id_avaliacao,14 FROM avaliacoes_compradores WHERE id_venda=987;
INSERT INTO avaliacao_feedback_selecionado (id_avaliacao,id_feedback_tag) SELECT id_avaliacao,21 FROM avaliacoes_compradores WHERE id_venda=987;
INSERT INTO vendas (id_venda,id_cooperativa,id_comprador,data_venda,valor_total) VALUES (988,36,15,'2024-11-30 02:43:39',0);
INSERT INTO vendas_itens (id_venda,id_material_base,id_material_catalogo,quantidade_kg,preco_por_kg) VALUES (988,1,3,174.86,1.51);
INSERT INTO vendas_itens (id_venda,id_material_base,id_material_catalogo,quantidade_kg,preco_por_kg) VALUES (988,1,3,155.14,3.44);
INSERT INTO vendas (id_venda,id_cooperativa,id_comprador,data_venda,valor_total) VALUES (989,22,80,'2024-12-31 02:43:39',0);
INSERT INTO vendas_itens (id_venda,id_material_base,id_material_catalogo,quantidade_kg,preco_por_kg) VALUES (989,2,5,51.92,0.85);
INSERT INTO vendas_itens (id_venda,id_material_base,id_material_catalogo,quantidade_kg,preco_por_kg) VALUES (989,1,3,198.11,1.26);
INSERT INTO vendas (id_venda,id_cooperativa,id_comprador,data_venda,valor_total) VALUES (990,29,19,'2025-04-14 02:43:39',0);
INSERT INTO vendas_itens (id_venda,id_material_base,id_material_catalogo,quantidade_kg,preco_por_kg) VALUES (990,2,6,392.60,1.23);
INSERT INTO avaliacoes_compradores (id_venda,pontualidade_pagamento,logistica_entrega,qualidade_negociacao,comentario_livre) VALUES (990,2,1,2,'');
INSERT INTO avaliacao_feedback_selecionado (id_avaliacao,id_feedback_tag) SELECT id_avaliacao,18 FROM avaliacoes_compradores WHERE id_venda=990;
INSERT INTO vendas (id_venda,id_cooperativa,id_comprador,data_venda,valor_total) VALUES (991,40,97,'2025-01-23 02:43:39',0);
INSERT INTO vendas_itens (id_venda,id_material_base,id_material_catalogo,quantidade_kg,preco_por_kg) VALUES (991,2,5,420.54,1.13);
INSERT INTO vendas_itens (id_venda,id_material_base,id_material_catalogo,quantidade_kg,preco_por_kg) VALUES (991,3,8,80.73,3.11);
INSERT INTO vendas (id_venda,id_cooperativa,id_comprador,data_venda,valor_total) VALUES (992,36,51,'2025-03-13 02:43:39',0);
INSERT INTO vendas_itens (id_venda,id_material_base,id_material_catalogo,quantidade_kg,preco_por_kg) VALUES (992,1,2,541.87,3.28);
INSERT INTO avaliacoes_compradores (id_venda,pontualidade_pagamento,logistica_entrega,qualidade_negociacao,comentario_livre) VALUES (992,4,4,4,'');
INSERT INTO avaliacao_feedback_selecionado (id_avaliacao,id_feedback_tag) SELECT id_avaliacao,5 FROM avaliacoes_compradores WHERE id_venda=992;
INSERT INTO avaliacao_feedback_selecionado (id_avaliacao,id_feedback_tag) SELECT id_avaliacao,9 FROM avaliacoes_compradores WHERE id_venda=992;
INSERT INTO vendas (id_venda,id_cooperativa,id_comprador,data_venda,valor_total) VALUES (993,33,53,'2025-01-03 02:43:39',0);
INSERT INTO vendas_itens (id_venda,id_material_base,id_material_catalogo,quantidade_kg,preco_por_kg) VALUES (993,3,9,499.48,6.42);
INSERT INTO avaliacoes_compradores (id_venda,pontualidade_pagamento,logistica_entrega,qualidade_negociacao,comentario_livre) VALUES (993,5,2,2,'');
INSERT INTO vendas (id_venda,id_cooperativa,id_comprador,data_venda,valor_total) VALUES (994,3,92,'2024-11-21 02:43:39',0);
INSERT INTO vendas_itens (id_venda,id_material_base,id_material_catalogo,quantidade_kg,preco_por_kg) VALUES (994,3,9,323.05,7.98);
INSERT INTO vendas_itens (id_venda,id_material_base,id_material_catalogo,quantidade_kg,preco_por_kg) VALUES (994,2,4,300.71,1.19);
INSERT INTO avaliacoes_compradores (id_venda,pontualidade_pagamento,logistica_entrega,qualidade_negociacao,comentario_livre) VALUES (994,5,4,2,'');
INSERT INTO vendas (id_venda,id_cooperativa,id_comprador,data_venda,valor_total) VALUES (995,14,95,'2025-05-07 02:43:39',0);
INSERT INTO vendas_itens (id_venda,id_material_base,id_material_catalogo,quantidade_kg,preco_por_kg) VALUES (995,1,3,308.49,2.52);
INSERT INTO vendas_itens (id_venda,id_material_base,id_material_catalogo,quantidade_kg,preco_por_kg) VALUES (995,1,1,34.09,2.63);
INSERT INTO vendas_itens (id_venda,id_material_base,id_material_catalogo,quantidade_kg,preco_por_kg) VALUES (995,2,5,595.34,0.61);
INSERT INTO vendas (id_venda,id_cooperativa,id_comprador,data_venda,valor_total) VALUES (996,9,17,'2025-05-10 02:43:39',0);
INSERT INTO vendas_itens (id_venda,id_material_base,id_material_catalogo,quantidade_kg,preco_por_kg) VALUES (996,2,6,514.74,1.55);
INSERT INTO vendas (id_venda,id_cooperativa,id_comprador,data_venda,valor_total) VALUES (997,12,53,'2025-08-07 02:43:39',0);
INSERT INTO vendas_itens (id_venda,id_material_base,id_material_catalogo,quantidade_kg,preco_por_kg) VALUES (997,3,8,362.82,5.41);
INSERT INTO vendas_itens (id_venda,id_material_base,id_material_catalogo,quantidade_kg,preco_por_kg) VALUES (997,1,2,61.86,3.29);
INSERT INTO vendas_itens (id_venda,id_material_base,id_material_catalogo,quantidade_kg,preco_por_kg) VALUES (997,2,6,352.91,1.68);
INSERT INTO avaliacoes_compradores (id_venda,pontualidade_pagamento,logistica_entrega,qualidade_negociacao,comentario_livre) VALUES (997,3,4,3,'');
INSERT INTO vendas (id_venda,id_cooperativa,id_comprador,data_venda,valor_total) VALUES (998,4,87,'2025-02-21 02:43:39',0);
INSERT INTO vendas_itens (id_venda,id_material_base,id_material_catalogo,quantidade_kg,preco_por_kg) VALUES (998,3,8,411.42,3.90);
INSERT INTO vendas_itens (id_venda,id_material_base,id_material_catalogo,quantidade_kg,preco_por_kg) VALUES (998,1,1,415.07,3.23);
INSERT INTO avaliacoes_compradores (id_venda,pontualidade_pagamento,logistica_entrega,qualidade_negociacao,comentario_livre) VALUES (998,5,3,3,'');
INSERT INTO vendas (id_venda,id_cooperativa,id_comprador,data_venda,valor_total) VALUES (999,33,10,'2025-05-16 02:43:39',0);
INSERT INTO vendas_itens (id_venda,id_material_base,id_material_catalogo,quantidade_kg,preco_por_kg) VALUES (999,1,3,271.33,3.58);
INSERT INTO vendas_itens (id_venda,id_material_base,id_material_catalogo,quantidade_kg,preco_por_kg) VALUES (999,1,3,46.96,1.97);
INSERT INTO vendas_itens (id_venda,id_material_base,id_material_catalogo,quantidade_kg,preco_por_kg) VALUES (999,2,5,224.89,1.53);
INSERT INTO vendas (id_venda,id_cooperativa,id_comprador,data_venda,valor_total) VALUES (1000,48,81,'2025-10-18 02:43:39',0);
INSERT INTO vendas_itens (id_venda,id_material_base,id_material_catalogo,quantidade_kg,preco_por_kg) VALUES (1000,1,2,175.37,2.50);
INSERT INTO vendas (id_venda,id_cooperativa,id_comprador,data_venda,valor_total) VALUES (1001,20,48,'2024-11-17 02:43:39',0);
INSERT INTO vendas_itens (id_venda,id_material_base,id_material_catalogo,quantidade_kg,preco_por_kg) VALUES (1001,1,3,87.28,1.50);
INSERT INTO vendas (id_venda,id_cooperativa,id_comprador,data_venda,valor_total) VALUES (1002,7,30,'2025-10-05 02:43:39',0);
INSERT INTO vendas_itens (id_venda,id_material_base,id_material_catalogo,quantidade_kg,preco_por_kg) VALUES (1002,2,6,307.46,0.82);
INSERT INTO avaliacoes_compradores (id_venda,pontualidade_pagamento,logistica_entrega,qualidade_negociacao,comentario_livre) VALUES (1002,1,1,1,'');
INSERT INTO avaliacao_feedback_selecionado (id_avaliacao,id_feedback_tag) SELECT id_avaliacao,16 FROM avaliacoes_compradores WHERE id_venda=1002;
INSERT INTO avaliacao_feedback_selecionado (id_avaliacao,id_feedback_tag) SELECT id_avaliacao,13 FROM avaliacoes_compradores WHERE id_venda=1002;
INSERT INTO vendas (id_venda,id_cooperativa,id_comprador,data_venda,valor_total) VALUES (1003,12,72,'2025-02-06 02:43:39',0);
INSERT INTO vendas_itens (id_venda,id_material_base,id_material_catalogo,quantidade_kg,preco_por_kg) VALUES (1003,1,3,526.61,2.27);
INSERT INTO avaliacoes_compradores (id_venda,pontualidade_pagamento,logistica_entrega,qualidade_negociacao,comentario_livre) VALUES (1003,3,1,3,'');
INSERT INTO vendas (id_venda,id_cooperativa,id_comprador,data_venda,valor_total) VALUES (1004,9,64,'2025-03-05 02:43:39',0);
INSERT INTO vendas_itens (id_venda,id_material_base,id_material_catalogo,quantidade_kg,preco_por_kg) VALUES (1004,2,5,360.40,1.33);
INSERT INTO vendas_itens (id_venda,id_material_base,id_material_catalogo,quantidade_kg,preco_por_kg) VALUES (1004,2,5,499.99,1.15);
INSERT INTO vendas_itens (id_venda,id_material_base,id_material_catalogo,quantidade_kg,preco_por_kg) VALUES (1004,2,6,36.46,1.09);
INSERT INTO avaliacoes_compradores (id_venda,pontualidade_pagamento,logistica_entrega,qualidade_negociacao,comentario_livre) VALUES (1004,4,3,5,'');
INSERT INTO avaliacao_feedback_selecionado (id_avaliacao,id_feedback_tag) SELECT id_avaliacao,6 FROM avaliacoes_compradores WHERE id_venda=1004;
INSERT INTO avaliacao_feedback_selecionado (id_avaliacao,id_feedback_tag) SELECT id_avaliacao,9 FROM avaliacoes_compradores WHERE id_venda=1004;
INSERT INTO avaliacao_feedback_selecionado (id_avaliacao,id_feedback_tag) SELECT id_avaliacao,11 FROM avaliacoes_compradores WHERE id_venda=1004;
INSERT INTO vendas (id_venda,id_cooperativa,id_comprador,data_venda,valor_total) VALUES (1005,7,4,'2025-06-08 02:43:39',0);
INSERT INTO vendas_itens (id_venda,id_material_base,id_material_catalogo,quantidade_kg,preco_por_kg) VALUES (1005,1,3,76.74,1.94);
INSERT INTO vendas_itens (id_venda,id_material_base,id_material_catalogo,quantidade_kg,preco_por_kg) VALUES (1005,1,3,142.38,2.20);
INSERT INTO vendas (id_venda,id_cooperativa,id_comprador,data_venda,valor_total) VALUES (1006,43,84,'2025-08-02 02:43:39',0);
INSERT INTO vendas_itens (id_venda,id_material_base,id_material_catalogo,quantidade_kg,preco_por_kg) VALUES (1006,1,3,340.18,3.66);
INSERT INTO vendas_itens (id_venda,id_material_base,id_material_catalogo,quantidade_kg,preco_por_kg) VALUES (1006,3,9,463.81,3.92);
INSERT INTO vendas_itens (id_venda,id_material_base,id_material_catalogo,quantidade_kg,preco_por_kg) VALUES (1006,1,2,365.87,3.52);
INSERT INTO vendas (id_venda,id_cooperativa,id_comprador,data_venda,valor_total) VALUES (1007,6,41,'2024-12-27 02:43:39',0);
INSERT INTO vendas_itens (id_venda,id_material_base,id_material_catalogo,quantidade_kg,preco_por_kg) VALUES (1007,2,5,479.10,0.73);
INSERT INTO vendas_itens (id_venda,id_material_base,id_material_catalogo,quantidade_kg,preco_por_kg) VALUES (1007,3,9,143.44,3.24);
INSERT INTO vendas (id_venda,id_cooperativa,id_comprador,data_venda,valor_total) VALUES (1008,31,94,'2025-06-30 02:43:39',0);
INSERT INTO vendas_itens (id_venda,id_material_base,id_material_catalogo,quantidade_kg,preco_por_kg) VALUES (1008,1,3,443.58,2.56);
INSERT INTO vendas_itens (id_venda,id_material_base,id_material_catalogo,quantidade_kg,preco_por_kg) VALUES (1008,1,2,535.63,3.39);
INSERT INTO vendas_itens (id_venda,id_material_base,id_material_catalogo,quantidade_kg,preco_por_kg) VALUES (1008,1,2,150.45,2.02);
INSERT INTO avaliacoes_compradores (id_venda,pontualidade_pagamento,logistica_entrega,qualidade_negociacao,comentario_livre) VALUES (1008,3,5,5,'');
INSERT INTO avaliacao_feedback_selecionado (id_avaliacao,id_feedback_tag) SELECT id_avaliacao,5 FROM avaliacoes_compradores WHERE id_venda=1008;
INSERT INTO avaliacao_feedback_selecionado (id_avaliacao,id_feedback_tag) SELECT id_avaliacao,11 FROM avaliacoes_compradores WHERE id_venda=1008;
INSERT INTO avaliacao_feedback_selecionado (id_avaliacao,id_feedback_tag) SELECT id_avaliacao,9 FROM avaliacoes_compradores WHERE id_venda=1008;
INSERT INTO vendas (id_venda,id_cooperativa,id_comprador,data_venda,valor_total) VALUES (1009,13,73,'2025-05-31 02:43:39',0);
INSERT INTO vendas_itens (id_venda,id_material_base,id_material_catalogo,quantidade_kg,preco_por_kg) VALUES (1009,2,4,35.26,0.98);
INSERT INTO avaliacoes_compradores (id_venda,pontualidade_pagamento,logistica_entrega,qualidade_negociacao,comentario_livre) VALUES (1009,2,2,2,'');
INSERT INTO avaliacao_feedback_selecionado (id_avaliacao,id_feedback_tag) SELECT id_avaliacao,22 FROM avaliacoes_compradores WHERE id_venda=1009;
INSERT INTO avaliacao_feedback_selecionado (id_avaliacao,id_feedback_tag) SELECT id_avaliacao,15 FROM avaliacoes_compradores WHERE id_venda=1009;
INSERT INTO vendas (id_venda,id_cooperativa,id_comprador,data_venda,valor_total) VALUES (1010,31,72,'2025-06-28 02:43:39',0);
INSERT INTO vendas_itens (id_venda,id_material_base,id_material_catalogo,quantidade_kg,preco_por_kg) VALUES (1010,3,9,273.93,6.29);
INSERT INTO vendas (id_venda,id_cooperativa,id_comprador,data_venda,valor_total) VALUES (1011,17,87,'2025-07-23 02:43:39',0);
INSERT INTO vendas_itens (id_venda,id_material_base,id_material_catalogo,quantidade_kg,preco_por_kg) VALUES (1011,1,3,497.89,1.60);
INSERT INTO vendas_itens (id_venda,id_material_base,id_material_catalogo,quantidade_kg,preco_por_kg) VALUES (1011,2,5,586.10,1.24);
INSERT INTO vendas (id_venda,id_cooperativa,id_comprador,data_venda,valor_total) VALUES (1012,47,46,'2024-11-26 02:43:39',0);
INSERT INTO vendas_itens (id_venda,id_material_base,id_material_catalogo,quantidade_kg,preco_por_kg) VALUES (1012,3,8,262.87,7.90);
INSERT INTO vendas_itens (id_venda,id_material_base,id_material_catalogo,quantidade_kg,preco_por_kg) VALUES (1012,3,7,510.63,6.41);
INSERT INTO vendas_itens (id_venda,id_material_base,id_material_catalogo,quantidade_kg,preco_por_kg) VALUES (1012,3,9,209.57,3.65);
INSERT INTO vendas (id_venda,id_cooperativa,id_comprador,data_venda,valor_total) VALUES (1013,49,46,'2025-07-23 02:43:39',0);
INSERT INTO vendas_itens (id_venda,id_material_base,id_material_catalogo,quantidade_kg,preco_por_kg) VALUES (1013,3,8,377.83,6.22);
INSERT INTO vendas_itens (id_venda,id_material_base,id_material_catalogo,quantidade_kg,preco_por_kg) VALUES (1013,3,8,300.65,7.11);
INSERT INTO avaliacoes_compradores (id_venda,pontualidade_pagamento,logistica_entrega,qualidade_negociacao,comentario_livre) VALUES (1013,2,2,5,'');
INSERT INTO vendas (id_venda,id_cooperativa,id_comprador,data_venda,valor_total) VALUES (1014,29,7,'2025-01-25 02:43:39',0);
INSERT INTO vendas_itens (id_venda,id_material_base,id_material_catalogo,quantidade_kg,preco_por_kg) VALUES (1014,1,3,174.31,3.02);
INSERT INTO avaliacoes_compradores (id_venda,pontualidade_pagamento,logistica_entrega,qualidade_negociacao,comentario_livre) VALUES (1014,5,3,4,'');
INSERT INTO avaliacao_feedback_selecionado (id_avaliacao,id_feedback_tag) SELECT id_avaliacao,5 FROM avaliacoes_compradores WHERE id_venda=1014;
INSERT INTO avaliacao_feedback_selecionado (id_avaliacao,id_feedback_tag) SELECT id_avaliacao,7 FROM avaliacoes_compradores WHERE id_venda=1014;
INSERT INTO vendas (id_venda,id_cooperativa,id_comprador,data_venda,valor_total) VALUES (1015,46,24,'2025-08-12 02:43:39',0);
INSERT INTO vendas_itens (id_venda,id_material_base,id_material_catalogo,quantidade_kg,preco_por_kg) VALUES (1015,2,4,52.48,1.27);
INSERT INTO vendas_itens (id_venda,id_material_base,id_material_catalogo,quantidade_kg,preco_por_kg) VALUES (1015,1,2,452.85,1.34);
INSERT INTO vendas_itens (id_venda,id_material_base,id_material_catalogo,quantidade_kg,preco_por_kg) VALUES (1015,3,7,115.22,3.91);
INSERT INTO avaliacoes_compradores (id_venda,pontualidade_pagamento,logistica_entrega,qualidade_negociacao,comentario_livre) VALUES (1015,3,1,2,'');
INSERT INTO avaliacao_feedback_selecionado (id_avaliacao,id_feedback_tag) SELECT id_avaliacao,16 FROM avaliacoes_compradores WHERE id_venda=1015;
INSERT INTO vendas (id_venda,id_cooperativa,id_comprador,data_venda,valor_total) VALUES (1016,48,75,'2025-02-10 02:43:39',0);
INSERT INTO vendas_itens (id_venda,id_material_base,id_material_catalogo,quantidade_kg,preco_por_kg) VALUES (1016,3,8,238.41,5.10);
INSERT INTO vendas_itens (id_venda,id_material_base,id_material_catalogo,quantidade_kg,preco_por_kg) VALUES (1016,1,3,336.72,2.52);
INSERT INTO vendas (id_venda,id_cooperativa,id_comprador,data_venda,valor_total) VALUES (1017,4,72,'2025-08-31 02:43:39',0);
INSERT INTO vendas_itens (id_venda,id_material_base,id_material_catalogo,quantidade_kg,preco_por_kg) VALUES (1017,2,5,76.17,0.72);
INSERT INTO vendas_itens (id_venda,id_material_base,id_material_catalogo,quantidade_kg,preco_por_kg) VALUES (1017,1,3,359.89,3.45);
INSERT INTO vendas_itens (id_venda,id_material_base,id_material_catalogo,quantidade_kg,preco_por_kg) VALUES (1017,3,9,490.84,4.93);
INSERT INTO vendas (id_venda,id_cooperativa,id_comprador,data_venda,valor_total) VALUES (1018,17,38,'2025-01-27 02:43:39',0);
INSERT INTO vendas_itens (id_venda,id_material_base,id_material_catalogo,quantidade_kg,preco_por_kg) VALUES (1018,3,7,500.71,4.53);
INSERT INTO vendas (id_venda,id_cooperativa,id_comprador,data_venda,valor_total) VALUES (1019,44,77,'2025-03-03 02:43:39',0);
INSERT INTO vendas_itens (id_venda,id_material_base,id_material_catalogo,quantidade_kg,preco_por_kg) VALUES (1019,3,7,163.33,5.32);
INSERT INTO vendas_itens (id_venda,id_material_base,id_material_catalogo,quantidade_kg,preco_por_kg) VALUES (1019,1,3,69.79,3.40);
INSERT INTO vendas (id_venda,id_cooperativa,id_comprador,data_venda,valor_total) VALUES (1020,43,55,'2025-11-12 02:43:39',0);
INSERT INTO vendas_itens (id_venda,id_material_base,id_material_catalogo,quantidade_kg,preco_por_kg) VALUES (1020,1,3,269.17,2.66);
INSERT INTO avaliacoes_compradores (id_venda,pontualidade_pagamento,logistica_entrega,qualidade_negociacao,comentario_livre) VALUES (1020,5,2,2,'');
INSERT INTO vendas (id_venda,id_cooperativa,id_comprador,data_venda,valor_total) VALUES (1021,4,91,'2025-07-05 02:43:39',0);
INSERT INTO vendas_itens (id_venda,id_material_base,id_material_catalogo,quantidade_kg,preco_por_kg) VALUES (1021,3,7,98.98,2.95);
INSERT INTO avaliacoes_compradores (id_venda,pontualidade_pagamento,logistica_entrega,qualidade_negociacao,comentario_livre) VALUES (1021,5,1,5,'');
INSERT INTO vendas (id_venda,id_cooperativa,id_comprador,data_venda,valor_total) VALUES (1022,7,58,'2025-01-23 02:43:39',0);
INSERT INTO vendas_itens (id_venda,id_material_base,id_material_catalogo,quantidade_kg,preco_por_kg) VALUES (1022,1,2,173.42,1.75);
INSERT INTO vendas_itens (id_venda,id_material_base,id_material_catalogo,quantidade_kg,preco_por_kg) VALUES (1022,1,2,434.86,3.29);
INSERT INTO vendas_itens (id_venda,id_material_base,id_material_catalogo,quantidade_kg,preco_por_kg) VALUES (1022,2,6,563.43,1.49);
INSERT INTO avaliacoes_compradores (id_venda,pontualidade_pagamento,logistica_entrega,qualidade_negociacao,comentario_livre) VALUES (1022,5,5,4,'');
INSERT INTO avaliacao_feedback_selecionado (id_avaliacao,id_feedback_tag) SELECT id_avaliacao,9 FROM avaliacoes_compradores WHERE id_venda=1022;
INSERT INTO avaliacao_feedback_selecionado (id_avaliacao,id_feedback_tag) SELECT id_avaliacao,6 FROM avaliacoes_compradores WHERE id_venda=1022;
INSERT INTO vendas (id_venda,id_cooperativa,id_comprador,data_venda,valor_total) VALUES (1023,50,35,'2024-11-25 02:43:39',0);
INSERT INTO vendas_itens (id_venda,id_material_base,id_material_catalogo,quantidade_kg,preco_por_kg) VALUES (1023,3,7,414.03,6.32);
INSERT INTO vendas_itens (id_venda,id_material_base,id_material_catalogo,quantidade_kg,preco_por_kg) VALUES (1023,2,6,209.28,1.64);
INSERT INTO vendas (id_venda,id_cooperativa,id_comprador,data_venda,valor_total) VALUES (1024,19,32,'2025-08-05 02:43:39',0);
INSERT INTO vendas_itens (id_venda,id_material_base,id_material_catalogo,quantidade_kg,preco_por_kg) VALUES (1024,3,7,181.62,4.69);
INSERT INTO avaliacoes_compradores (id_venda,pontualidade_pagamento,logistica_entrega,qualidade_negociacao,comentario_livre) VALUES (1024,5,5,2,'');
INSERT INTO avaliacao_feedback_selecionado (id_avaliacao,id_feedback_tag) SELECT id_avaliacao,7 FROM avaliacoes_compradores WHERE id_venda=1024;
INSERT INTO vendas (id_venda,id_cooperativa,id_comprador,data_venda,valor_total) VALUES (1025,40,38,'2025-08-27 02:43:39',0);
INSERT INTO vendas_itens (id_venda,id_material_base,id_material_catalogo,quantidade_kg,preco_por_kg) VALUES (1025,2,4,446.78,0.86);
INSERT INTO vendas_itens (id_venda,id_material_base,id_material_catalogo,quantidade_kg,preco_por_kg) VALUES (1025,3,9,47.95,7.48);
INSERT INTO avaliacoes_compradores (id_venda,pontualidade_pagamento,logistica_entrega,qualidade_negociacao,comentario_livre) VALUES (1025,1,2,2,'');
INSERT INTO avaliacao_feedback_selecionado (id_avaliacao,id_feedback_tag) SELECT id_avaliacao,15 FROM avaliacoes_compradores WHERE id_venda=1025;
INSERT INTO avaliacao_feedback_selecionado (id_avaliacao,id_feedback_tag) SELECT id_avaliacao,20 FROM avaliacoes_compradores WHERE id_venda=1025;
INSERT INTO avaliacao_feedback_selecionado (id_avaliacao,id_feedback_tag) SELECT id_avaliacao,19 FROM avaliacoes_compradores WHERE id_venda=1025;
INSERT INTO vendas (id_venda,id_cooperativa,id_comprador,data_venda,valor_total) VALUES (1026,40,44,'2025-10-02 02:43:39',0);
INSERT INTO vendas_itens (id_venda,id_material_base,id_material_catalogo,quantidade_kg,preco_por_kg) VALUES (1026,3,7,318.01,7.51);
INSERT INTO vendas_itens (id_venda,id_material_base,id_material_catalogo,quantidade_kg,preco_por_kg) VALUES (1026,1,1,49.05,2.41);
INSERT INTO avaliacoes_compradores (id_venda,pontualidade_pagamento,logistica_entrega,qualidade_negociacao,comentario_livre) VALUES (1026,2,1,5,'');
INSERT INTO vendas (id_venda,id_cooperativa,id_comprador,data_venda,valor_total) VALUES (1027,39,38,'2025-06-07 02:43:39',0);
INSERT INTO vendas_itens (id_venda,id_material_base,id_material_catalogo,quantidade_kg,preco_por_kg) VALUES (1027,3,9,507.89,7.91);
INSERT INTO avaliacoes_compradores (id_venda,pontualidade_pagamento,logistica_entrega,qualidade_negociacao,comentario_livre) VALUES (1027,4,1,4,'');
INSERT INTO vendas (id_venda,id_cooperativa,id_comprador,data_venda,valor_total) VALUES (1028,37,34,'2025-07-22 02:43:39',0);
INSERT INTO vendas_itens (id_venda,id_material_base,id_material_catalogo,quantidade_kg,preco_por_kg) VALUES (1028,3,7,116.45,7.18);
INSERT INTO vendas_itens (id_venda,id_material_base,id_material_catalogo,quantidade_kg,preco_por_kg) VALUES (1028,2,4,369.48,0.75);
INSERT INTO vendas (id_venda,id_cooperativa,id_comprador,data_venda,valor_total) VALUES (1029,1,84,'2025-07-27 02:43:39',0);
INSERT INTO vendas_itens (id_venda,id_material_base,id_material_catalogo,quantidade_kg,preco_por_kg) VALUES (1029,2,6,381.15,1.39);
INSERT INTO vendas_itens (id_venda,id_material_base,id_material_catalogo,quantidade_kg,preco_por_kg) VALUES (1029,2,4,158.34,0.85);
INSERT INTO vendas (id_venda,id_cooperativa,id_comprador,data_venda,valor_total) VALUES (1030,20,44,'2025-11-12 02:43:39',0);
INSERT INTO vendas_itens (id_venda,id_material_base,id_material_catalogo,quantidade_kg,preco_por_kg) VALUES (1030,2,6,373.14,0.54);
INSERT INTO vendas_itens (id_venda,id_material_base,id_material_catalogo,quantidade_kg,preco_por_kg) VALUES (1030,3,7,439.47,6.41);
INSERT INTO avaliacoes_compradores (id_venda,pontualidade_pagamento,logistica_entrega,qualidade_negociacao,comentario_livre) VALUES (1030,5,4,3,'');
INSERT INTO avaliacao_feedback_selecionado (id_avaliacao,id_feedback_tag) SELECT id_avaliacao,10 FROM avaliacoes_compradores WHERE id_venda=1030;
INSERT INTO avaliacao_feedback_selecionado (id_avaliacao,id_feedback_tag) SELECT id_avaliacao,11 FROM avaliacoes_compradores WHERE id_venda=1030;
INSERT INTO vendas (id_venda,id_cooperativa,id_comprador,data_venda,valor_total) VALUES (1031,42,77,'2024-11-25 02:43:39',0);
INSERT INTO vendas_itens (id_venda,id_material_base,id_material_catalogo,quantidade_kg,preco_por_kg) VALUES (1031,3,9,298.02,3.90);
INSERT INTO avaliacoes_compradores (id_venda,pontualidade_pagamento,logistica_entrega,qualidade_negociacao,comentario_livre) VALUES (1031,1,4,2,'');
INSERT INTO vendas (id_venda,id_cooperativa,id_comprador,data_venda,valor_total) VALUES (1032,25,100,'2025-01-25 02:43:39',0);
INSERT INTO vendas_itens (id_venda,id_material_base,id_material_catalogo,quantidade_kg,preco_por_kg) VALUES (1032,3,7,387.52,7.49);
INSERT INTO vendas_itens (id_venda,id_material_base,id_material_catalogo,quantidade_kg,preco_por_kg) VALUES (1032,1,2,459.79,2.90);
INSERT INTO vendas_itens (id_venda,id_material_base,id_material_catalogo,quantidade_kg,preco_por_kg) VALUES (1032,1,3,216.72,2.33);
INSERT INTO avaliacoes_compradores (id_venda,pontualidade_pagamento,logistica_entrega,qualidade_negociacao,comentario_livre) VALUES (1032,2,4,2,'');
INSERT INTO vendas (id_venda,id_cooperativa,id_comprador,data_venda,valor_total) VALUES (1033,47,75,'2025-06-21 02:43:39',0);
INSERT INTO vendas_itens (id_venda,id_material_base,id_material_catalogo,quantidade_kg,preco_por_kg) VALUES (1033,3,9,85.84,6.63);
INSERT INTO vendas_itens (id_venda,id_material_base,id_material_catalogo,quantidade_kg,preco_por_kg) VALUES (1033,1,1,499.32,3.31);
INSERT INTO vendas_itens (id_venda,id_material_base,id_material_catalogo,quantidade_kg,preco_por_kg) VALUES (1033,2,5,349.91,1.38);
INSERT INTO avaliacoes_compradores (id_venda,pontualidade_pagamento,logistica_entrega,qualidade_negociacao,comentario_livre) VALUES (1033,2,5,2,'');
INSERT INTO vendas (id_venda,id_cooperativa,id_comprador,data_venda,valor_total) VALUES (1034,49,27,'2025-06-18 02:43:39',0);
INSERT INTO vendas_itens (id_venda,id_material_base,id_material_catalogo,quantidade_kg,preco_por_kg) VALUES (1034,2,6,337.37,0.94);
INSERT INTO avaliacoes_compradores (id_venda,pontualidade_pagamento,logistica_entrega,qualidade_negociacao,comentario_livre) VALUES (1034,3,5,4,'');
INSERT INTO avaliacao_feedback_selecionado (id_avaliacao,id_feedback_tag) SELECT id_avaliacao,2 FROM avaliacoes_compradores WHERE id_venda=1034;
INSERT INTO vendas (id_venda,id_cooperativa,id_comprador,data_venda,valor_total) VALUES (1035,7,26,'2024-12-21 02:43:39',0);
INSERT INTO vendas_itens (id_venda,id_material_base,id_material_catalogo,quantidade_kg,preco_por_kg) VALUES (1035,3,9,44.98,4.67);
INSERT INTO avaliacoes_compradores (id_venda,pontualidade_pagamento,logistica_entrega,qualidade_negociacao,comentario_livre) VALUES (1035,5,2,3,'');
INSERT INTO vendas (id_venda,id_cooperativa,id_comprador,data_venda,valor_total) VALUES (1036,2,63,'2025-01-02 02:43:39',0);
INSERT INTO vendas_itens (id_venda,id_material_base,id_material_catalogo,quantidade_kg,preco_por_kg) VALUES (1036,3,7,39.34,7.85);
INSERT INTO vendas (id_venda,id_cooperativa,id_comprador,data_venda,valor_total) VALUES (1037,2,56,'2025-02-06 02:43:39',0);
INSERT INTO vendas_itens (id_venda,id_material_base,id_material_catalogo,quantidade_kg,preco_por_kg) VALUES (1037,1,3,178.72,2.57);
INSERT INTO vendas_itens (id_venda,id_material_base,id_material_catalogo,quantidade_kg,preco_por_kg) VALUES (1037,2,4,381.03,1.46);
INSERT INTO vendas_itens (id_venda,id_material_base,id_material_catalogo,quantidade_kg,preco_por_kg) VALUES (1037,2,6,122.46,1.77);
INSERT INTO vendas (id_venda,id_cooperativa,id_comprador,data_venda,valor_total) VALUES (1038,18,70,'2025-07-07 02:43:39',0);
INSERT INTO vendas_itens (id_venda,id_material_base,id_material_catalogo,quantidade_kg,preco_por_kg) VALUES (1038,2,4,250.18,1.02);
INSERT INTO vendas_itens (id_venda,id_material_base,id_material_catalogo,quantidade_kg,preco_por_kg) VALUES (1038,2,5,111.45,0.81);
INSERT INTO avaliacoes_compradores (id_venda,pontualidade_pagamento,logistica_entrega,qualidade_negociacao,comentario_livre) VALUES (1038,2,5,4,'');
INSERT INTO vendas (id_venda,id_cooperativa,id_comprador,data_venda,valor_total) VALUES (1039,16,73,'2025-01-18 02:43:39',0);
INSERT INTO vendas_itens (id_venda,id_material_base,id_material_catalogo,quantidade_kg,preco_por_kg) VALUES (1039,3,8,100.15,7.36);
INSERT INTO vendas_itens (id_venda,id_material_base,id_material_catalogo,quantidade_kg,preco_por_kg) VALUES (1039,2,5,260.83,0.85);
INSERT INTO vendas_itens (id_venda,id_material_base,id_material_catalogo,quantidade_kg,preco_por_kg) VALUES (1039,2,5,353.29,1.62);
INSERT INTO avaliacoes_compradores (id_venda,pontualidade_pagamento,logistica_entrega,qualidade_negociacao,comentario_livre) VALUES (1039,3,3,4,'');
INSERT INTO vendas (id_venda,id_cooperativa,id_comprador,data_venda,valor_total) VALUES (1040,27,52,'2025-07-05 02:43:39',0);
INSERT INTO vendas_itens (id_venda,id_material_base,id_material_catalogo,quantidade_kg,preco_por_kg) VALUES (1040,2,4,238.98,0.72);
INSERT INTO avaliacoes_compradores (id_venda,pontualidade_pagamento,logistica_entrega,qualidade_negociacao,comentario_livre) VALUES (1040,3,5,3,'');
INSERT INTO vendas (id_venda,id_cooperativa,id_comprador,data_venda,valor_total) VALUES (1041,34,85,'2025-02-19 02:43:39',0);
INSERT INTO vendas_itens (id_venda,id_material_base,id_material_catalogo,quantidade_kg,preco_por_kg) VALUES (1041,2,4,410.81,0.84);
INSERT INTO vendas_itens (id_venda,id_material_base,id_material_catalogo,quantidade_kg,preco_por_kg) VALUES (1041,3,8,443.58,5.04);
INSERT INTO vendas_itens (id_venda,id_material_base,id_material_catalogo,quantidade_kg,preco_por_kg) VALUES (1041,1,3,595.65,2.84);
INSERT INTO avaliacoes_compradores (id_venda,pontualidade_pagamento,logistica_entrega,qualidade_negociacao,comentario_livre) VALUES (1041,3,3,5,'');
INSERT INTO vendas (id_venda,id_cooperativa,id_comprador,data_venda,valor_total) VALUES (1042,44,42,'2025-02-05 02:43:39',0);
INSERT INTO vendas_itens (id_venda,id_material_base,id_material_catalogo,quantidade_kg,preco_por_kg) VALUES (1042,2,4,44.98,0.96);
INSERT INTO vendas_itens (id_venda,id_material_base,id_material_catalogo,quantidade_kg,preco_por_kg) VALUES (1042,1,1,148.16,1.80);
INSERT INTO vendas_itens (id_venda,id_material_base,id_material_catalogo,quantidade_kg,preco_por_kg) VALUES (1042,2,4,554.89,0.78);
INSERT INTO avaliacoes_compradores (id_venda,pontualidade_pagamento,logistica_entrega,qualidade_negociacao,comentario_livre) VALUES (1042,5,3,5,'');
INSERT INTO avaliacao_feedback_selecionado (id_avaliacao,id_feedback_tag) SELECT id_avaliacao,10 FROM avaliacoes_compradores WHERE id_venda=1042;
INSERT INTO avaliacao_feedback_selecionado (id_avaliacao,id_feedback_tag) SELECT id_avaliacao,8 FROM avaliacoes_compradores WHERE id_venda=1042;
INSERT INTO avaliacao_feedback_selecionado (id_avaliacao,id_feedback_tag) SELECT id_avaliacao,5 FROM avaliacoes_compradores WHERE id_venda=1042;
INSERT INTO vendas (id_venda,id_cooperativa,id_comprador,data_venda,valor_total) VALUES (1043,27,100,'2025-05-16 02:43:39',0);
INSERT INTO vendas_itens (id_venda,id_material_base,id_material_catalogo,quantidade_kg,preco_por_kg) VALUES (1043,3,8,484.61,4.20);
INSERT INTO avaliacoes_compradores (id_venda,pontualidade_pagamento,logistica_entrega,qualidade_negociacao,comentario_livre) VALUES (1043,4,3,3,'');
INSERT INTO vendas (id_venda,id_cooperativa,id_comprador,data_venda,valor_total) VALUES (1044,34,75,'2025-08-19 02:43:39',0);
INSERT INTO vendas_itens (id_venda,id_material_base,id_material_catalogo,quantidade_kg,preco_por_kg) VALUES (1044,2,5,163.98,1.10);
INSERT INTO vendas_itens (id_venda,id_material_base,id_material_catalogo,quantidade_kg,preco_por_kg) VALUES (1044,2,5,195.73,1.06);
INSERT INTO vendas (id_venda,id_cooperativa,id_comprador,data_venda,valor_total) VALUES (1045,35,90,'2025-10-05 02:43:39',0);
INSERT INTO vendas_itens (id_venda,id_material_base,id_material_catalogo,quantidade_kg,preco_por_kg) VALUES (1045,1,3,515.03,3.69);
INSERT INTO vendas_itens (id_venda,id_material_base,id_material_catalogo,quantidade_kg,preco_por_kg) VALUES (1045,1,3,529.11,1.41);
INSERT INTO vendas (id_venda,id_cooperativa,id_comprador,data_venda,valor_total) VALUES (1046,8,76,'2025-01-18 02:43:39',0);
INSERT INTO vendas_itens (id_venda,id_material_base,id_material_catalogo,quantidade_kg,preco_por_kg) VALUES (1046,2,6,75.30,0.68);
INSERT INTO vendas_itens (id_venda,id_material_base,id_material_catalogo,quantidade_kg,preco_por_kg) VALUES (1046,1,2,451.31,3.39);
INSERT INTO vendas_itens (id_venda,id_material_base,id_material_catalogo,quantidade_kg,preco_por_kg) VALUES (1046,3,8,271.95,2.99);
INSERT INTO avaliacoes_compradores (id_venda,pontualidade_pagamento,logistica_entrega,qualidade_negociacao,comentario_livre) VALUES (1046,3,2,4,'');
INSERT INTO vendas (id_venda,id_cooperativa,id_comprador,data_venda,valor_total) VALUES (1047,4,94,'2025-09-24 02:43:39',0);
INSERT INTO vendas_itens (id_venda,id_material_base,id_material_catalogo,quantidade_kg,preco_por_kg) VALUES (1047,2,4,156.29,1.56);
INSERT INTO vendas (id_venda,id_cooperativa,id_comprador,data_venda,valor_total) VALUES (1048,23,40,'2025-10-14 02:43:39',0);
INSERT INTO vendas_itens (id_venda,id_material_base,id_material_catalogo,quantidade_kg,preco_por_kg) VALUES (1048,1,1,568.49,2.73);
INSERT INTO avaliacoes_compradores (id_venda,pontualidade_pagamento,logistica_entrega,qualidade_negociacao,comentario_livre) VALUES (1048,5,3,4,'');
INSERT INTO avaliacao_feedback_selecionado (id_avaliacao,id_feedback_tag) SELECT id_avaliacao,10 FROM avaliacoes_compradores WHERE id_venda=1048;
INSERT INTO vendas (id_venda,id_cooperativa,id_comprador,data_venda,valor_total) VALUES (1049,14,66,'2024-12-30 02:43:39',0);
INSERT INTO vendas_itens (id_venda,id_material_base,id_material_catalogo,quantidade_kg,preco_por_kg) VALUES (1049,2,4,181.47,0.77);
INSERT INTO vendas_itens (id_venda,id_material_base,id_material_catalogo,quantidade_kg,preco_por_kg) VALUES (1049,1,2,249.50,3.08);
INSERT INTO vendas_itens (id_venda,id_material_base,id_material_catalogo,quantidade_kg,preco_por_kg) VALUES (1049,3,8,543.37,2.72);
INSERT INTO avaliacoes_compradores (id_venda,pontualidade_pagamento,logistica_entrega,qualidade_negociacao,comentario_livre) VALUES (1049,5,1,3,'');
INSERT INTO vendas (id_venda,id_cooperativa,id_comprador,data_venda,valor_total) VALUES (1050,9,68,'2025-04-10 02:43:39',0);
INSERT INTO vendas_itens (id_venda,id_material_base,id_material_catalogo,quantidade_kg,preco_por_kg) VALUES (1050,2,6,149.71,1.44);
INSERT INTO avaliacoes_compradores (id_venda,pontualidade_pagamento,logistica_entrega,qualidade_negociacao,comentario_livre) VALUES (1050,1,1,2,'');
INSERT INTO avaliacao_feedback_selecionado (id_avaliacao,id_feedback_tag) SELECT id_avaliacao,18 FROM avaliacoes_compradores WHERE id_venda=1050;
INSERT INTO avaliacao_feedback_selecionado (id_avaliacao,id_feedback_tag) SELECT id_avaliacao,13 FROM avaliacoes_compradores WHERE id_venda=1050;
INSERT INTO avaliacao_feedback_selecionado (id_avaliacao,id_feedback_tag) SELECT id_avaliacao,17 FROM avaliacoes_compradores WHERE id_venda=1050;
INSERT INTO vendas (id_venda,id_cooperativa,id_comprador,data_venda,valor_total) VALUES (1051,9,87,'2025-04-28 02:43:39',0);
INSERT INTO vendas_itens (id_venda,id_material_base,id_material_catalogo,quantidade_kg,preco_por_kg) VALUES (1051,2,6,467.35,1.02);
INSERT INTO avaliacoes_compradores (id_venda,pontualidade_pagamento,logistica_entrega,qualidade_negociacao,comentario_livre) VALUES (1051,2,1,1,'');
INSERT INTO avaliacao_feedback_selecionado (id_avaliacao,id_feedback_tag) SELECT id_avaliacao,20 FROM avaliacoes_compradores WHERE id_venda=1051;
INSERT INTO vendas (id_venda,id_cooperativa,id_comprador,data_venda,valor_total) VALUES (1052,34,25,'2025-11-11 02:43:39',0);
INSERT INTO vendas_itens (id_venda,id_material_base,id_material_catalogo,quantidade_kg,preco_por_kg) VALUES (1052,3,7,134.55,7.42);
INSERT INTO vendas (id_venda,id_cooperativa,id_comprador,data_venda,valor_total) VALUES (1053,3,8,'2025-10-09 02:43:39',0);
INSERT INTO vendas_itens (id_venda,id_material_base,id_material_catalogo,quantidade_kg,preco_por_kg) VALUES (1053,3,8,163.47,3.30);
INSERT INTO avaliacoes_compradores (id_venda,pontualidade_pagamento,logistica_entrega,qualidade_negociacao,comentario_livre) VALUES (1053,5,5,1,'');
INSERT INTO vendas (id_venda,id_cooperativa,id_comprador,data_venda,valor_total) VALUES (1054,47,98,'2025-10-20 02:43:39',0);
INSERT INTO vendas_itens (id_venda,id_material_base,id_material_catalogo,quantidade_kg,preco_por_kg) VALUES (1054,2,5,278.24,0.81);
INSERT INTO vendas_itens (id_venda,id_material_base,id_material_catalogo,quantidade_kg,preco_por_kg) VALUES (1054,2,4,295.45,1.42);
INSERT INTO vendas_itens (id_venda,id_material_base,id_material_catalogo,quantidade_kg,preco_por_kg) VALUES (1054,1,3,234.65,2.65);
INSERT INTO vendas (id_venda,id_cooperativa,id_comprador,data_venda,valor_total) VALUES (1055,39,32,'2025-01-31 02:43:39',0);
INSERT INTO vendas_itens (id_venda,id_material_base,id_material_catalogo,quantidade_kg,preco_por_kg) VALUES (1055,1,2,498.02,2.40);
INSERT INTO vendas_itens (id_venda,id_material_base,id_material_catalogo,quantidade_kg,preco_por_kg) VALUES (1055,2,6,478.01,0.85);
INSERT INTO avaliacoes_compradores (id_venda,pontualidade_pagamento,logistica_entrega,qualidade_negociacao,comentario_livre) VALUES (1055,2,2,5,'');
INSERT INTO vendas (id_venda,id_cooperativa,id_comprador,data_venda,valor_total) VALUES (1056,46,44,'2025-03-14 02:43:39',0);
INSERT INTO vendas_itens (id_venda,id_material_base,id_material_catalogo,quantidade_kg,preco_por_kg) VALUES (1056,2,5,426.75,1.09);
INSERT INTO vendas (id_venda,id_cooperativa,id_comprador,data_venda,valor_total) VALUES (1057,41,97,'2025-03-16 02:43:39',0);
INSERT INTO vendas_itens (id_venda,id_material_base,id_material_catalogo,quantidade_kg,preco_por_kg) VALUES (1057,2,5,492.08,0.99);
INSERT INTO vendas_itens (id_venda,id_material_base,id_material_catalogo,quantidade_kg,preco_por_kg) VALUES (1057,2,6,430.15,1.70);
INSERT INTO vendas_itens (id_venda,id_material_base,id_material_catalogo,quantidade_kg,preco_por_kg) VALUES (1057,3,7,522.61,4.73);
INSERT INTO vendas (id_venda,id_cooperativa,id_comprador,data_venda,valor_total) VALUES (1058,18,10,'2024-12-22 02:43:39',0);
INSERT INTO vendas_itens (id_venda,id_material_base,id_material_catalogo,quantidade_kg,preco_por_kg) VALUES (1058,3,7,301.05,6.95);
INSERT INTO vendas_itens (id_venda,id_material_base,id_material_catalogo,quantidade_kg,preco_por_kg) VALUES (1058,3,9,307.44,5.65);
INSERT INTO avaliacoes_compradores (id_venda,pontualidade_pagamento,logistica_entrega,qualidade_negociacao,comentario_livre) VALUES (1058,4,2,4,'');
INSERT INTO vendas (id_venda,id_cooperativa,id_comprador,data_venda,valor_total) VALUES (1059,19,82,'2025-06-25 02:43:39',0);
INSERT INTO vendas_itens (id_venda,id_material_base,id_material_catalogo,quantidade_kg,preco_por_kg) VALUES (1059,1,1,505.15,3.38);
INSERT INTO vendas_itens (id_venda,id_material_base,id_material_catalogo,quantidade_kg,preco_por_kg) VALUES (1059,2,5,326.79,1.09);
INSERT INTO vendas_itens (id_venda,id_material_base,id_material_catalogo,quantidade_kg,preco_por_kg) VALUES (1059,3,7,404.13,4.85);
INSERT INTO avaliacoes_compradores (id_venda,pontualidade_pagamento,logistica_entrega,qualidade_negociacao,comentario_livre) VALUES (1059,2,5,3,'');
INSERT INTO vendas (id_venda,id_cooperativa,id_comprador,data_venda,valor_total) VALUES (1060,31,58,'2025-09-11 02:43:39',0);
INSERT INTO vendas_itens (id_venda,id_material_base,id_material_catalogo,quantidade_kg,preco_por_kg) VALUES (1060,2,6,573.56,0.80);
INSERT INTO vendas_itens (id_venda,id_material_base,id_material_catalogo,quantidade_kg,preco_por_kg) VALUES (1060,1,1,279.50,3.29);
INSERT INTO vendas_itens (id_venda,id_material_base,id_material_catalogo,quantidade_kg,preco_por_kg) VALUES (1060,3,8,503.68,6.06);
INSERT INTO avaliacoes_compradores (id_venda,pontualidade_pagamento,logistica_entrega,qualidade_negociacao,comentario_livre) VALUES (1060,3,2,1,'');
INSERT INTO avaliacao_feedback_selecionado (id_avaliacao,id_feedback_tag) SELECT id_avaliacao,16 FROM avaliacoes_compradores WHERE id_venda=1060;
INSERT INTO avaliacao_feedback_selecionado (id_avaliacao,id_feedback_tag) SELECT id_avaliacao,15 FROM avaliacoes_compradores WHERE id_venda=1060;
INSERT INTO avaliacao_feedback_selecionado (id_avaliacao,id_feedback_tag) SELECT id_avaliacao,20 FROM avaliacoes_compradores WHERE id_venda=1060;
INSERT INTO vendas (id_venda,id_cooperativa,id_comprador,data_venda,valor_total) VALUES (1061,7,25,'2025-05-16 02:43:39',0);
INSERT INTO vendas_itens (id_venda,id_material_base,id_material_catalogo,quantidade_kg,preco_por_kg) VALUES (1061,1,3,574.69,1.78);
INSERT INTO vendas_itens (id_venda,id_material_base,id_material_catalogo,quantidade_kg,preco_por_kg) VALUES (1061,1,3,320.29,2.68);
INSERT INTO avaliacoes_compradores (id_venda,pontualidade_pagamento,logistica_entrega,qualidade_negociacao,comentario_livre) VALUES (1061,1,5,3,'');
INSERT INTO vendas (id_venda,id_cooperativa,id_comprador,data_venda,valor_total) VALUES (1062,32,22,'2024-11-22 02:43:39',0);
INSERT INTO vendas_itens (id_venda,id_material_base,id_material_catalogo,quantidade_kg,preco_por_kg) VALUES (1062,2,6,498.41,1.05);
INSERT INTO vendas_itens (id_venda,id_material_base,id_material_catalogo,quantidade_kg,preco_por_kg) VALUES (1062,3,8,267.65,3.27);
INSERT INTO vendas_itens (id_venda,id_material_base,id_material_catalogo,quantidade_kg,preco_por_kg) VALUES (1062,2,6,393.77,1.54);
INSERT INTO vendas (id_venda,id_cooperativa,id_comprador,data_venda,valor_total) VALUES (1063,42,44,'2025-01-31 02:43:39',0);
INSERT INTO vendas_itens (id_venda,id_material_base,id_material_catalogo,quantidade_kg,preco_por_kg) VALUES (1063,1,1,554.22,3.78);
INSERT INTO vendas_itens (id_venda,id_material_base,id_material_catalogo,quantidade_kg,preco_por_kg) VALUES (1063,3,8,247.17,7.67);
INSERT INTO vendas_itens (id_venda,id_material_base,id_material_catalogo,quantidade_kg,preco_por_kg) VALUES (1063,2,4,364.10,1.19);
INSERT INTO vendas (id_venda,id_cooperativa,id_comprador,data_venda,valor_total) VALUES (1064,11,65,'2025-05-21 02:43:39',0);
INSERT INTO vendas_itens (id_venda,id_material_base,id_material_catalogo,quantidade_kg,preco_por_kg) VALUES (1064,2,6,173.40,1.47);
INSERT INTO vendas_itens (id_venda,id_material_base,id_material_catalogo,quantidade_kg,preco_por_kg) VALUES (1064,1,2,193.81,2.33);
INSERT INTO vendas_itens (id_venda,id_material_base,id_material_catalogo,quantidade_kg,preco_por_kg) VALUES (1064,1,2,451.93,1.50);
INSERT INTO avaliacoes_compradores (id_venda,pontualidade_pagamento,logistica_entrega,qualidade_negociacao,comentario_livre) VALUES (1064,4,5,4,'');
INSERT INTO avaliacao_feedback_selecionado (id_avaliacao,id_feedback_tag) SELECT id_avaliacao,2 FROM avaliacoes_compradores WHERE id_venda=1064;
INSERT INTO avaliacao_feedback_selecionado (id_avaliacao,id_feedback_tag) SELECT id_avaliacao,8 FROM avaliacoes_compradores WHERE id_venda=1064;
INSERT INTO vendas (id_venda,id_cooperativa,id_comprador,data_venda,valor_total) VALUES (1065,23,58,'2025-05-30 02:43:39',0);
INSERT INTO vendas_itens (id_venda,id_material_base,id_material_catalogo,quantidade_kg,preco_por_kg) VALUES (1065,1,1,219.14,3.20);
INSERT INTO vendas_itens (id_venda,id_material_base,id_material_catalogo,quantidade_kg,preco_por_kg) VALUES (1065,2,6,314.58,0.89);
INSERT INTO avaliacoes_compradores (id_venda,pontualidade_pagamento,logistica_entrega,qualidade_negociacao,comentario_livre) VALUES (1065,5,1,2,'');
INSERT INTO vendas (id_venda,id_cooperativa,id_comprador,data_venda,valor_total) VALUES (1066,6,26,'2025-01-21 02:43:39',0);
INSERT INTO vendas_itens (id_venda,id_material_base,id_material_catalogo,quantidade_kg,preco_por_kg) VALUES (1066,1,3,216.37,2.13);
INSERT INTO vendas_itens (id_venda,id_material_base,id_material_catalogo,quantidade_kg,preco_por_kg) VALUES (1066,1,3,454.81,3.41);
INSERT INTO avaliacoes_compradores (id_venda,pontualidade_pagamento,logistica_entrega,qualidade_negociacao,comentario_livre) VALUES (1066,3,1,4,'');
INSERT INTO vendas (id_venda,id_cooperativa,id_comprador,data_venda,valor_total) VALUES (1067,5,45,'2025-05-09 02:43:39',0);
INSERT INTO vendas_itens (id_venda,id_material_base,id_material_catalogo,quantidade_kg,preco_por_kg) VALUES (1067,3,7,415.57,4.64);
INSERT INTO vendas_itens (id_venda,id_material_base,id_material_catalogo,quantidade_kg,preco_por_kg) VALUES (1067,1,1,579.88,2.24);
INSERT INTO vendas (id_venda,id_cooperativa,id_comprador,data_venda,valor_total) VALUES (1068,43,36,'2025-03-19 02:43:39',0);
INSERT INTO vendas_itens (id_venda,id_material_base,id_material_catalogo,quantidade_kg,preco_por_kg) VALUES (1068,1,1,544.60,2.67);
INSERT INTO vendas_itens (id_venda,id_material_base,id_material_catalogo,quantidade_kg,preco_por_kg) VALUES (1068,2,4,327.40,0.95);
INSERT INTO vendas (id_venda,id_cooperativa,id_comprador,data_venda,valor_total) VALUES (1069,8,77,'2025-09-14 02:43:39',0);
INSERT INTO vendas_itens (id_venda,id_material_base,id_material_catalogo,quantidade_kg,preco_por_kg) VALUES (1069,2,5,418.88,1.68);
INSERT INTO vendas (id_venda,id_cooperativa,id_comprador,data_venda,valor_total) VALUES (1070,39,21,'2025-09-03 02:43:39',0);
INSERT INTO vendas_itens (id_venda,id_material_base,id_material_catalogo,quantidade_kg,preco_por_kg) VALUES (1070,2,5,323.19,0.85);
INSERT INTO vendas (id_venda,id_cooperativa,id_comprador,data_venda,valor_total) VALUES (1071,36,100,'2025-05-06 02:43:39',0);
INSERT INTO vendas_itens (id_venda,id_material_base,id_material_catalogo,quantidade_kg,preco_por_kg) VALUES (1071,1,1,250.61,3.92);
INSERT INTO avaliacoes_compradores (id_venda,pontualidade_pagamento,logistica_entrega,qualidade_negociacao,comentario_livre) VALUES (1071,3,2,2,'');
INSERT INTO vendas (id_venda,id_cooperativa,id_comprador,data_venda,valor_total) VALUES (1072,46,65,'2025-09-19 02:43:39',0);
INSERT INTO vendas_itens (id_venda,id_material_base,id_material_catalogo,quantidade_kg,preco_por_kg) VALUES (1072,1,2,414.13,3.81);
INSERT INTO avaliacoes_compradores (id_venda,pontualidade_pagamento,logistica_entrega,qualidade_negociacao,comentario_livre) VALUES (1072,1,1,4,'');
INSERT INTO avaliacao_feedback_selecionado (id_avaliacao,id_feedback_tag) SELECT id_avaliacao,23 FROM avaliacoes_compradores WHERE id_venda=1072;
INSERT INTO vendas (id_venda,id_cooperativa,id_comprador,data_venda,valor_total) VALUES (1073,14,26,'2025-04-24 02:43:39',0);
INSERT INTO vendas_itens (id_venda,id_material_base,id_material_catalogo,quantidade_kg,preco_por_kg) VALUES (1073,3,7,121.08,6.07);
INSERT INTO vendas_itens (id_venda,id_material_base,id_material_catalogo,quantidade_kg,preco_por_kg) VALUES (1073,3,7,544.27,5.24);
INSERT INTO avaliacoes_compradores (id_venda,pontualidade_pagamento,logistica_entrega,qualidade_negociacao,comentario_livre) VALUES (1073,5,2,1,'');
INSERT INTO vendas (id_venda,id_cooperativa,id_comprador,data_venda,valor_total) VALUES (1074,29,24,'2025-01-31 02:43:39',0);
INSERT INTO vendas_itens (id_venda,id_material_base,id_material_catalogo,quantidade_kg,preco_por_kg) VALUES (1074,1,2,488.79,3.53);
INSERT INTO vendas (id_venda,id_cooperativa,id_comprador,data_venda,valor_total) VALUES (1075,39,1,'2025-03-20 02:43:39',0);
INSERT INTO vendas_itens (id_venda,id_material_base,id_material_catalogo,quantidade_kg,preco_por_kg) VALUES (1075,3,7,265.98,5.24);
INSERT INTO vendas_itens (id_venda,id_material_base,id_material_catalogo,quantidade_kg,preco_por_kg) VALUES (1075,2,4,82.14,0.86);
INSERT INTO vendas_itens (id_venda,id_material_base,id_material_catalogo,quantidade_kg,preco_por_kg) VALUES (1075,2,4,247.21,0.69);
INSERT INTO vendas (id_venda,id_cooperativa,id_comprador,data_venda,valor_total) VALUES (1076,6,4,'2025-09-09 02:43:39',0);
INSERT INTO vendas_itens (id_venda,id_material_base,id_material_catalogo,quantidade_kg,preco_por_kg) VALUES (1076,3,8,291.19,6.20);
INSERT INTO avaliacoes_compradores (id_venda,pontualidade_pagamento,logistica_entrega,qualidade_negociacao,comentario_livre) VALUES (1076,2,2,3,'');
INSERT INTO vendas (id_venda,id_cooperativa,id_comprador,data_venda,valor_total) VALUES (1077,41,77,'2025-07-05 02:43:39',0);
INSERT INTO vendas_itens (id_venda,id_material_base,id_material_catalogo,quantidade_kg,preco_por_kg) VALUES (1077,3,9,546.63,7.88);
INSERT INTO vendas_itens (id_venda,id_material_base,id_material_catalogo,quantidade_kg,preco_por_kg) VALUES (1077,1,2,505.35,3.49);
INSERT INTO vendas_itens (id_venda,id_material_base,id_material_catalogo,quantidade_kg,preco_por_kg) VALUES (1077,2,4,566.06,1.64);
INSERT INTO vendas (id_venda,id_cooperativa,id_comprador,data_venda,valor_total) VALUES (1078,46,3,'2025-09-02 02:43:39',0);
INSERT INTO vendas_itens (id_venda,id_material_base,id_material_catalogo,quantidade_kg,preco_por_kg) VALUES (1078,2,5,85.85,1.46);
INSERT INTO vendas_itens (id_venda,id_material_base,id_material_catalogo,quantidade_kg,preco_por_kg) VALUES (1078,3,9,43.16,3.70);
INSERT INTO avaliacoes_compradores (id_venda,pontualidade_pagamento,logistica_entrega,qualidade_negociacao,comentario_livre) VALUES (1078,2,1,4,'');
INSERT INTO vendas (id_venda,id_cooperativa,id_comprador,data_venda,valor_total) VALUES (1079,35,25,'2025-01-09 02:43:39',0);
INSERT INTO vendas_itens (id_venda,id_material_base,id_material_catalogo,quantidade_kg,preco_por_kg) VALUES (1079,3,9,552.27,7.57);
INSERT INTO vendas_itens (id_venda,id_material_base,id_material_catalogo,quantidade_kg,preco_por_kg) VALUES (1079,1,3,139.35,1.97);
INSERT INTO vendas (id_venda,id_cooperativa,id_comprador,data_venda,valor_total) VALUES (1080,40,59,'2025-04-22 02:43:39',0);
INSERT INTO vendas_itens (id_venda,id_material_base,id_material_catalogo,quantidade_kg,preco_por_kg) VALUES (1080,2,4,442.76,1.06);
INSERT INTO vendas_itens (id_venda,id_material_base,id_material_catalogo,quantidade_kg,preco_por_kg) VALUES (1080,3,8,292.52,6.56);
INSERT INTO avaliacoes_compradores (id_venda,pontualidade_pagamento,logistica_entrega,qualidade_negociacao,comentario_livre) VALUES (1080,2,4,4,'');
INSERT INTO vendas (id_venda,id_cooperativa,id_comprador,data_venda,valor_total) VALUES (1081,17,59,'2025-02-17 02:43:39',0);
INSERT INTO vendas_itens (id_venda,id_material_base,id_material_catalogo,quantidade_kg,preco_por_kg) VALUES (1081,1,1,93.48,1.68);
INSERT INTO vendas_itens (id_venda,id_material_base,id_material_catalogo,quantidade_kg,preco_por_kg) VALUES (1081,2,6,203.19,1.25);
INSERT INTO avaliacoes_compradores (id_venda,pontualidade_pagamento,logistica_entrega,qualidade_negociacao,comentario_livre) VALUES (1081,5,3,2,'');
INSERT INTO vendas (id_venda,id_cooperativa,id_comprador,data_venda,valor_total) VALUES (1082,31,33,'2025-01-26 02:43:39',0);
INSERT INTO vendas_itens (id_venda,id_material_base,id_material_catalogo,quantidade_kg,preco_por_kg) VALUES (1082,1,2,573.26,2.66);
INSERT INTO vendas_itens (id_venda,id_material_base,id_material_catalogo,quantidade_kg,preco_por_kg) VALUES (1082,2,4,285.26,0.64);
INSERT INTO vendas_itens (id_venda,id_material_base,id_material_catalogo,quantidade_kg,preco_por_kg) VALUES (1082,2,6,356.50,0.72);
INSERT INTO vendas (id_venda,id_cooperativa,id_comprador,data_venda,valor_total) VALUES (1083,6,39,'2024-11-20 02:43:39',0);
INSERT INTO vendas_itens (id_venda,id_material_base,id_material_catalogo,quantidade_kg,preco_por_kg) VALUES (1083,3,7,170.60,7.88);
INSERT INTO vendas_itens (id_venda,id_material_base,id_material_catalogo,quantidade_kg,preco_por_kg) VALUES (1083,1,1,559.80,2.70);
INSERT INTO vendas_itens (id_venda,id_material_base,id_material_catalogo,quantidade_kg,preco_por_kg) VALUES (1083,2,5,266.20,0.55);
INSERT INTO avaliacoes_compradores (id_venda,pontualidade_pagamento,logistica_entrega,qualidade_negociacao,comentario_livre) VALUES (1083,1,1,1,'');
INSERT INTO avaliacao_feedback_selecionado (id_avaliacao,id_feedback_tag) SELECT id_avaliacao,13 FROM avaliacoes_compradores WHERE id_venda=1083;
INSERT INTO avaliacao_feedback_selecionado (id_avaliacao,id_feedback_tag) SELECT id_avaliacao,19 FROM avaliacoes_compradores WHERE id_venda=1083;
INSERT INTO vendas (id_venda,id_cooperativa,id_comprador,data_venda,valor_total) VALUES (1084,48,56,'2025-05-13 02:43:39',0);
INSERT INTO vendas_itens (id_venda,id_material_base,id_material_catalogo,quantidade_kg,preco_por_kg) VALUES (1084,3,8,540.65,5.48);
INSERT INTO vendas_itens (id_venda,id_material_base,id_material_catalogo,quantidade_kg,preco_por_kg) VALUES (1084,2,4,456.48,1.58);
INSERT INTO vendas (id_venda,id_cooperativa,id_comprador,data_venda,valor_total) VALUES (1085,36,19,'2025-03-01 02:43:39',0);
INSERT INTO vendas_itens (id_venda,id_material_base,id_material_catalogo,quantidade_kg,preco_por_kg) VALUES (1085,1,3,544.53,3.52);
INSERT INTO avaliacoes_compradores (id_venda,pontualidade_pagamento,logistica_entrega,qualidade_negociacao,comentario_livre) VALUES (1085,5,5,2,'');
INSERT INTO avaliacao_feedback_selecionado (id_avaliacao,id_feedback_tag) SELECT id_avaliacao,10 FROM avaliacoes_compradores WHERE id_venda=1085;
INSERT INTO vendas (id_venda,id_cooperativa,id_comprador,data_venda,valor_total) VALUES (1086,38,29,'2025-01-07 02:43:39',0);
INSERT INTO vendas_itens (id_venda,id_material_base,id_material_catalogo,quantidade_kg,preco_por_kg) VALUES (1086,3,7,70.59,7.69);
INSERT INTO vendas_itens (id_venda,id_material_base,id_material_catalogo,quantidade_kg,preco_por_kg) VALUES (1086,1,1,583.50,2.78);
INSERT INTO vendas_itens (id_venda,id_material_base,id_material_catalogo,quantidade_kg,preco_por_kg) VALUES (1086,2,5,594.81,1.51);
INSERT INTO avaliacoes_compradores (id_venda,pontualidade_pagamento,logistica_entrega,qualidade_negociacao,comentario_livre) VALUES (1086,4,3,5,'');
INSERT INTO avaliacao_feedback_selecionado (id_avaliacao,id_feedback_tag) SELECT id_avaliacao,9 FROM avaliacoes_compradores WHERE id_venda=1086;
INSERT INTO vendas (id_venda,id_cooperativa,id_comprador,data_venda,valor_total) VALUES (1087,49,86,'2025-07-24 02:43:39',0);
INSERT INTO vendas_itens (id_venda,id_material_base,id_material_catalogo,quantidade_kg,preco_por_kg) VALUES (1087,1,1,35.03,1.60);
INSERT INTO vendas_itens (id_venda,id_material_base,id_material_catalogo,quantidade_kg,preco_por_kg) VALUES (1087,2,5,180.45,1.03);
INSERT INTO vendas_itens (id_venda,id_material_base,id_material_catalogo,quantidade_kg,preco_por_kg) VALUES (1087,1,1,89.87,1.27);
INSERT INTO avaliacoes_compradores (id_venda,pontualidade_pagamento,logistica_entrega,qualidade_negociacao,comentario_livre) VALUES (1087,2,4,4,'');
INSERT INTO vendas (id_venda,id_cooperativa,id_comprador,data_venda,valor_total) VALUES (1088,44,40,'2025-08-16 02:43:39',0);
INSERT INTO vendas_itens (id_venda,id_material_base,id_material_catalogo,quantidade_kg,preco_por_kg) VALUES (1088,1,2,119.92,2.17);
INSERT INTO vendas_itens (id_venda,id_material_base,id_material_catalogo,quantidade_kg,preco_por_kg) VALUES (1088,3,8,96.54,7.28);
INSERT INTO vendas_itens (id_venda,id_material_base,id_material_catalogo,quantidade_kg,preco_por_kg) VALUES (1088,1,1,368.67,2.90);
INSERT INTO avaliacoes_compradores (id_venda,pontualidade_pagamento,logistica_entrega,qualidade_negociacao,comentario_livre) VALUES (1088,5,4,3,'');
INSERT INTO avaliacao_feedback_selecionado (id_avaliacao,id_feedback_tag) SELECT id_avaliacao,7 FROM avaliacoes_compradores WHERE id_venda=1088;
INSERT INTO avaliacao_feedback_selecionado (id_avaliacao,id_feedback_tag) SELECT id_avaliacao,1 FROM avaliacoes_compradores WHERE id_venda=1088;
INSERT INTO avaliacao_feedback_selecionado (id_avaliacao,id_feedback_tag) SELECT id_avaliacao,9 FROM avaliacoes_compradores WHERE id_venda=1088;
INSERT INTO vendas (id_venda,id_cooperativa,id_comprador,data_venda,valor_total) VALUES (1089,7,70,'2025-06-25 02:43:39',0);
INSERT INTO vendas_itens (id_venda,id_material_base,id_material_catalogo,quantidade_kg,preco_por_kg) VALUES (1089,1,2,599.26,1.51);
INSERT INTO vendas_itens (id_venda,id_material_base,id_material_catalogo,quantidade_kg,preco_por_kg) VALUES (1089,2,6,58.21,0.61);
INSERT INTO avaliacoes_compradores (id_venda,pontualidade_pagamento,logistica_entrega,qualidade_negociacao,comentario_livre) VALUES (1089,2,2,5,'');
INSERT INTO vendas (id_venda,id_cooperativa,id_comprador,data_venda,valor_total) VALUES (1090,13,60,'2025-05-14 02:43:39',0);
INSERT INTO vendas_itens (id_venda,id_material_base,id_material_catalogo,quantidade_kg,preco_por_kg) VALUES (1090,1,1,271.67,3.28);
INSERT INTO vendas_itens (id_venda,id_material_base,id_material_catalogo,quantidade_kg,preco_por_kg) VALUES (1090,1,2,263.87,3.71);
INSERT INTO avaliacoes_compradores (id_venda,pontualidade_pagamento,logistica_entrega,qualidade_negociacao,comentario_livre) VALUES (1090,5,2,3,'');
INSERT INTO vendas (id_venda,id_cooperativa,id_comprador,data_venda,valor_total) VALUES (1091,35,82,'2025-05-09 02:43:39',0);
INSERT INTO vendas_itens (id_venda,id_material_base,id_material_catalogo,quantidade_kg,preco_por_kg) VALUES (1091,1,1,378.99,1.27);
INSERT INTO vendas_itens (id_venda,id_material_base,id_material_catalogo,quantidade_kg,preco_por_kg) VALUES (1091,1,3,277.61,3.50);
INSERT INTO avaliacoes_compradores (id_venda,pontualidade_pagamento,logistica_entrega,qualidade_negociacao,comentario_livre) VALUES (1091,3,2,3,'');
INSERT INTO vendas (id_venda,id_cooperativa,id_comprador,data_venda,valor_total) VALUES (1092,22,20,'2025-09-09 02:43:39',0);
INSERT INTO vendas_itens (id_venda,id_material_base,id_material_catalogo,quantidade_kg,preco_por_kg) VALUES (1092,1,3,224.83,1.70);
INSERT INTO vendas_itens (id_venda,id_material_base,id_material_catalogo,quantidade_kg,preco_por_kg) VALUES (1092,3,9,55.58,7.66);
INSERT INTO vendas_itens (id_venda,id_material_base,id_material_catalogo,quantidade_kg,preco_por_kg) VALUES (1092,1,3,402.62,3.75);
INSERT INTO avaliacoes_compradores (id_venda,pontualidade_pagamento,logistica_entrega,qualidade_negociacao,comentario_livre) VALUES (1092,3,3,4,'');
INSERT INTO vendas (id_venda,id_cooperativa,id_comprador,data_venda,valor_total) VALUES (1093,7,78,'2025-09-28 02:43:39',0);
INSERT INTO vendas_itens (id_venda,id_material_base,id_material_catalogo,quantidade_kg,preco_por_kg) VALUES (1093,2,6,115.25,0.80);
INSERT INTO vendas_itens (id_venda,id_material_base,id_material_catalogo,quantidade_kg,preco_por_kg) VALUES (1093,3,7,98.24,6.66);
INSERT INTO vendas_itens (id_venda,id_material_base,id_material_catalogo,quantidade_kg,preco_por_kg) VALUES (1093,1,1,582.51,3.33);
INSERT INTO avaliacoes_compradores (id_venda,pontualidade_pagamento,logistica_entrega,qualidade_negociacao,comentario_livre) VALUES (1093,3,1,3,'');
INSERT INTO vendas (id_venda,id_cooperativa,id_comprador,data_venda,valor_total) VALUES (1094,10,84,'2025-03-19 02:43:39',0);
INSERT INTO vendas_itens (id_venda,id_material_base,id_material_catalogo,quantidade_kg,preco_por_kg) VALUES (1094,2,4,122.32,0.68);
INSERT INTO vendas_itens (id_venda,id_material_base,id_material_catalogo,quantidade_kg,preco_por_kg) VALUES (1094,1,2,441.69,1.63);
INSERT INTO vendas (id_venda,id_cooperativa,id_comprador,data_venda,valor_total) VALUES (1095,5,76,'2025-08-21 02:43:39',0);
INSERT INTO vendas_itens (id_venda,id_material_base,id_material_catalogo,quantidade_kg,preco_por_kg) VALUES (1095,2,6,244.10,1.32);
INSERT INTO vendas_itens (id_venda,id_material_base,id_material_catalogo,quantidade_kg,preco_por_kg) VALUES (1095,2,4,158.84,1.17);
INSERT INTO vendas (id_venda,id_cooperativa,id_comprador,data_venda,valor_total) VALUES (1096,15,85,'2025-10-07 02:43:39',0);
INSERT INTO vendas_itens (id_venda,id_material_base,id_material_catalogo,quantidade_kg,preco_por_kg) VALUES (1096,3,9,264.34,6.40);
INSERT INTO vendas_itens (id_venda,id_material_base,id_material_catalogo,quantidade_kg,preco_por_kg) VALUES (1096,3,8,212.08,7.95);
INSERT INTO vendas_itens (id_venda,id_material_base,id_material_catalogo,quantidade_kg,preco_por_kg) VALUES (1096,3,8,281.81,3.13);
INSERT INTO vendas (id_venda,id_cooperativa,id_comprador,data_venda,valor_total) VALUES (1097,6,93,'2025-08-11 02:43:39',0);
INSERT INTO vendas_itens (id_venda,id_material_base,id_material_catalogo,quantidade_kg,preco_por_kg) VALUES (1097,2,5,225.00,1.11);
INSERT INTO vendas_itens (id_venda,id_material_base,id_material_catalogo,quantidade_kg,preco_por_kg) VALUES (1097,3,9,273.84,7.84);
INSERT INTO vendas_itens (id_venda,id_material_base,id_material_catalogo,quantidade_kg,preco_por_kg) VALUES (1097,2,5,598.81,1.58);
INSERT INTO vendas (id_venda,id_cooperativa,id_comprador,data_venda,valor_total) VALUES (1098,36,40,'2025-06-24 02:43:39',0);
INSERT INTO vendas_itens (id_venda,id_material_base,id_material_catalogo,quantidade_kg,preco_por_kg) VALUES (1098,1,1,266.53,1.30);
INSERT INTO vendas_itens (id_venda,id_material_base,id_material_catalogo,quantidade_kg,preco_por_kg) VALUES (1098,1,3,226.52,3.21);
INSERT INTO avaliacoes_compradores (id_venda,pontualidade_pagamento,logistica_entrega,qualidade_negociacao,comentario_livre) VALUES (1098,4,3,4,'');
INSERT INTO vendas (id_venda,id_cooperativa,id_comprador,data_venda,valor_total) VALUES (1099,20,30,'2025-02-12 02:43:39',0);
INSERT INTO vendas_itens (id_venda,id_material_base,id_material_catalogo,quantidade_kg,preco_por_kg) VALUES (1099,3,7,560.68,3.98);
INSERT INTO vendas (id_venda,id_cooperativa,id_comprador,data_venda,valor_total) VALUES (1100,7,71,'2024-12-18 02:43:39',0);
INSERT INTO vendas_itens (id_venda,id_material_base,id_material_catalogo,quantidade_kg,preco_por_kg) VALUES (1100,2,6,237.65,0.88);
INSERT INTO avaliacoes_compradores (id_venda,pontualidade_pagamento,logistica_entrega,qualidade_negociacao,comentario_livre) VALUES (1100,5,5,4,'');
INSERT INTO avaliacao_feedback_selecionado (id_avaliacao,id_feedback_tag) SELECT id_avaliacao,6 FROM avaliacoes_compradores WHERE id_venda=1100;
INSERT INTO avaliacao_feedback_selecionado (id_avaliacao,id_feedback_tag) SELECT id_avaliacao,1 FROM avaliacoes_compradores WHERE id_venda=1100;
INSERT INTO avaliacao_feedback_selecionado (id_avaliacao,id_feedback_tag) SELECT id_avaliacao,5 FROM avaliacoes_compradores WHERE id_venda=1100;
INSERT INTO vendas (id_venda,id_cooperativa,id_comprador,data_venda,valor_total) VALUES (1101,3,81,'2025-05-07 02:43:39',0);
INSERT INTO vendas_itens (id_venda,id_material_base,id_material_catalogo,quantidade_kg,preco_por_kg) VALUES (1101,3,8,173.97,2.73);
INSERT INTO vendas_itens (id_venda,id_material_base,id_material_catalogo,quantidade_kg,preco_por_kg) VALUES (1101,1,2,443.36,3.07);
INSERT INTO avaliacoes_compradores (id_venda,pontualidade_pagamento,logistica_entrega,qualidade_negociacao,comentario_livre) VALUES (1101,4,2,1,'');
INSERT INTO vendas (id_venda,id_cooperativa,id_comprador,data_venda,valor_total) VALUES (1102,42,35,'2025-04-09 02:43:39',0);
INSERT INTO vendas_itens (id_venda,id_material_base,id_material_catalogo,quantidade_kg,preco_por_kg) VALUES (1102,2,6,480.17,0.92);
INSERT INTO vendas (id_venda,id_cooperativa,id_comprador,data_venda,valor_total) VALUES (1103,9,64,'2025-01-05 02:43:39',0);
INSERT INTO vendas_itens (id_venda,id_material_base,id_material_catalogo,quantidade_kg,preco_por_kg) VALUES (1103,2,6,387.22,0.58);
INSERT INTO vendas_itens (id_venda,id_material_base,id_material_catalogo,quantidade_kg,preco_por_kg) VALUES (1103,2,4,335.76,0.69);
INSERT INTO vendas_itens (id_venda,id_material_base,id_material_catalogo,quantidade_kg,preco_por_kg) VALUES (1103,2,6,311.38,1.68);
INSERT INTO avaliacoes_compradores (id_venda,pontualidade_pagamento,logistica_entrega,qualidade_negociacao,comentario_livre) VALUES (1103,3,1,1,'');
INSERT INTO avaliacao_feedback_selecionado (id_avaliacao,id_feedback_tag) SELECT id_avaliacao,15 FROM avaliacoes_compradores WHERE id_venda=1103;
INSERT INTO vendas (id_venda,id_cooperativa,id_comprador,data_venda,valor_total) VALUES (1104,35,81,'2025-10-19 02:43:39',0);
INSERT INTO vendas_itens (id_venda,id_material_base,id_material_catalogo,quantidade_kg,preco_por_kg) VALUES (1104,2,6,471.18,0.82);
INSERT INTO avaliacoes_compradores (id_venda,pontualidade_pagamento,logistica_entrega,qualidade_negociacao,comentario_livre) VALUES (1104,5,5,4,'');
INSERT INTO avaliacao_feedback_selecionado (id_avaliacao,id_feedback_tag) SELECT id_avaliacao,9 FROM avaliacoes_compradores WHERE id_venda=1104;
INSERT INTO avaliacao_feedback_selecionado (id_avaliacao,id_feedback_tag) SELECT id_avaliacao,4 FROM avaliacoes_compradores WHERE id_venda=1104;
INSERT INTO avaliacao_feedback_selecionado (id_avaliacao,id_feedback_tag) SELECT id_avaliacao,10 FROM avaliacoes_compradores WHERE id_venda=1104;
INSERT INTO vendas (id_venda,id_cooperativa,id_comprador,data_venda,valor_total) VALUES (1105,36,10,'2025-03-18 02:43:39',0);
INSERT INTO vendas_itens (id_venda,id_material_base,id_material_catalogo,quantidade_kg,preco_por_kg) VALUES (1105,3,9,595.08,2.58);
INSERT INTO vendas_itens (id_venda,id_material_base,id_material_catalogo,quantidade_kg,preco_por_kg) VALUES (1105,1,2,294.95,3.29);
INSERT INTO vendas_itens (id_venda,id_material_base,id_material_catalogo,quantidade_kg,preco_por_kg) VALUES (1105,3,7,505.40,3.80);
INSERT INTO avaliacoes_compradores (id_venda,pontualidade_pagamento,logistica_entrega,qualidade_negociacao,comentario_livre) VALUES (1105,3,4,1,'');
INSERT INTO vendas (id_venda,id_cooperativa,id_comprador,data_venda,valor_total) VALUES (1106,20,82,'2024-12-30 02:43:39',0);
INSERT INTO vendas_itens (id_venda,id_material_base,id_material_catalogo,quantidade_kg,preco_por_kg) VALUES (1106,2,4,104.90,0.83);
INSERT INTO vendas_itens (id_venda,id_material_base,id_material_catalogo,quantidade_kg,preco_por_kg) VALUES (1106,1,2,599.66,3.53);
INSERT INTO avaliacoes_compradores (id_venda,pontualidade_pagamento,logistica_entrega,qualidade_negociacao,comentario_livre) VALUES (1106,2,4,2,'');
INSERT INTO vendas (id_venda,id_cooperativa,id_comprador,data_venda,valor_total) VALUES (1107,28,22,'2025-09-23 02:43:39',0);
INSERT INTO vendas_itens (id_venda,id_material_base,id_material_catalogo,quantidade_kg,preco_por_kg) VALUES (1107,2,5,494.64,1.54);
INSERT INTO vendas (id_venda,id_cooperativa,id_comprador,data_venda,valor_total) VALUES (1108,47,22,'2025-06-25 02:43:39',0);
INSERT INTO vendas_itens (id_venda,id_material_base,id_material_catalogo,quantidade_kg,preco_por_kg) VALUES (1108,1,1,558.66,2.76);
INSERT INTO vendas (id_venda,id_cooperativa,id_comprador,data_venda,valor_total) VALUES (1109,45,30,'2025-10-25 02:43:39',0);
INSERT INTO vendas_itens (id_venda,id_material_base,id_material_catalogo,quantidade_kg,preco_por_kg) VALUES (1109,3,7,51.22,3.41);
INSERT INTO avaliacoes_compradores (id_venda,pontualidade_pagamento,logistica_entrega,qualidade_negociacao,comentario_livre) VALUES (1109,4,3,3,'');
INSERT INTO vendas (id_venda,id_cooperativa,id_comprador,data_venda,valor_total) VALUES (1110,15,37,'2025-09-13 02:43:39',0);
INSERT INTO vendas_itens (id_venda,id_material_base,id_material_catalogo,quantidade_kg,preco_por_kg) VALUES (1110,3,9,176.11,5.25);
INSERT INTO avaliacoes_compradores (id_venda,pontualidade_pagamento,logistica_entrega,qualidade_negociacao,comentario_livre) VALUES (1110,5,4,3,'');
INSERT INTO avaliacao_feedback_selecionado (id_avaliacao,id_feedback_tag) SELECT id_avaliacao,11 FROM avaliacoes_compradores WHERE id_venda=1110;
INSERT INTO avaliacao_feedback_selecionado (id_avaliacao,id_feedback_tag) SELECT id_avaliacao,4 FROM avaliacoes_compradores WHERE id_venda=1110;
INSERT INTO vendas (id_venda,id_cooperativa,id_comprador,data_venda,valor_total) VALUES (1111,21,63,'2025-01-22 02:43:39',0);
INSERT INTO vendas_itens (id_venda,id_material_base,id_material_catalogo,quantidade_kg,preco_por_kg) VALUES (1111,1,1,431.64,3.72);
INSERT INTO avaliacoes_compradores (id_venda,pontualidade_pagamento,logistica_entrega,qualidade_negociacao,comentario_livre) VALUES (1111,1,2,1,'');
INSERT INTO avaliacao_feedback_selecionado (id_avaliacao,id_feedback_tag) SELECT id_avaliacao,13 FROM avaliacoes_compradores WHERE id_venda=1111;
INSERT INTO avaliacao_feedback_selecionado (id_avaliacao,id_feedback_tag) SELECT id_avaliacao,19 FROM avaliacoes_compradores WHERE id_venda=1111;
INSERT INTO vendas (id_venda,id_cooperativa,id_comprador,data_venda,valor_total) VALUES (1112,36,86,'2025-07-17 02:43:39',0);
INSERT INTO vendas_itens (id_venda,id_material_base,id_material_catalogo,quantidade_kg,preco_por_kg) VALUES (1112,1,2,544.69,2.90);
INSERT INTO vendas_itens (id_venda,id_material_base,id_material_catalogo,quantidade_kg,preco_por_kg) VALUES (1112,2,5,568.44,1.12);
INSERT INTO vendas_itens (id_venda,id_material_base,id_material_catalogo,quantidade_kg,preco_por_kg) VALUES (1112,2,4,106.59,0.54);
INSERT INTO avaliacoes_compradores (id_venda,pontualidade_pagamento,logistica_entrega,qualidade_negociacao,comentario_livre) VALUES (1112,4,4,1,'');
INSERT INTO vendas (id_venda,id_cooperativa,id_comprador,data_venda,valor_total) VALUES (1113,18,91,'2025-08-11 02:43:39',0);
INSERT INTO vendas_itens (id_venda,id_material_base,id_material_catalogo,quantidade_kg,preco_por_kg) VALUES (1113,3,7,581.45,3.58);
INSERT INTO vendas (id_venda,id_cooperativa,id_comprador,data_venda,valor_total) VALUES (1114,16,78,'2025-01-02 02:43:39',0);
INSERT INTO vendas_itens (id_venda,id_material_base,id_material_catalogo,quantidade_kg,preco_por_kg) VALUES (1114,1,3,207.12,3.98);
INSERT INTO vendas_itens (id_venda,id_material_base,id_material_catalogo,quantidade_kg,preco_por_kg) VALUES (1114,1,1,431.29,2.36);
INSERT INTO vendas (id_venda,id_cooperativa,id_comprador,data_venda,valor_total) VALUES (1115,49,54,'2025-07-20 02:43:39',0);
INSERT INTO vendas_itens (id_venda,id_material_base,id_material_catalogo,quantidade_kg,preco_por_kg) VALUES (1115,1,1,169.71,2.14);
INSERT INTO vendas (id_venda,id_cooperativa,id_comprador,data_venda,valor_total) VALUES (1116,36,14,'2025-01-25 02:43:39',0);
INSERT INTO vendas_itens (id_venda,id_material_base,id_material_catalogo,quantidade_kg,preco_por_kg) VALUES (1116,1,1,556.47,1.83);
INSERT INTO vendas_itens (id_venda,id_material_base,id_material_catalogo,quantidade_kg,preco_por_kg) VALUES (1116,2,4,488.42,1.75);
INSERT INTO vendas_itens (id_venda,id_material_base,id_material_catalogo,quantidade_kg,preco_por_kg) VALUES (1116,1,1,342.57,2.73);
INSERT INTO vendas (id_venda,id_cooperativa,id_comprador,data_venda,valor_total) VALUES (1117,7,27,'2025-07-19 02:43:39',0);
INSERT INTO vendas_itens (id_venda,id_material_base,id_material_catalogo,quantidade_kg,preco_por_kg) VALUES (1117,1,1,48.56,2.45);
INSERT INTO vendas_itens (id_venda,id_material_base,id_material_catalogo,quantidade_kg,preco_por_kg) VALUES (1117,2,5,398.44,0.50);
INSERT INTO vendas_itens (id_venda,id_material_base,id_material_catalogo,quantidade_kg,preco_por_kg) VALUES (1117,1,3,266.29,2.71);
INSERT INTO avaliacoes_compradores (id_venda,pontualidade_pagamento,logistica_entrega,qualidade_negociacao,comentario_livre) VALUES (1117,1,4,1,'');
INSERT INTO avaliacao_feedback_selecionado (id_avaliacao,id_feedback_tag) SELECT id_avaliacao,18 FROM avaliacoes_compradores WHERE id_venda=1117;
INSERT INTO avaliacao_feedback_selecionado (id_avaliacao,id_feedback_tag) SELECT id_avaliacao,15 FROM avaliacoes_compradores WHERE id_venda=1117;
INSERT INTO avaliacao_feedback_selecionado (id_avaliacao,id_feedback_tag) SELECT id_avaliacao,21 FROM avaliacoes_compradores WHERE id_venda=1117;
INSERT INTO vendas (id_venda,id_cooperativa,id_comprador,data_venda,valor_total) VALUES (1118,13,4,'2025-04-20 02:43:39',0);
INSERT INTO vendas_itens (id_venda,id_material_base,id_material_catalogo,quantidade_kg,preco_por_kg) VALUES (1118,1,2,196.24,2.78);
INSERT INTO vendas_itens (id_venda,id_material_base,id_material_catalogo,quantidade_kg,preco_por_kg) VALUES (1118,3,9,42.29,7.81);
INSERT INTO vendas (id_venda,id_cooperativa,id_comprador,data_venda,valor_total) VALUES (1119,46,11,'2025-08-25 02:43:39',0);
INSERT INTO vendas_itens (id_venda,id_material_base,id_material_catalogo,quantidade_kg,preco_por_kg) VALUES (1119,3,7,307.96,4.83);
INSERT INTO vendas (id_venda,id_cooperativa,id_comprador,data_venda,valor_total) VALUES (1120,43,50,'2025-06-01 02:43:39',0);
INSERT INTO vendas_itens (id_venda,id_material_base,id_material_catalogo,quantidade_kg,preco_por_kg) VALUES (1120,1,2,449.15,3.73);
INSERT INTO vendas_itens (id_venda,id_material_base,id_material_catalogo,quantidade_kg,preco_por_kg) VALUES (1120,2,6,404.99,0.76);
INSERT INTO vendas_itens (id_venda,id_material_base,id_material_catalogo,quantidade_kg,preco_por_kg) VALUES (1120,3,8,442.69,6.42);
INSERT INTO avaliacoes_compradores (id_venda,pontualidade_pagamento,logistica_entrega,qualidade_negociacao,comentario_livre) VALUES (1120,5,1,3,'');
INSERT INTO vendas (id_venda,id_cooperativa,id_comprador,data_venda,valor_total) VALUES (1121,41,55,'2025-01-02 02:43:39',0);
INSERT INTO vendas_itens (id_venda,id_material_base,id_material_catalogo,quantidade_kg,preco_por_kg) VALUES (1121,2,4,575.29,1.47);
INSERT INTO vendas_itens (id_venda,id_material_base,id_material_catalogo,quantidade_kg,preco_por_kg) VALUES (1121,1,2,530.73,1.81);
INSERT INTO vendas (id_venda,id_cooperativa,id_comprador,data_venda,valor_total) VALUES (1122,18,46,'2025-03-19 02:43:39',0);
INSERT INTO vendas_itens (id_venda,id_material_base,id_material_catalogo,quantidade_kg,preco_por_kg) VALUES (1122,1,3,135.85,3.71);
INSERT INTO avaliacoes_compradores (id_venda,pontualidade_pagamento,logistica_entrega,qualidade_negociacao,comentario_livre) VALUES (1122,1,5,2,'');
INSERT INTO vendas (id_venda,id_cooperativa,id_comprador,data_venda,valor_total) VALUES (1123,26,97,'2025-06-09 02:43:39',0);
INSERT INTO vendas_itens (id_venda,id_material_base,id_material_catalogo,quantidade_kg,preco_por_kg) VALUES (1123,1,1,161.28,3.67);
INSERT INTO vendas_itens (id_venda,id_material_base,id_material_catalogo,quantidade_kg,preco_por_kg) VALUES (1123,2,6,527.95,1.51);
INSERT INTO vendas_itens (id_venda,id_material_base,id_material_catalogo,quantidade_kg,preco_por_kg) VALUES (1123,2,4,442.83,0.89);
INSERT INTO avaliacoes_compradores (id_venda,pontualidade_pagamento,logistica_entrega,qualidade_negociacao,comentario_livre) VALUES (1123,5,4,5,'');
INSERT INTO avaliacao_feedback_selecionado (id_avaliacao,id_feedback_tag) SELECT id_avaliacao,9 FROM avaliacoes_compradores WHERE id_venda=1123;
INSERT INTO avaliacao_feedback_selecionado (id_avaliacao,id_feedback_tag) SELECT id_avaliacao,11 FROM avaliacoes_compradores WHERE id_venda=1123;
INSERT INTO vendas (id_venda,id_cooperativa,id_comprador,data_venda,valor_total) VALUES (1124,48,73,'2025-02-02 02:43:39',0);
INSERT INTO vendas_itens (id_venda,id_material_base,id_material_catalogo,quantidade_kg,preco_por_kg) VALUES (1124,3,9,304.81,6.66);
INSERT INTO avaliacoes_compradores (id_venda,pontualidade_pagamento,logistica_entrega,qualidade_negociacao,comentario_livre) VALUES (1124,1,5,5,'');
INSERT INTO vendas (id_venda,id_cooperativa,id_comprador,data_venda,valor_total) VALUES (1125,23,93,'2024-11-30 02:43:39',0);
INSERT INTO vendas_itens (id_venda,id_material_base,id_material_catalogo,quantidade_kg,preco_por_kg) VALUES (1125,3,8,384.11,5.62);
INSERT INTO vendas_itens (id_venda,id_material_base,id_material_catalogo,quantidade_kg,preco_por_kg) VALUES (1125,3,8,158.02,6.72);
INSERT INTO vendas_itens (id_venda,id_material_base,id_material_catalogo,quantidade_kg,preco_por_kg) VALUES (1125,1,3,34.54,2.61);
INSERT INTO avaliacoes_compradores (id_venda,pontualidade_pagamento,logistica_entrega,qualidade_negociacao,comentario_livre) VALUES (1125,1,2,2,'');
INSERT INTO avaliacao_feedback_selecionado (id_avaliacao,id_feedback_tag) SELECT id_avaliacao,18 FROM avaliacoes_compradores WHERE id_venda=1125;
INSERT INTO avaliacao_feedback_selecionado (id_avaliacao,id_feedback_tag) SELECT id_avaliacao,19 FROM avaliacoes_compradores WHERE id_venda=1125;
INSERT INTO vendas (id_venda,id_cooperativa,id_comprador,data_venda,valor_total) VALUES (1126,36,34,'2025-06-04 02:43:39',0);
INSERT INTO vendas_itens (id_venda,id_material_base,id_material_catalogo,quantidade_kg,preco_por_kg) VALUES (1126,1,2,528.14,2.19);
INSERT INTO vendas (id_venda,id_cooperativa,id_comprador,data_venda,valor_total) VALUES (1127,43,19,'2025-04-29 02:43:39',0);
INSERT INTO vendas_itens (id_venda,id_material_base,id_material_catalogo,quantidade_kg,preco_por_kg) VALUES (1127,3,9,416.78,7.15);
INSERT INTO avaliacoes_compradores (id_venda,pontualidade_pagamento,logistica_entrega,qualidade_negociacao,comentario_livre) VALUES (1127,3,4,2,'');
INSERT INTO vendas (id_venda,id_cooperativa,id_comprador,data_venda,valor_total) VALUES (1128,41,89,'2024-12-12 02:43:39',0);
INSERT INTO vendas_itens (id_venda,id_material_base,id_material_catalogo,quantidade_kg,preco_por_kg) VALUES (1128,2,5,552.75,1.38);
INSERT INTO vendas_itens (id_venda,id_material_base,id_material_catalogo,quantidade_kg,preco_por_kg) VALUES (1128,2,6,38.28,1.01);
INSERT INTO vendas_itens (id_venda,id_material_base,id_material_catalogo,quantidade_kg,preco_por_kg) VALUES (1128,2,6,441.35,0.89);
INSERT INTO vendas (id_venda,id_cooperativa,id_comprador,data_venda,valor_total) VALUES (1129,3,9,'2025-08-04 02:43:39',0);
INSERT INTO vendas_itens (id_venda,id_material_base,id_material_catalogo,quantidade_kg,preco_por_kg) VALUES (1129,2,4,207.28,0.67);
INSERT INTO avaliacoes_compradores (id_venda,pontualidade_pagamento,logistica_entrega,qualidade_negociacao,comentario_livre) VALUES (1129,1,4,2,'');
INSERT INTO vendas (id_venda,id_cooperativa,id_comprador,data_venda,valor_total) VALUES (1130,4,87,'2024-12-18 02:43:39',0);
INSERT INTO vendas_itens (id_venda,id_material_base,id_material_catalogo,quantidade_kg,preco_por_kg) VALUES (1130,1,3,310.48,2.74);
INSERT INTO vendas_itens (id_venda,id_material_base,id_material_catalogo,quantidade_kg,preco_por_kg) VALUES (1130,2,4,180.11,1.38);
INSERT INTO vendas_itens (id_venda,id_material_base,id_material_catalogo,quantidade_kg,preco_por_kg) VALUES (1130,2,6,415.55,1.02);
INSERT INTO avaliacoes_compradores (id_venda,pontualidade_pagamento,logistica_entrega,qualidade_negociacao,comentario_livre) VALUES (1130,3,5,2,'');
INSERT INTO vendas (id_venda,id_cooperativa,id_comprador,data_venda,valor_total) VALUES (1131,24,80,'2025-04-01 02:43:39',0);
INSERT INTO vendas_itens (id_venda,id_material_base,id_material_catalogo,quantidade_kg,preco_por_kg) VALUES (1131,3,7,200.13,7.80);
INSERT INTO avaliacoes_compradores (id_venda,pontualidade_pagamento,logistica_entrega,qualidade_negociacao,comentario_livre) VALUES (1131,5,4,5,'');
INSERT INTO avaliacao_feedback_selecionado (id_avaliacao,id_feedback_tag) SELECT id_avaliacao,3 FROM avaliacoes_compradores WHERE id_venda=1131;
INSERT INTO avaliacao_feedback_selecionado (id_avaliacao,id_feedback_tag) SELECT id_avaliacao,6 FROM avaliacoes_compradores WHERE id_venda=1131;
INSERT INTO vendas (id_venda,id_cooperativa,id_comprador,data_venda,valor_total) VALUES (1132,8,10,'2025-06-17 02:43:39',0);
INSERT INTO vendas_itens (id_venda,id_material_base,id_material_catalogo,quantidade_kg,preco_por_kg) VALUES (1132,1,1,433.17,2.07);
INSERT INTO vendas_itens (id_venda,id_material_base,id_material_catalogo,quantidade_kg,preco_por_kg) VALUES (1132,3,7,502.62,7.13);
INSERT INTO avaliacoes_compradores (id_venda,pontualidade_pagamento,logistica_entrega,qualidade_negociacao,comentario_livre) VALUES (1132,4,1,2,'');
INSERT INTO vendas (id_venda,id_cooperativa,id_comprador,data_venda,valor_total) VALUES (1133,50,4,'2025-11-05 02:43:39',0);
INSERT INTO vendas_itens (id_venda,id_material_base,id_material_catalogo,quantidade_kg,preco_por_kg) VALUES (1133,3,8,87.40,7.40);
INSERT INTO vendas_itens (id_venda,id_material_base,id_material_catalogo,quantidade_kg,preco_por_kg) VALUES (1133,1,2,453.67,1.41);
INSERT INTO vendas_itens (id_venda,id_material_base,id_material_catalogo,quantidade_kg,preco_por_kg) VALUES (1133,2,4,31.03,1.47);
INSERT INTO vendas (id_venda,id_cooperativa,id_comprador,data_venda,valor_total) VALUES (1134,17,72,'2025-08-28 02:43:39',0);
INSERT INTO vendas_itens (id_venda,id_material_base,id_material_catalogo,quantidade_kg,preco_por_kg) VALUES (1134,1,2,103.11,1.62);
INSERT INTO vendas_itens (id_venda,id_material_base,id_material_catalogo,quantidade_kg,preco_por_kg) VALUES (1134,1,2,469.34,1.42);
INSERT INTO vendas_itens (id_venda,id_material_base,id_material_catalogo,quantidade_kg,preco_por_kg) VALUES (1134,2,6,103.66,1.41);
INSERT INTO avaliacoes_compradores (id_venda,pontualidade_pagamento,logistica_entrega,qualidade_negociacao,comentario_livre) VALUES (1134,4,1,4,'');
INSERT INTO vendas (id_venda,id_cooperativa,id_comprador,data_venda,valor_total) VALUES (1135,43,30,'2025-10-16 02:43:39',0);
INSERT INTO vendas_itens (id_venda,id_material_base,id_material_catalogo,quantidade_kg,preco_por_kg) VALUES (1135,1,3,165.22,3.92);
INSERT INTO avaliacoes_compradores (id_venda,pontualidade_pagamento,logistica_entrega,qualidade_negociacao,comentario_livre) VALUES (1135,5,2,3,'');
INSERT INTO vendas (id_venda,id_cooperativa,id_comprador,data_venda,valor_total) VALUES (1136,37,20,'2025-11-06 02:43:39',0);
INSERT INTO vendas_itens (id_venda,id_material_base,id_material_catalogo,quantidade_kg,preco_por_kg) VALUES (1136,3,7,396.62,6.63);
INSERT INTO vendas_itens (id_venda,id_material_base,id_material_catalogo,quantidade_kg,preco_por_kg) VALUES (1136,3,7,206.49,4.75);
INSERT INTO avaliacoes_compradores (id_venda,pontualidade_pagamento,logistica_entrega,qualidade_negociacao,comentario_livre) VALUES (1136,2,5,4,'');
INSERT INTO vendas (id_venda,id_cooperativa,id_comprador,data_venda,valor_total) VALUES (1137,4,81,'2025-11-01 02:43:39',0);
INSERT INTO vendas_itens (id_venda,id_material_base,id_material_catalogo,quantidade_kg,preco_por_kg) VALUES (1137,2,5,518.35,0.96);
INSERT INTO vendas_itens (id_venda,id_material_base,id_material_catalogo,quantidade_kg,preco_por_kg) VALUES (1137,1,2,157.41,1.87);
INSERT INTO avaliacoes_compradores (id_venda,pontualidade_pagamento,logistica_entrega,qualidade_negociacao,comentario_livre) VALUES (1137,2,3,1,'');
INSERT INTO avaliacao_feedback_selecionado (id_avaliacao,id_feedback_tag) SELECT id_avaliacao,16 FROM avaliacoes_compradores WHERE id_venda=1137;
INSERT INTO avaliacao_feedback_selecionado (id_avaliacao,id_feedback_tag) SELECT id_avaliacao,12 FROM avaliacoes_compradores WHERE id_venda=1137;
INSERT INTO avaliacao_feedback_selecionado (id_avaliacao,id_feedback_tag) SELECT id_avaliacao,18 FROM avaliacoes_compradores WHERE id_venda=1137;
INSERT INTO vendas (id_venda,id_cooperativa,id_comprador,data_venda,valor_total) VALUES (1138,4,1,'2025-05-14 02:43:39',0);
INSERT INTO vendas_itens (id_venda,id_material_base,id_material_catalogo,quantidade_kg,preco_por_kg) VALUES (1138,1,1,269.96,2.59);
INSERT INTO vendas_itens (id_venda,id_material_base,id_material_catalogo,quantidade_kg,preco_por_kg) VALUES (1138,1,1,90.26,3.05);
INSERT INTO vendas_itens (id_venda,id_material_base,id_material_catalogo,quantidade_kg,preco_por_kg) VALUES (1138,2,6,379.98,1.68);
INSERT INTO vendas (id_venda,id_cooperativa,id_comprador,data_venda,valor_total) VALUES (1139,36,28,'2025-09-04 02:43:39',0);
INSERT INTO vendas_itens (id_venda,id_material_base,id_material_catalogo,quantidade_kg,preco_por_kg) VALUES (1139,3,7,475.52,3.15);
INSERT INTO vendas_itens (id_venda,id_material_base,id_material_catalogo,quantidade_kg,preco_por_kg) VALUES (1139,3,8,518.99,7.10);
INSERT INTO vendas_itens (id_venda,id_material_base,id_material_catalogo,quantidade_kg,preco_por_kg) VALUES (1139,3,9,167.99,5.60);
INSERT INTO avaliacoes_compradores (id_venda,pontualidade_pagamento,logistica_entrega,qualidade_negociacao,comentario_livre) VALUES (1139,4,4,2,'');
INSERT INTO vendas (id_venda,id_cooperativa,id_comprador,data_venda,valor_total) VALUES (1140,18,62,'2025-06-09 02:43:39',0);
INSERT INTO vendas_itens (id_venda,id_material_base,id_material_catalogo,quantidade_kg,preco_por_kg) VALUES (1140,1,3,330.00,3.54);
INSERT INTO vendas_itens (id_venda,id_material_base,id_material_catalogo,quantidade_kg,preco_por_kg) VALUES (1140,2,4,165.71,1.61);
INSERT INTO vendas (id_venda,id_cooperativa,id_comprador,data_venda,valor_total) VALUES (1141,26,85,'2025-01-18 02:43:39',0);
INSERT INTO vendas_itens (id_venda,id_material_base,id_material_catalogo,quantidade_kg,preco_por_kg) VALUES (1141,1,1,485.77,3.76);
INSERT INTO vendas_itens (id_venda,id_material_base,id_material_catalogo,quantidade_kg,preco_por_kg) VALUES (1141,1,1,202.67,2.71);
INSERT INTO avaliacoes_compradores (id_venda,pontualidade_pagamento,logistica_entrega,qualidade_negociacao,comentario_livre) VALUES (1141,2,5,4,'');
INSERT INTO vendas (id_venda,id_cooperativa,id_comprador,data_venda,valor_total) VALUES (1142,31,100,'2025-07-02 02:43:39',0);
INSERT INTO vendas_itens (id_venda,id_material_base,id_material_catalogo,quantidade_kg,preco_por_kg) VALUES (1142,1,3,421.30,3.06);
INSERT INTO vendas_itens (id_venda,id_material_base,id_material_catalogo,quantidade_kg,preco_por_kg) VALUES (1142,2,4,318.05,0.88);
INSERT INTO vendas_itens (id_venda,id_material_base,id_material_catalogo,quantidade_kg,preco_por_kg) VALUES (1142,2,6,221.12,0.74);
INSERT INTO avaliacoes_compradores (id_venda,pontualidade_pagamento,logistica_entrega,qualidade_negociacao,comentario_livre) VALUES (1142,1,2,3,'');
INSERT INTO avaliacao_feedback_selecionado (id_avaliacao,id_feedback_tag) SELECT id_avaliacao,19 FROM avaliacoes_compradores WHERE id_venda=1142;
INSERT INTO avaliacao_feedback_selecionado (id_avaliacao,id_feedback_tag) SELECT id_avaliacao,15 FROM avaliacoes_compradores WHERE id_venda=1142;
INSERT INTO avaliacao_feedback_selecionado (id_avaliacao,id_feedback_tag) SELECT id_avaliacao,17 FROM avaliacoes_compradores WHERE id_venda=1142;
INSERT INTO vendas (id_venda,id_cooperativa,id_comprador,data_venda,valor_total) VALUES (1143,24,43,'2025-08-19 02:43:39',0);
INSERT INTO vendas_itens (id_venda,id_material_base,id_material_catalogo,quantidade_kg,preco_por_kg) VALUES (1143,1,3,531.91,3.86);
INSERT INTO vendas_itens (id_venda,id_material_base,id_material_catalogo,quantidade_kg,preco_por_kg) VALUES (1143,2,5,598.43,1.22);
INSERT INTO avaliacoes_compradores (id_venda,pontualidade_pagamento,logistica_entrega,qualidade_negociacao,comentario_livre) VALUES (1143,1,3,5,'');
INSERT INTO vendas (id_venda,id_cooperativa,id_comprador,data_venda,valor_total) VALUES (1144,10,58,'2025-10-10 02:43:39',0);
INSERT INTO vendas_itens (id_venda,id_material_base,id_material_catalogo,quantidade_kg,preco_por_kg) VALUES (1144,2,4,123.96,1.50);
INSERT INTO vendas (id_venda,id_cooperativa,id_comprador,data_venda,valor_total) VALUES (1145,1,62,'2024-11-23 02:43:39',0);
INSERT INTO vendas_itens (id_venda,id_material_base,id_material_catalogo,quantidade_kg,preco_por_kg) VALUES (1145,1,3,156.25,1.71);
INSERT INTO vendas_itens (id_venda,id_material_base,id_material_catalogo,quantidade_kg,preco_por_kg) VALUES (1145,1,2,186.95,1.54);
INSERT INTO avaliacoes_compradores (id_venda,pontualidade_pagamento,logistica_entrega,qualidade_negociacao,comentario_livre) VALUES (1145,1,2,2,'');
INSERT INTO avaliacao_feedback_selecionado (id_avaliacao,id_feedback_tag) SELECT id_avaliacao,13 FROM avaliacoes_compradores WHERE id_venda=1145;
INSERT INTO vendas (id_venda,id_cooperativa,id_comprador,data_venda,valor_total) VALUES (1146,14,68,'2025-05-06 02:43:39',0);
INSERT INTO vendas_itens (id_venda,id_material_base,id_material_catalogo,quantidade_kg,preco_por_kg) VALUES (1146,1,2,220.14,2.09);
INSERT INTO vendas_itens (id_venda,id_material_base,id_material_catalogo,quantidade_kg,preco_por_kg) VALUES (1146,2,4,430.77,1.21);
INSERT INTO avaliacoes_compradores (id_venda,pontualidade_pagamento,logistica_entrega,qualidade_negociacao,comentario_livre) VALUES (1146,2,4,1,'');
INSERT INTO vendas (id_venda,id_cooperativa,id_comprador,data_venda,valor_total) VALUES (1147,39,9,'2025-03-10 02:43:39',0);
INSERT INTO vendas_itens (id_venda,id_material_base,id_material_catalogo,quantidade_kg,preco_por_kg) VALUES (1147,2,4,437.33,1.10);
INSERT INTO vendas (id_venda,id_cooperativa,id_comprador,data_venda,valor_total) VALUES (1148,12,83,'2025-11-13 02:43:39',0);
INSERT INTO vendas_itens (id_venda,id_material_base,id_material_catalogo,quantidade_kg,preco_por_kg) VALUES (1148,1,2,593.04,1.62);
INSERT INTO vendas (id_venda,id_cooperativa,id_comprador,data_venda,valor_total) VALUES (1149,20,97,'2024-11-20 02:43:39',0);
INSERT INTO vendas_itens (id_venda,id_material_base,id_material_catalogo,quantidade_kg,preco_por_kg) VALUES (1149,2,6,396.39,0.69);
INSERT INTO vendas_itens (id_venda,id_material_base,id_material_catalogo,quantidade_kg,preco_por_kg) VALUES (1149,3,9,590.40,6.49);
INSERT INTO vendas_itens (id_venda,id_material_base,id_material_catalogo,quantidade_kg,preco_por_kg) VALUES (1149,2,5,53.86,1.36);
INSERT INTO avaliacoes_compradores (id_venda,pontualidade_pagamento,logistica_entrega,qualidade_negociacao,comentario_livre) VALUES (1149,1,5,5,'');
INSERT INTO vendas (id_venda,id_cooperativa,id_comprador,data_venda,valor_total) VALUES (1150,6,70,'2025-10-24 02:43:39',0);
INSERT INTO vendas_itens (id_venda,id_material_base,id_material_catalogo,quantidade_kg,preco_por_kg) VALUES (1150,3,9,78.88,7.92);
INSERT INTO vendas_itens (id_venda,id_material_base,id_material_catalogo,quantidade_kg,preco_por_kg) VALUES (1150,2,6,162.16,1.67);
INSERT INTO avaliacoes_compradores (id_venda,pontualidade_pagamento,logistica_entrega,qualidade_negociacao,comentario_livre) VALUES (1150,1,3,5,'');
INSERT INTO vendas (id_venda,id_cooperativa,id_comprador,data_venda,valor_total) VALUES (1151,49,10,'2025-03-26 02:43:39',0);
INSERT INTO vendas_itens (id_venda,id_material_base,id_material_catalogo,quantidade_kg,preco_por_kg) VALUES (1151,2,5,505.05,1.61);
INSERT INTO vendas_itens (id_venda,id_material_base,id_material_catalogo,quantidade_kg,preco_por_kg) VALUES (1151,3,9,531.80,5.69);
INSERT INTO vendas_itens (id_venda,id_material_base,id_material_catalogo,quantidade_kg,preco_por_kg) VALUES (1151,3,8,236.62,3.73);
INSERT INTO vendas (id_venda,id_cooperativa,id_comprador,data_venda,valor_total) VALUES (1152,14,46,'2025-03-15 02:43:39',0);
INSERT INTO vendas_itens (id_venda,id_material_base,id_material_catalogo,quantidade_kg,preco_por_kg) VALUES (1152,1,2,435.53,2.52);
INSERT INTO vendas_itens (id_venda,id_material_base,id_material_catalogo,quantidade_kg,preco_por_kg) VALUES (1152,3,8,350.37,5.12);
INSERT INTO vendas_itens (id_venda,id_material_base,id_material_catalogo,quantidade_kg,preco_por_kg) VALUES (1152,3,9,500.49,5.41);
INSERT INTO avaliacoes_compradores (id_venda,pontualidade_pagamento,logistica_entrega,qualidade_negociacao,comentario_livre) VALUES (1152,4,5,2,'');
INSERT INTO vendas (id_venda,id_cooperativa,id_comprador,data_venda,valor_total) VALUES (1153,3,31,'2025-07-24 02:43:39',0);
INSERT INTO vendas_itens (id_venda,id_material_base,id_material_catalogo,quantidade_kg,preco_por_kg) VALUES (1153,1,2,310.55,3.12);
INSERT INTO vendas_itens (id_venda,id_material_base,id_material_catalogo,quantidade_kg,preco_por_kg) VALUES (1153,2,5,78.63,0.62);
INSERT INTO vendas (id_venda,id_cooperativa,id_comprador,data_venda,valor_total) VALUES (1154,1,89,'2025-07-22 02:43:39',0);
INSERT INTO vendas_itens (id_venda,id_material_base,id_material_catalogo,quantidade_kg,preco_por_kg) VALUES (1154,3,8,512.49,5.38);
INSERT INTO vendas_itens (id_venda,id_material_base,id_material_catalogo,quantidade_kg,preco_por_kg) VALUES (1154,2,5,228.78,1.49);
INSERT INTO vendas (id_venda,id_cooperativa,id_comprador,data_venda,valor_total) VALUES (1155,44,16,'2025-08-20 02:43:39',0);
INSERT INTO vendas_itens (id_venda,id_material_base,id_material_catalogo,quantidade_kg,preco_por_kg) VALUES (1155,1,1,499.43,2.53);
INSERT INTO vendas_itens (id_venda,id_material_base,id_material_catalogo,quantidade_kg,preco_por_kg) VALUES (1155,1,2,115.44,1.92);
INSERT INTO vendas_itens (id_venda,id_material_base,id_material_catalogo,quantidade_kg,preco_por_kg) VALUES (1155,3,8,472.64,4.14);
INSERT INTO avaliacoes_compradores (id_venda,pontualidade_pagamento,logistica_entrega,qualidade_negociacao,comentario_livre) VALUES (1155,1,4,2,'');
INSERT INTO vendas (id_venda,id_cooperativa,id_comprador,data_venda,valor_total) VALUES (1156,48,90,'2025-08-27 02:43:39',0);
INSERT INTO vendas_itens (id_venda,id_material_base,id_material_catalogo,quantidade_kg,preco_por_kg) VALUES (1156,3,7,210.45,2.82);
INSERT INTO vendas (id_venda,id_cooperativa,id_comprador,data_venda,valor_total) VALUES (1157,4,41,'2025-05-01 02:43:39',0);
INSERT INTO vendas_itens (id_venda,id_material_base,id_material_catalogo,quantidade_kg,preco_por_kg) VALUES (1157,3,9,114.80,7.03);
INSERT INTO vendas_itens (id_venda,id_material_base,id_material_catalogo,quantidade_kg,preco_por_kg) VALUES (1157,2,5,324.42,0.75);
INSERT INTO avaliacoes_compradores (id_venda,pontualidade_pagamento,logistica_entrega,qualidade_negociacao,comentario_livre) VALUES (1157,5,3,4,'');
INSERT INTO avaliacao_feedback_selecionado (id_avaliacao,id_feedback_tag) SELECT id_avaliacao,5 FROM avaliacoes_compradores WHERE id_venda=1157;
INSERT INTO avaliacao_feedback_selecionado (id_avaliacao,id_feedback_tag) SELECT id_avaliacao,11 FROM avaliacoes_compradores WHERE id_venda=1157;
INSERT INTO vendas (id_venda,id_cooperativa,id_comprador,data_venda,valor_total) VALUES (1158,4,64,'2025-01-29 02:43:39',0);
INSERT INTO vendas_itens (id_venda,id_material_base,id_material_catalogo,quantidade_kg,preco_por_kg) VALUES (1158,3,7,486.08,6.96);
INSERT INTO vendas_itens (id_venda,id_material_base,id_material_catalogo,quantidade_kg,preco_por_kg) VALUES (1158,2,5,432.50,0.50);
INSERT INTO avaliacoes_compradores (id_venda,pontualidade_pagamento,logistica_entrega,qualidade_negociacao,comentario_livre) VALUES (1158,3,4,3,'');
INSERT INTO vendas (id_venda,id_cooperativa,id_comprador,data_venda,valor_total) VALUES (1159,25,3,'2024-12-15 02:43:39',0);
INSERT INTO vendas_itens (id_venda,id_material_base,id_material_catalogo,quantidade_kg,preco_por_kg) VALUES (1159,1,2,564.94,2.62);
INSERT INTO vendas_itens (id_venda,id_material_base,id_material_catalogo,quantidade_kg,preco_por_kg) VALUES (1159,1,3,484.22,2.00);
INSERT INTO avaliacoes_compradores (id_venda,pontualidade_pagamento,logistica_entrega,qualidade_negociacao,comentario_livre) VALUES (1159,1,3,3,'');
INSERT INTO vendas (id_venda,id_cooperativa,id_comprador,data_venda,valor_total) VALUES (1160,2,89,'2025-02-07 02:43:39',0);
INSERT INTO vendas_itens (id_venda,id_material_base,id_material_catalogo,quantidade_kg,preco_por_kg) VALUES (1160,3,9,353.92,3.77);
INSERT INTO vendas_itens (id_venda,id_material_base,id_material_catalogo,quantidade_kg,preco_por_kg) VALUES (1160,3,8,443.87,7.10);
INSERT INTO avaliacoes_compradores (id_venda,pontualidade_pagamento,logistica_entrega,qualidade_negociacao,comentario_livre) VALUES (1160,3,5,2,'');
INSERT INTO vendas (id_venda,id_cooperativa,id_comprador,data_venda,valor_total) VALUES (1161,47,81,'2025-02-16 02:43:39',0);
INSERT INTO vendas_itens (id_venda,id_material_base,id_material_catalogo,quantidade_kg,preco_por_kg) VALUES (1161,3,9,60.12,6.68);
INSERT INTO vendas_itens (id_venda,id_material_base,id_material_catalogo,quantidade_kg,preco_por_kg) VALUES (1161,3,9,251.50,3.44);
INSERT INTO vendas (id_venda,id_cooperativa,id_comprador,data_venda,valor_total) VALUES (1162,2,65,'2025-03-15 02:43:39',0);
INSERT INTO vendas_itens (id_venda,id_material_base,id_material_catalogo,quantidade_kg,preco_por_kg) VALUES (1162,3,8,538.11,7.45);
INSERT INTO avaliacoes_compradores (id_venda,pontualidade_pagamento,logistica_entrega,qualidade_negociacao,comentario_livre) VALUES (1162,1,3,3,'');
INSERT INTO vendas (id_venda,id_cooperativa,id_comprador,data_venda,valor_total) VALUES (1163,19,43,'2025-11-07 02:43:39',0);
INSERT INTO vendas_itens (id_venda,id_material_base,id_material_catalogo,quantidade_kg,preco_por_kg) VALUES (1163,2,5,519.34,1.43);
INSERT INTO vendas_itens (id_venda,id_material_base,id_material_catalogo,quantidade_kg,preco_por_kg) VALUES (1163,1,1,291.58,1.36);
INSERT INTO vendas (id_venda,id_cooperativa,id_comprador,data_venda,valor_total) VALUES (1164,10,37,'2025-05-07 02:43:39',0);
INSERT INTO vendas_itens (id_venda,id_material_base,id_material_catalogo,quantidade_kg,preco_por_kg) VALUES (1164,1,3,348.63,3.76);
INSERT INTO vendas (id_venda,id_cooperativa,id_comprador,data_venda,valor_total) VALUES (1165,48,83,'2025-11-16 02:43:39',0);
INSERT INTO vendas_itens (id_venda,id_material_base,id_material_catalogo,quantidade_kg,preco_por_kg) VALUES (1165,2,4,506.60,1.73);
INSERT INTO vendas (id_venda,id_cooperativa,id_comprador,data_venda,valor_total) VALUES (1166,47,41,'2025-08-11 02:43:39',0);
INSERT INTO vendas_itens (id_venda,id_material_base,id_material_catalogo,quantidade_kg,preco_por_kg) VALUES (1166,1,3,573.86,3.52);
INSERT INTO vendas_itens (id_venda,id_material_base,id_material_catalogo,quantidade_kg,preco_por_kg) VALUES (1166,3,9,344.94,3.92);
INSERT INTO vendas (id_venda,id_cooperativa,id_comprador,data_venda,valor_total) VALUES (1167,20,35,'2025-06-01 02:43:39',0);
INSERT INTO vendas_itens (id_venda,id_material_base,id_material_catalogo,quantidade_kg,preco_por_kg) VALUES (1167,2,5,524.38,0.86);
INSERT INTO avaliacoes_compradores (id_venda,pontualidade_pagamento,logistica_entrega,qualidade_negociacao,comentario_livre) VALUES (1167,5,5,3,'');
INSERT INTO avaliacao_feedback_selecionado (id_avaliacao,id_feedback_tag) SELECT id_avaliacao,8 FROM avaliacoes_compradores WHERE id_venda=1167;
INSERT INTO avaliacao_feedback_selecionado (id_avaliacao,id_feedback_tag) SELECT id_avaliacao,10 FROM avaliacoes_compradores WHERE id_venda=1167;
INSERT INTO avaliacao_feedback_selecionado (id_avaliacao,id_feedback_tag) SELECT id_avaliacao,2 FROM avaliacoes_compradores WHERE id_venda=1167;
INSERT INTO vendas (id_venda,id_cooperativa,id_comprador,data_venda,valor_total) VALUES (1168,18,41,'2025-06-24 02:43:39',0);
INSERT INTO vendas_itens (id_venda,id_material_base,id_material_catalogo,quantidade_kg,preco_por_kg) VALUES (1168,3,9,574.22,2.87);
INSERT INTO vendas_itens (id_venda,id_material_base,id_material_catalogo,quantidade_kg,preco_por_kg) VALUES (1168,3,8,435.21,5.94);
INSERT INTO vendas_itens (id_venda,id_material_base,id_material_catalogo,quantidade_kg,preco_por_kg) VALUES (1168,2,6,440.37,1.55);
INSERT INTO avaliacoes_compradores (id_venda,pontualidade_pagamento,logistica_entrega,qualidade_negociacao,comentario_livre) VALUES (1168,4,4,4,'');
INSERT INTO avaliacao_feedback_selecionado (id_avaliacao,id_feedback_tag) SELECT id_avaliacao,10 FROM avaliacoes_compradores WHERE id_venda=1168;
INSERT INTO avaliacao_feedback_selecionado (id_avaliacao,id_feedback_tag) SELECT id_avaliacao,11 FROM avaliacoes_compradores WHERE id_venda=1168;
INSERT INTO avaliacao_feedback_selecionado (id_avaliacao,id_feedback_tag) SELECT id_avaliacao,8 FROM avaliacoes_compradores WHERE id_venda=1168;
INSERT INTO vendas (id_venda,id_cooperativa,id_comprador,data_venda,valor_total) VALUES (1169,47,47,'2025-08-27 02:43:39',0);
INSERT INTO vendas_itens (id_venda,id_material_base,id_material_catalogo,quantidade_kg,preco_por_kg) VALUES (1169,1,1,271.83,2.45);
INSERT INTO vendas_itens (id_venda,id_material_base,id_material_catalogo,quantidade_kg,preco_por_kg) VALUES (1169,1,1,235.96,1.48);
INSERT INTO vendas_itens (id_venda,id_material_base,id_material_catalogo,quantidade_kg,preco_por_kg) VALUES (1169,2,4,485.25,0.53);
INSERT INTO vendas (id_venda,id_cooperativa,id_comprador,data_venda,valor_total) VALUES (1170,19,81,'2024-12-12 02:43:39',0);
INSERT INTO vendas_itens (id_venda,id_material_base,id_material_catalogo,quantidade_kg,preco_por_kg) VALUES (1170,1,2,207.35,3.73);
INSERT INTO vendas_itens (id_venda,id_material_base,id_material_catalogo,quantidade_kg,preco_por_kg) VALUES (1170,3,9,70.38,6.64);
INSERT INTO avaliacoes_compradores (id_venda,pontualidade_pagamento,logistica_entrega,qualidade_negociacao,comentario_livre) VALUES (1170,3,4,5,'');
INSERT INTO avaliacao_feedback_selecionado (id_avaliacao,id_feedback_tag) SELECT id_avaliacao,6 FROM avaliacoes_compradores WHERE id_venda=1170;
INSERT INTO avaliacao_feedback_selecionado (id_avaliacao,id_feedback_tag) SELECT id_avaliacao,1 FROM avaliacoes_compradores WHERE id_venda=1170;
INSERT INTO avaliacao_feedback_selecionado (id_avaliacao,id_feedback_tag) SELECT id_avaliacao,10 FROM avaliacoes_compradores WHERE id_venda=1170;
INSERT INTO vendas (id_venda,id_cooperativa,id_comprador,data_venda,valor_total) VALUES (1171,13,65,'2025-08-04 02:43:39',0);
INSERT INTO vendas_itens (id_venda,id_material_base,id_material_catalogo,quantidade_kg,preco_por_kg) VALUES (1171,2,5,232.02,1.72);
INSERT INTO vendas (id_venda,id_cooperativa,id_comprador,data_venda,valor_total) VALUES (1172,22,46,'2024-12-02 02:43:39',0);
INSERT INTO vendas_itens (id_venda,id_material_base,id_material_catalogo,quantidade_kg,preco_por_kg) VALUES (1172,3,7,382.98,2.65);
INSERT INTO vendas_itens (id_venda,id_material_base,id_material_catalogo,quantidade_kg,preco_por_kg) VALUES (1172,1,1,174.63,1.61);
INSERT INTO avaliacoes_compradores (id_venda,pontualidade_pagamento,logistica_entrega,qualidade_negociacao,comentario_livre) VALUES (1172,4,3,4,'');
INSERT INTO vendas (id_venda,id_cooperativa,id_comprador,data_venda,valor_total) VALUES (1173,20,67,'2025-10-24 02:43:39',0);
INSERT INTO vendas_itens (id_venda,id_material_base,id_material_catalogo,quantidade_kg,preco_por_kg) VALUES (1173,1,3,318.86,2.38);
INSERT INTO vendas_itens (id_venda,id_material_base,id_material_catalogo,quantidade_kg,preco_por_kg) VALUES (1173,1,1,479.07,3.65);
INSERT INTO avaliacoes_compradores (id_venda,pontualidade_pagamento,logistica_entrega,qualidade_negociacao,comentario_livre) VALUES (1173,3,5,5,'');
INSERT INTO avaliacao_feedback_selecionado (id_avaliacao,id_feedback_tag) SELECT id_avaliacao,3 FROM avaliacoes_compradores WHERE id_venda=1173;
INSERT INTO avaliacao_feedback_selecionado (id_avaliacao,id_feedback_tag) SELECT id_avaliacao,11 FROM avaliacoes_compradores WHERE id_venda=1173;
INSERT INTO vendas (id_venda,id_cooperativa,id_comprador,data_venda,valor_total) VALUES (1174,43,4,'2025-09-17 02:43:39',0);
INSERT INTO vendas_itens (id_venda,id_material_base,id_material_catalogo,quantidade_kg,preco_por_kg) VALUES (1174,1,3,278.63,3.88);
INSERT INTO vendas_itens (id_venda,id_material_base,id_material_catalogo,quantidade_kg,preco_por_kg) VALUES (1174,2,4,264.43,1.68);
INSERT INTO vendas_itens (id_venda,id_material_base,id_material_catalogo,quantidade_kg,preco_por_kg) VALUES (1174,2,4,355.30,1.71);
INSERT INTO avaliacoes_compradores (id_venda,pontualidade_pagamento,logistica_entrega,qualidade_negociacao,comentario_livre) VALUES (1174,3,1,1,'');
INSERT INTO avaliacao_feedback_selecionado (id_avaliacao,id_feedback_tag) SELECT id_avaliacao,20 FROM avaliacoes_compradores WHERE id_venda=1174;
INSERT INTO vendas (id_venda,id_cooperativa,id_comprador,data_venda,valor_total) VALUES (1175,38,69,'2025-08-17 02:43:39',0);
INSERT INTO vendas_itens (id_venda,id_material_base,id_material_catalogo,quantidade_kg,preco_por_kg) VALUES (1175,3,7,522.18,7.46);
INSERT INTO vendas_itens (id_venda,id_material_base,id_material_catalogo,quantidade_kg,preco_por_kg) VALUES (1175,1,2,330.54,1.63);
INSERT INTO vendas (id_venda,id_cooperativa,id_comprador,data_venda,valor_total) VALUES (1176,27,74,'2024-12-13 02:43:39',0);
INSERT INTO vendas_itens (id_venda,id_material_base,id_material_catalogo,quantidade_kg,preco_por_kg) VALUES (1176,1,1,146.28,2.79);
INSERT INTO vendas_itens (id_venda,id_material_base,id_material_catalogo,quantidade_kg,preco_por_kg) VALUES (1176,2,6,428.31,0.81);
INSERT INTO vendas (id_venda,id_cooperativa,id_comprador,data_venda,valor_total) VALUES (1177,25,19,'2025-07-02 02:43:39',0);
INSERT INTO vendas_itens (id_venda,id_material_base,id_material_catalogo,quantidade_kg,preco_por_kg) VALUES (1177,3,9,225.59,3.04);
INSERT INTO vendas_itens (id_venda,id_material_base,id_material_catalogo,quantidade_kg,preco_por_kg) VALUES (1177,3,8,520.73,6.16);
INSERT INTO avaliacoes_compradores (id_venda,pontualidade_pagamento,logistica_entrega,qualidade_negociacao,comentario_livre) VALUES (1177,3,1,2,'');
INSERT INTO avaliacao_feedback_selecionado (id_avaliacao,id_feedback_tag) SELECT id_avaliacao,13 FROM avaliacoes_compradores WHERE id_venda=1177;
INSERT INTO vendas (id_venda,id_cooperativa,id_comprador,data_venda,valor_total) VALUES (1178,35,55,'2024-11-29 02:43:39',0);
INSERT INTO vendas_itens (id_venda,id_material_base,id_material_catalogo,quantidade_kg,preco_por_kg) VALUES (1178,3,8,354.21,3.19);
INSERT INTO vendas (id_venda,id_cooperativa,id_comprador,data_venda,valor_total) VALUES (1179,6,52,'2025-08-31 02:43:39',0);
INSERT INTO vendas_itens (id_venda,id_material_base,id_material_catalogo,quantidade_kg,preco_por_kg) VALUES (1179,3,8,541.42,4.89);
INSERT INTO avaliacoes_compradores (id_venda,pontualidade_pagamento,logistica_entrega,qualidade_negociacao,comentario_livre) VALUES (1179,1,3,4,'');
INSERT INTO vendas (id_venda,id_cooperativa,id_comprador,data_venda,valor_total) VALUES (1180,32,74,'2024-12-10 02:43:39',0);
INSERT INTO vendas_itens (id_venda,id_material_base,id_material_catalogo,quantidade_kg,preco_por_kg) VALUES (1180,2,5,551.76,1.52);
INSERT INTO vendas (id_venda,id_cooperativa,id_comprador,data_venda,valor_total) VALUES (1181,43,16,'2025-06-20 02:43:39',0);
INSERT INTO vendas_itens (id_venda,id_material_base,id_material_catalogo,quantidade_kg,preco_por_kg) VALUES (1181,2,6,157.76,1.39);
INSERT INTO vendas_itens (id_venda,id_material_base,id_material_catalogo,quantidade_kg,preco_por_kg) VALUES (1181,3,9,376.47,4.51);
INSERT INTO vendas_itens (id_venda,id_material_base,id_material_catalogo,quantidade_kg,preco_por_kg) VALUES (1181,2,5,40.17,1.62);
INSERT INTO avaliacoes_compradores (id_venda,pontualidade_pagamento,logistica_entrega,qualidade_negociacao,comentario_livre) VALUES (1181,5,4,5,'');
INSERT INTO avaliacao_feedback_selecionado (id_avaliacao,id_feedback_tag) SELECT id_avaliacao,7 FROM avaliacoes_compradores WHERE id_venda=1181;
INSERT INTO avaliacao_feedback_selecionado (id_avaliacao,id_feedback_tag) SELECT id_avaliacao,1 FROM avaliacoes_compradores WHERE id_venda=1181;
INSERT INTO vendas (id_venda,id_cooperativa,id_comprador,data_venda,valor_total) VALUES (1182,31,18,'2025-11-12 02:43:39',0);
INSERT INTO vendas_itens (id_venda,id_material_base,id_material_catalogo,quantidade_kg,preco_por_kg) VALUES (1182,2,4,590.85,1.22);
INSERT INTO avaliacoes_compradores (id_venda,pontualidade_pagamento,logistica_entrega,qualidade_negociacao,comentario_livre) VALUES (1182,1,3,1,'');
INSERT INTO avaliacao_feedback_selecionado (id_avaliacao,id_feedback_tag) SELECT id_avaliacao,16 FROM avaliacoes_compradores WHERE id_venda=1182;
INSERT INTO avaliacao_feedback_selecionado (id_avaliacao,id_feedback_tag) SELECT id_avaliacao,17 FROM avaliacoes_compradores WHERE id_venda=1182;
INSERT INTO vendas (id_venda,id_cooperativa,id_comprador,data_venda,valor_total) VALUES (1183,15,40,'2025-07-05 02:43:39',0);
INSERT INTO vendas_itens (id_venda,id_material_base,id_material_catalogo,quantidade_kg,preco_por_kg) VALUES (1183,3,7,86.73,7.18);
INSERT INTO vendas_itens (id_venda,id_material_base,id_material_catalogo,quantidade_kg,preco_por_kg) VALUES (1183,1,2,65.18,2.90);
INSERT INTO vendas_itens (id_venda,id_material_base,id_material_catalogo,quantidade_kg,preco_por_kg) VALUES (1183,1,3,45.19,2.15);
INSERT INTO avaliacoes_compradores (id_venda,pontualidade_pagamento,logistica_entrega,qualidade_negociacao,comentario_livre) VALUES (1183,1,1,1,'');
INSERT INTO avaliacao_feedback_selecionado (id_avaliacao,id_feedback_tag) SELECT id_avaliacao,23 FROM avaliacoes_compradores WHERE id_venda=1183;
INSERT INTO avaliacao_feedback_selecionado (id_avaliacao,id_feedback_tag) SELECT id_avaliacao,13 FROM avaliacoes_compradores WHERE id_venda=1183;
INSERT INTO vendas (id_venda,id_cooperativa,id_comprador,data_venda,valor_total) VALUES (1184,16,76,'2025-05-18 02:43:39',0);
INSERT INTO vendas_itens (id_venda,id_material_base,id_material_catalogo,quantidade_kg,preco_por_kg) VALUES (1184,1,3,340.37,3.24);
INSERT INTO vendas_itens (id_venda,id_material_base,id_material_catalogo,quantidade_kg,preco_por_kg) VALUES (1184,2,5,369.06,1.38);
INSERT INTO avaliacoes_compradores (id_venda,pontualidade_pagamento,logistica_entrega,qualidade_negociacao,comentario_livre) VALUES (1184,5,3,1,'');
INSERT INTO vendas (id_venda,id_cooperativa,id_comprador,data_venda,valor_total) VALUES (1185,11,15,'2025-05-23 02:43:39',0);
INSERT INTO vendas_itens (id_venda,id_material_base,id_material_catalogo,quantidade_kg,preco_por_kg) VALUES (1185,1,3,386.26,1.38);
INSERT INTO vendas (id_venda,id_cooperativa,id_comprador,data_venda,valor_total) VALUES (1186,5,6,'2024-12-27 02:43:39',0);
INSERT INTO vendas_itens (id_venda,id_material_base,id_material_catalogo,quantidade_kg,preco_por_kg) VALUES (1186,2,4,474.63,1.60);
INSERT INTO vendas_itens (id_venda,id_material_base,id_material_catalogo,quantidade_kg,preco_por_kg) VALUES (1186,3,8,541.18,2.67);
INSERT INTO vendas_itens (id_venda,id_material_base,id_material_catalogo,quantidade_kg,preco_por_kg) VALUES (1186,3,9,593.93,2.93);
INSERT INTO vendas (id_venda,id_cooperativa,id_comprador,data_venda,valor_total) VALUES (1187,3,53,'2025-05-08 02:43:39',0);
INSERT INTO vendas_itens (id_venda,id_material_base,id_material_catalogo,quantidade_kg,preco_por_kg) VALUES (1187,1,3,534.51,2.57);
INSERT INTO vendas_itens (id_venda,id_material_base,id_material_catalogo,quantidade_kg,preco_por_kg) VALUES (1187,2,6,584.99,1.23);
INSERT INTO avaliacoes_compradores (id_venda,pontualidade_pagamento,logistica_entrega,qualidade_negociacao,comentario_livre) VALUES (1187,5,2,1,'');
INSERT INTO vendas (id_venda,id_cooperativa,id_comprador,data_venda,valor_total) VALUES (1188,38,60,'2025-08-15 02:43:39',0);
INSERT INTO vendas_itens (id_venda,id_material_base,id_material_catalogo,quantidade_kg,preco_por_kg) VALUES (1188,3,8,325.29,3.39);
INSERT INTO vendas_itens (id_venda,id_material_base,id_material_catalogo,quantidade_kg,preco_por_kg) VALUES (1188,2,4,317.73,0.79);
INSERT INTO vendas_itens (id_venda,id_material_base,id_material_catalogo,quantidade_kg,preco_por_kg) VALUES (1188,1,1,281.64,1.71);
INSERT INTO vendas (id_venda,id_cooperativa,id_comprador,data_venda,valor_total) VALUES (1189,3,65,'2025-02-12 02:43:39',0);
INSERT INTO vendas_itens (id_venda,id_material_base,id_material_catalogo,quantidade_kg,preco_por_kg) VALUES (1189,1,1,206.08,1.35);
INSERT INTO vendas (id_venda,id_cooperativa,id_comprador,data_venda,valor_total) VALUES (1190,39,33,'2024-12-21 02:43:39',0);
INSERT INTO vendas_itens (id_venda,id_material_base,id_material_catalogo,quantidade_kg,preco_por_kg) VALUES (1190,3,7,287.43,4.78);
INSERT INTO avaliacoes_compradores (id_venda,pontualidade_pagamento,logistica_entrega,qualidade_negociacao,comentario_livre) VALUES (1190,3,4,2,'');
INSERT INTO vendas (id_venda,id_cooperativa,id_comprador,data_venda,valor_total) VALUES (1191,11,67,'2025-09-13 02:43:39',0);
INSERT INTO vendas_itens (id_venda,id_material_base,id_material_catalogo,quantidade_kg,preco_por_kg) VALUES (1191,1,2,250.93,2.92);
INSERT INTO vendas_itens (id_venda,id_material_base,id_material_catalogo,quantidade_kg,preco_por_kg) VALUES (1191,2,4,319.56,1.31);
INSERT INTO vendas (id_venda,id_cooperativa,id_comprador,data_venda,valor_total) VALUES (1192,30,30,'2024-11-25 02:43:39',0);
INSERT INTO vendas_itens (id_venda,id_material_base,id_material_catalogo,quantidade_kg,preco_por_kg) VALUES (1192,1,3,539.30,1.48);
INSERT INTO vendas_itens (id_venda,id_material_base,id_material_catalogo,quantidade_kg,preco_por_kg) VALUES (1192,2,4,597.09,1.29);
INSERT INTO vendas (id_venda,id_cooperativa,id_comprador,data_venda,valor_total) VALUES (1193,7,12,'2025-06-30 02:43:39',0);
INSERT INTO vendas_itens (id_venda,id_material_base,id_material_catalogo,quantidade_kg,preco_por_kg) VALUES (1193,3,7,405.58,5.21);
INSERT INTO avaliacoes_compradores (id_venda,pontualidade_pagamento,logistica_entrega,qualidade_negociacao,comentario_livre) VALUES (1193,1,4,1,'');
INSERT INTO avaliacao_feedback_selecionado (id_avaliacao,id_feedback_tag) SELECT id_avaliacao,21 FROM avaliacoes_compradores WHERE id_venda=1193;
INSERT INTO avaliacao_feedback_selecionado (id_avaliacao,id_feedback_tag) SELECT id_avaliacao,23 FROM avaliacoes_compradores WHERE id_venda=1193;
INSERT INTO vendas (id_venda,id_cooperativa,id_comprador,data_venda,valor_total) VALUES (1194,14,92,'2025-09-24 02:43:39',0);
INSERT INTO vendas_itens (id_venda,id_material_base,id_material_catalogo,quantidade_kg,preco_por_kg) VALUES (1194,1,1,403.09,2.32);
INSERT INTO vendas_itens (id_venda,id_material_base,id_material_catalogo,quantidade_kg,preco_por_kg) VALUES (1194,1,2,248.72,2.48);
INSERT INTO vendas_itens (id_venda,id_material_base,id_material_catalogo,quantidade_kg,preco_por_kg) VALUES (1194,3,8,364.69,7.53);
INSERT INTO vendas (id_venda,id_cooperativa,id_comprador,data_venda,valor_total) VALUES (1195,25,31,'2025-10-03 02:43:39',0);
INSERT INTO vendas_itens (id_venda,id_material_base,id_material_catalogo,quantidade_kg,preco_por_kg) VALUES (1195,2,4,472.31,0.78);
INSERT INTO vendas_itens (id_venda,id_material_base,id_material_catalogo,quantidade_kg,preco_por_kg) VALUES (1195,1,3,293.28,3.44);
INSERT INTO avaliacoes_compradores (id_venda,pontualidade_pagamento,logistica_entrega,qualidade_negociacao,comentario_livre) VALUES (1195,5,3,1,'');
INSERT INTO vendas (id_venda,id_cooperativa,id_comprador,data_venda,valor_total) VALUES (1196,13,74,'2025-04-14 02:43:39',0);
INSERT INTO vendas_itens (id_venda,id_material_base,id_material_catalogo,quantidade_kg,preco_por_kg) VALUES (1196,2,5,118.68,1.62);
INSERT INTO avaliacoes_compradores (id_venda,pontualidade_pagamento,logistica_entrega,qualidade_negociacao,comentario_livre) VALUES (1196,3,3,1,'');
INSERT INTO vendas (id_venda,id_cooperativa,id_comprador,data_venda,valor_total) VALUES (1197,48,33,'2025-08-13 02:43:39',0);
INSERT INTO vendas_itens (id_venda,id_material_base,id_material_catalogo,quantidade_kg,preco_por_kg) VALUES (1197,2,4,496.82,0.52);
INSERT INTO vendas (id_venda,id_cooperativa,id_comprador,data_venda,valor_total) VALUES (1198,39,15,'2025-05-25 02:43:39',0);
INSERT INTO vendas_itens (id_venda,id_material_base,id_material_catalogo,quantidade_kg,preco_por_kg) VALUES (1198,1,1,186.00,3.36);
INSERT INTO vendas_itens (id_venda,id_material_base,id_material_catalogo,quantidade_kg,preco_por_kg) VALUES (1198,3,8,358.66,5.66);
INSERT INTO vendas_itens (id_venda,id_material_base,id_material_catalogo,quantidade_kg,preco_por_kg) VALUES (1198,3,7,172.90,5.66);
INSERT INTO avaliacoes_compradores (id_venda,pontualidade_pagamento,logistica_entrega,qualidade_negociacao,comentario_livre) VALUES (1198,2,2,3,'');
INSERT INTO vendas (id_venda,id_cooperativa,id_comprador,data_venda,valor_total) VALUES (1199,27,23,'2025-07-27 02:43:39',0);
INSERT INTO vendas_itens (id_venda,id_material_base,id_material_catalogo,quantidade_kg,preco_por_kg) VALUES (1199,3,7,313.27,6.22);
INSERT INTO vendas_itens (id_venda,id_material_base,id_material_catalogo,quantidade_kg,preco_por_kg) VALUES (1199,2,5,302.31,1.75);
INSERT INTO vendas_itens (id_venda,id_material_base,id_material_catalogo,quantidade_kg,preco_por_kg) VALUES (1199,2,5,368.41,0.66);
INSERT INTO avaliacoes_compradores (id_venda,pontualidade_pagamento,logistica_entrega,qualidade_negociacao,comentario_livre) VALUES (1199,4,1,5,'');
INSERT INTO vendas (id_venda,id_cooperativa,id_comprador,data_venda,valor_total) VALUES (1200,34,51,'2025-09-13 02:43:39',0);
INSERT INTO vendas_itens (id_venda,id_material_base,id_material_catalogo,quantidade_kg,preco_por_kg) VALUES (1200,3,9,405.66,7.22);
INSERT INTO vendas_itens (id_venda,id_material_base,id_material_catalogo,quantidade_kg,preco_por_kg) VALUES (1200,2,4,237.23,1.22);
INSERT INTO avaliacoes_compradores (id_venda,pontualidade_pagamento,logistica_entrega,qualidade_negociacao,comentario_livre) VALUES (1200,4,2,3,'');
INSERT INTO vendas (id_venda,id_cooperativa,id_comprador,data_venda,valor_total) VALUES (1201,42,25,'2025-09-07 02:43:39',0);
INSERT INTO vendas_itens (id_venda,id_material_base,id_material_catalogo,quantidade_kg,preco_por_kg) VALUES (1201,1,1,242.31,2.78);
INSERT INTO vendas_itens (id_venda,id_material_base,id_material_catalogo,quantidade_kg,preco_por_kg) VALUES (1201,3,8,259.52,3.61);
INSERT INTO vendas_itens (id_venda,id_material_base,id_material_catalogo,quantidade_kg,preco_por_kg) VALUES (1201,2,5,51.53,0.96);
INSERT INTO vendas (id_venda,id_cooperativa,id_comprador,data_venda,valor_total) VALUES (1202,19,56,'2025-09-28 02:43:39',0);
INSERT INTO vendas_itens (id_venda,id_material_base,id_material_catalogo,quantidade_kg,preco_por_kg) VALUES (1202,3,8,426.70,5.26);
INSERT INTO vendas_itens (id_venda,id_material_base,id_material_catalogo,quantidade_kg,preco_por_kg) VALUES (1202,3,8,471.36,6.48);
INSERT INTO vendas_itens (id_venda,id_material_base,id_material_catalogo,quantidade_kg,preco_por_kg) VALUES (1202,3,7,169.96,6.64);
INSERT INTO vendas (id_venda,id_cooperativa,id_comprador,data_venda,valor_total) VALUES (1203,34,61,'2025-06-26 02:43:39',0);
INSERT INTO vendas_itens (id_venda,id_material_base,id_material_catalogo,quantidade_kg,preco_por_kg) VALUES (1203,1,2,453.64,3.81);
INSERT INTO avaliacoes_compradores (id_venda,pontualidade_pagamento,logistica_entrega,qualidade_negociacao,comentario_livre) VALUES (1203,3,3,1,'');
INSERT INTO vendas (id_venda,id_cooperativa,id_comprador,data_venda,valor_total) VALUES (1204,24,89,'2025-07-16 02:43:39',0);
INSERT INTO vendas_itens (id_venda,id_material_base,id_material_catalogo,quantidade_kg,preco_por_kg) VALUES (1204,1,2,396.21,2.13);
INSERT INTO vendas_itens (id_venda,id_material_base,id_material_catalogo,quantidade_kg,preco_por_kg) VALUES (1204,1,3,246.60,2.85);
INSERT INTO vendas_itens (id_venda,id_material_base,id_material_catalogo,quantidade_kg,preco_por_kg) VALUES (1204,2,6,505.93,0.89);
INSERT INTO avaliacoes_compradores (id_venda,pontualidade_pagamento,logistica_entrega,qualidade_negociacao,comentario_livre) VALUES (1204,1,2,5,'');
INSERT INTO vendas (id_venda,id_cooperativa,id_comprador,data_venda,valor_total) VALUES (1205,10,51,'2025-01-25 02:43:39',0);
INSERT INTO vendas_itens (id_venda,id_material_base,id_material_catalogo,quantidade_kg,preco_por_kg) VALUES (1205,1,3,454.06,1.83);
INSERT INTO vendas (id_venda,id_cooperativa,id_comprador,data_venda,valor_total) VALUES (1206,25,53,'2025-09-07 02:43:39',0);
INSERT INTO vendas_itens (id_venda,id_material_base,id_material_catalogo,quantidade_kg,preco_por_kg) VALUES (1206,2,6,509.53,1.20);
INSERT INTO vendas_itens (id_venda,id_material_base,id_material_catalogo,quantidade_kg,preco_por_kg) VALUES (1206,2,6,282.44,1.09);
INSERT INTO vendas_itens (id_venda,id_material_base,id_material_catalogo,quantidade_kg,preco_por_kg) VALUES (1206,3,8,525.04,3.29);
INSERT INTO avaliacoes_compradores (id_venda,pontualidade_pagamento,logistica_entrega,qualidade_negociacao,comentario_livre) VALUES (1206,5,4,3,'');
INSERT INTO avaliacao_feedback_selecionado (id_avaliacao,id_feedback_tag) SELECT id_avaliacao,8 FROM avaliacoes_compradores WHERE id_venda=1206;
INSERT INTO avaliacao_feedback_selecionado (id_avaliacao,id_feedback_tag) SELECT id_avaliacao,9 FROM avaliacoes_compradores WHERE id_venda=1206;
INSERT INTO vendas (id_venda,id_cooperativa,id_comprador,data_venda,valor_total) VALUES (1207,33,65,'2025-03-14 02:43:39',0);
INSERT INTO vendas_itens (id_venda,id_material_base,id_material_catalogo,quantidade_kg,preco_por_kg) VALUES (1207,3,9,378.87,7.59);
INSERT INTO avaliacoes_compradores (id_venda,pontualidade_pagamento,logistica_entrega,qualidade_negociacao,comentario_livre) VALUES (1207,3,3,3,'');
INSERT INTO vendas (id_venda,id_cooperativa,id_comprador,data_venda,valor_total) VALUES (1208,26,28,'2025-11-08 02:43:39',0);
INSERT INTO vendas_itens (id_venda,id_material_base,id_material_catalogo,quantidade_kg,preco_por_kg) VALUES (1208,1,2,299.27,2.59);
INSERT INTO vendas_itens (id_venda,id_material_base,id_material_catalogo,quantidade_kg,preco_por_kg) VALUES (1208,1,2,598.73,2.79);
INSERT INTO vendas (id_venda,id_cooperativa,id_comprador,data_venda,valor_total) VALUES (1209,49,23,'2025-07-28 02:43:39',0);
INSERT INTO vendas_itens (id_venda,id_material_base,id_material_catalogo,quantidade_kg,preco_por_kg) VALUES (1209,1,1,510.96,3.74);
INSERT INTO avaliacoes_compradores (id_venda,pontualidade_pagamento,logistica_entrega,qualidade_negociacao,comentario_livre) VALUES (1209,5,5,4,'');
INSERT INTO avaliacao_feedback_selecionado (id_avaliacao,id_feedback_tag) SELECT id_avaliacao,1 FROM avaliacoes_compradores WHERE id_venda=1209;
INSERT INTO vendas (id_venda,id_cooperativa,id_comprador,data_venda,valor_total) VALUES (1210,10,94,'2024-11-20 02:43:39',0);
INSERT INTO vendas_itens (id_venda,id_material_base,id_material_catalogo,quantidade_kg,preco_por_kg) VALUES (1210,1,2,481.15,2.09);
INSERT INTO vendas_itens (id_venda,id_material_base,id_material_catalogo,quantidade_kg,preco_por_kg) VALUES (1210,1,1,133.68,1.37);
INSERT INTO vendas (id_venda,id_cooperativa,id_comprador,data_venda,valor_total) VALUES (1211,4,41,'2024-12-01 02:43:39',0);
INSERT INTO vendas_itens (id_venda,id_material_base,id_material_catalogo,quantidade_kg,preco_por_kg) VALUES (1211,1,3,292.88,3.54);
INSERT INTO vendas_itens (id_venda,id_material_base,id_material_catalogo,quantidade_kg,preco_por_kg) VALUES (1211,2,6,581.85,1.46);
INSERT INTO avaliacoes_compradores (id_venda,pontualidade_pagamento,logistica_entrega,qualidade_negociacao,comentario_livre) VALUES (1211,4,4,3,'');
INSERT INTO vendas (id_venda,id_cooperativa,id_comprador,data_venda,valor_total) VALUES (1212,12,7,'2025-05-05 02:43:39',0);
INSERT INTO vendas_itens (id_venda,id_material_base,id_material_catalogo,quantidade_kg,preco_por_kg) VALUES (1212,1,2,151.25,2.64);
INSERT INTO vendas_itens (id_venda,id_material_base,id_material_catalogo,quantidade_kg,preco_por_kg) VALUES (1212,3,7,557.26,5.42);
INSERT INTO vendas (id_venda,id_cooperativa,id_comprador,data_venda,valor_total) VALUES (1213,49,79,'2025-11-06 02:43:39',0);
INSERT INTO vendas_itens (id_venda,id_material_base,id_material_catalogo,quantidade_kg,preco_por_kg) VALUES (1213,3,8,374.86,6.26);
INSERT INTO vendas_itens (id_venda,id_material_base,id_material_catalogo,quantidade_kg,preco_por_kg) VALUES (1213,2,6,351.02,0.78);
INSERT INTO avaliacoes_compradores (id_venda,pontualidade_pagamento,logistica_entrega,qualidade_negociacao,comentario_livre) VALUES (1213,1,3,1,'');
INSERT INTO avaliacao_feedback_selecionado (id_avaliacao,id_feedback_tag) SELECT id_avaliacao,18 FROM avaliacoes_compradores WHERE id_venda=1213;
INSERT INTO vendas (id_venda,id_cooperativa,id_comprador,data_venda,valor_total) VALUES (1214,15,71,'2025-04-04 02:43:39',0);
INSERT INTO vendas_itens (id_venda,id_material_base,id_material_catalogo,quantidade_kg,preco_por_kg) VALUES (1214,1,1,390.86,1.62);
INSERT INTO vendas_itens (id_venda,id_material_base,id_material_catalogo,quantidade_kg,preco_por_kg) VALUES (1214,3,8,200.03,3.98);
INSERT INTO avaliacoes_compradores (id_venda,pontualidade_pagamento,logistica_entrega,qualidade_negociacao,comentario_livre) VALUES (1214,2,3,3,'');
INSERT INTO vendas (id_venda,id_cooperativa,id_comprador,data_venda,valor_total) VALUES (1215,20,66,'2024-12-24 02:43:39',0);
INSERT INTO vendas_itens (id_venda,id_material_base,id_material_catalogo,quantidade_kg,preco_por_kg) VALUES (1215,1,3,251.04,1.32);
INSERT INTO vendas_itens (id_venda,id_material_base,id_material_catalogo,quantidade_kg,preco_por_kg) VALUES (1215,1,1,140.85,1.74);
INSERT INTO avaliacoes_compradores (id_venda,pontualidade_pagamento,logistica_entrega,qualidade_negociacao,comentario_livre) VALUES (1215,3,5,5,'');
INSERT INTO avaliacao_feedback_selecionado (id_avaliacao,id_feedback_tag) SELECT id_avaliacao,4 FROM avaliacoes_compradores WHERE id_venda=1215;
INSERT INTO vendas (id_venda,id_cooperativa,id_comprador,data_venda,valor_total) VALUES (1216,23,39,'2025-10-09 02:43:39',0);
INSERT INTO vendas_itens (id_venda,id_material_base,id_material_catalogo,quantidade_kg,preco_por_kg) VALUES (1216,2,4,108.10,1.08);
INSERT INTO vendas_itens (id_venda,id_material_base,id_material_catalogo,quantidade_kg,preco_por_kg) VALUES (1216,3,9,160.04,6.81);
INSERT INTO vendas_itens (id_venda,id_material_base,id_material_catalogo,quantidade_kg,preco_por_kg) VALUES (1216,2,4,444.75,1.73);
INSERT INTO vendas (id_venda,id_cooperativa,id_comprador,data_venda,valor_total) VALUES (1217,37,9,'2025-06-17 02:43:39',0);
INSERT INTO vendas_itens (id_venda,id_material_base,id_material_catalogo,quantidade_kg,preco_por_kg) VALUES (1217,1,2,239.87,3.66);
INSERT INTO vendas_itens (id_venda,id_material_base,id_material_catalogo,quantidade_kg,preco_por_kg) VALUES (1217,3,8,454.19,3.88);
INSERT INTO vendas_itens (id_venda,id_material_base,id_material_catalogo,quantidade_kg,preco_por_kg) VALUES (1217,1,1,188.26,3.06);
INSERT INTO avaliacoes_compradores (id_venda,pontualidade_pagamento,logistica_entrega,qualidade_negociacao,comentario_livre) VALUES (1217,2,2,5,'');
INSERT INTO vendas (id_venda,id_cooperativa,id_comprador,data_venda,valor_total) VALUES (1218,40,4,'2025-11-15 02:43:39',0);
INSERT INTO vendas_itens (id_venda,id_material_base,id_material_catalogo,quantidade_kg,preco_por_kg) VALUES (1218,1,3,304.08,3.74);
INSERT INTO avaliacoes_compradores (id_venda,pontualidade_pagamento,logistica_entrega,qualidade_negociacao,comentario_livre) VALUES (1218,5,5,4,'');
INSERT INTO avaliacao_feedback_selecionado (id_avaliacao,id_feedback_tag) SELECT id_avaliacao,3 FROM avaliacoes_compradores WHERE id_venda=1218;
INSERT INTO avaliacao_feedback_selecionado (id_avaliacao,id_feedback_tag) SELECT id_avaliacao,11 FROM avaliacoes_compradores WHERE id_venda=1218;
INSERT INTO vendas (id_venda,id_cooperativa,id_comprador,data_venda,valor_total) VALUES (1219,17,24,'2025-11-16 02:43:39',0);
INSERT INTO vendas_itens (id_venda,id_material_base,id_material_catalogo,quantidade_kg,preco_por_kg) VALUES (1219,2,5,123.53,1.12);
INSERT INTO vendas_itens (id_venda,id_material_base,id_material_catalogo,quantidade_kg,preco_por_kg) VALUES (1219,2,4,226.68,1.03);
INSERT INTO vendas (id_venda,id_cooperativa,id_comprador,data_venda,valor_total) VALUES (1220,44,92,'2025-03-13 02:43:39',0);
INSERT INTO vendas_itens (id_venda,id_material_base,id_material_catalogo,quantidade_kg,preco_por_kg) VALUES (1220,3,9,73.63,6.72);
INSERT INTO vendas_itens (id_venda,id_material_base,id_material_catalogo,quantidade_kg,preco_por_kg) VALUES (1220,3,8,525.16,5.83);
INSERT INTO vendas_itens (id_venda,id_material_base,id_material_catalogo,quantidade_kg,preco_por_kg) VALUES (1220,1,3,434.94,3.25);
INSERT INTO avaliacoes_compradores (id_venda,pontualidade_pagamento,logistica_entrega,qualidade_negociacao,comentario_livre) VALUES (1220,2,3,5,'');
INSERT INTO vendas (id_venda,id_cooperativa,id_comprador,data_venda,valor_total) VALUES (1221,37,67,'2025-07-24 02:43:39',0);
INSERT INTO vendas_itens (id_venda,id_material_base,id_material_catalogo,quantidade_kg,preco_por_kg) VALUES (1221,2,4,572.25,0.96);
INSERT INTO vendas_itens (id_venda,id_material_base,id_material_catalogo,quantidade_kg,preco_por_kg) VALUES (1221,2,4,142.02,1.66);
INSERT INTO vendas_itens (id_venda,id_material_base,id_material_catalogo,quantidade_kg,preco_por_kg) VALUES (1221,1,2,463.36,3.87);
INSERT INTO vendas (id_venda,id_cooperativa,id_comprador,data_venda,valor_total) VALUES (1222,10,13,'2025-01-13 02:43:39',0);
INSERT INTO vendas_itens (id_venda,id_material_base,id_material_catalogo,quantidade_kg,preco_por_kg) VALUES (1222,1,3,528.17,1.54);
INSERT INTO avaliacoes_compradores (id_venda,pontualidade_pagamento,logistica_entrega,qualidade_negociacao,comentario_livre) VALUES (1222,4,2,3,'');
INSERT INTO vendas (id_venda,id_cooperativa,id_comprador,data_venda,valor_total) VALUES (1223,20,59,'2025-10-10 02:43:39',0);
INSERT INTO vendas_itens (id_venda,id_material_base,id_material_catalogo,quantidade_kg,preco_por_kg) VALUES (1223,2,6,193.76,1.61);
INSERT INTO vendas (id_venda,id_cooperativa,id_comprador,data_venda,valor_total) VALUES (1224,46,98,'2025-04-16 02:43:39',0);
INSERT INTO vendas_itens (id_venda,id_material_base,id_material_catalogo,quantidade_kg,preco_por_kg) VALUES (1224,2,6,116.18,1.08);
INSERT INTO vendas_itens (id_venda,id_material_base,id_material_catalogo,quantidade_kg,preco_por_kg) VALUES (1224,3,7,203.42,5.76);
INSERT INTO vendas_itens (id_venda,id_material_base,id_material_catalogo,quantidade_kg,preco_por_kg) VALUES (1224,2,6,179.44,0.92);
INSERT INTO avaliacoes_compradores (id_venda,pontualidade_pagamento,logistica_entrega,qualidade_negociacao,comentario_livre) VALUES (1224,4,4,2,'');
INSERT INTO vendas (id_venda,id_cooperativa,id_comprador,data_venda,valor_total) VALUES (1225,43,13,'2024-11-20 02:43:39',0);
INSERT INTO vendas_itens (id_venda,id_material_base,id_material_catalogo,quantidade_kg,preco_por_kg) VALUES (1225,1,3,112.56,2.62);
INSERT INTO vendas_itens (id_venda,id_material_base,id_material_catalogo,quantidade_kg,preco_por_kg) VALUES (1225,2,4,253.40,1.67);
INSERT INTO avaliacoes_compradores (id_venda,pontualidade_pagamento,logistica_entrega,qualidade_negociacao,comentario_livre) VALUES (1225,5,3,2,'');
INSERT INTO vendas (id_venda,id_cooperativa,id_comprador,data_venda,valor_total) VALUES (1226,10,26,'2025-02-04 02:43:39',0);
INSERT INTO vendas_itens (id_venda,id_material_base,id_material_catalogo,quantidade_kg,preco_por_kg) VALUES (1226,1,3,398.58,3.57);
INSERT INTO vendas (id_venda,id_cooperativa,id_comprador,data_venda,valor_total) VALUES (1227,22,31,'2025-05-08 02:43:39',0);
INSERT INTO vendas_itens (id_venda,id_material_base,id_material_catalogo,quantidade_kg,preco_por_kg) VALUES (1227,1,1,126.36,1.87);
INSERT INTO vendas (id_venda,id_cooperativa,id_comprador,data_venda,valor_total) VALUES (1228,44,60,'2025-07-23 02:43:39',0);
INSERT INTO vendas_itens (id_venda,id_material_base,id_material_catalogo,quantidade_kg,preco_por_kg) VALUES (1228,2,4,570.35,1.64);
INSERT INTO vendas_itens (id_venda,id_material_base,id_material_catalogo,quantidade_kg,preco_por_kg) VALUES (1228,1,3,365.23,2.70);
INSERT INTO vendas (id_venda,id_cooperativa,id_comprador,data_venda,valor_total) VALUES (1229,36,26,'2025-03-06 02:43:39',0);
INSERT INTO vendas_itens (id_venda,id_material_base,id_material_catalogo,quantidade_kg,preco_por_kg) VALUES (1229,3,9,413.34,5.59);
INSERT INTO vendas_itens (id_venda,id_material_base,id_material_catalogo,quantidade_kg,preco_por_kg) VALUES (1229,2,6,464.16,1.74);
INSERT INTO vendas (id_venda,id_cooperativa,id_comprador,data_venda,valor_total) VALUES (1230,16,9,'2025-10-30 02:43:39',0);
INSERT INTO vendas_itens (id_venda,id_material_base,id_material_catalogo,quantidade_kg,preco_por_kg) VALUES (1230,2,4,593.19,0.66);
INSERT INTO vendas_itens (id_venda,id_material_base,id_material_catalogo,quantidade_kg,preco_por_kg) VALUES (1230,3,7,246.45,4.01);
INSERT INTO vendas_itens (id_venda,id_material_base,id_material_catalogo,quantidade_kg,preco_por_kg) VALUES (1230,3,8,477.19,2.56);
INSERT INTO vendas (id_venda,id_cooperativa,id_comprador,data_venda,valor_total) VALUES (1231,31,14,'2025-09-12 02:43:39',0);
INSERT INTO vendas_itens (id_venda,id_material_base,id_material_catalogo,quantidade_kg,preco_por_kg) VALUES (1231,1,2,82.27,1.83);
INSERT INTO vendas_itens (id_venda,id_material_base,id_material_catalogo,quantidade_kg,preco_por_kg) VALUES (1231,1,2,221.64,1.91);
INSERT INTO vendas (id_venda,id_cooperativa,id_comprador,data_venda,valor_total) VALUES (1232,46,65,'2025-09-02 02:43:39',0);
INSERT INTO vendas_itens (id_venda,id_material_base,id_material_catalogo,quantidade_kg,preco_por_kg) VALUES (1232,2,6,564.54,1.14);
INSERT INTO vendas (id_venda,id_cooperativa,id_comprador,data_venda,valor_total) VALUES (1233,22,83,'2024-12-13 02:43:39',0);
INSERT INTO vendas_itens (id_venda,id_material_base,id_material_catalogo,quantidade_kg,preco_por_kg) VALUES (1233,1,2,207.97,3.92);
INSERT INTO vendas (id_venda,id_cooperativa,id_comprador,data_venda,valor_total) VALUES (1234,13,54,'2025-02-14 02:43:39',0);
INSERT INTO vendas_itens (id_venda,id_material_base,id_material_catalogo,quantidade_kg,preco_por_kg) VALUES (1234,2,5,466.73,0.79);
INSERT INTO vendas_itens (id_venda,id_material_base,id_material_catalogo,quantidade_kg,preco_por_kg) VALUES (1234,1,3,542.73,3.41);
INSERT INTO vendas_itens (id_venda,id_material_base,id_material_catalogo,quantidade_kg,preco_por_kg) VALUES (1234,3,8,334.71,7.33);
INSERT INTO vendas (id_venda,id_cooperativa,id_comprador,data_venda,valor_total) VALUES (1235,4,4,'2025-11-07 02:43:39',0);
INSERT INTO vendas_itens (id_venda,id_material_base,id_material_catalogo,quantidade_kg,preco_por_kg) VALUES (1235,1,2,555.32,1.83);
INSERT INTO avaliacoes_compradores (id_venda,pontualidade_pagamento,logistica_entrega,qualidade_negociacao,comentario_livre) VALUES (1235,2,4,1,'');
INSERT INTO vendas (id_venda,id_cooperativa,id_comprador,data_venda,valor_total) VALUES (1236,35,7,'2025-05-17 02:43:39',0);
INSERT INTO vendas_itens (id_venda,id_material_base,id_material_catalogo,quantidade_kg,preco_por_kg) VALUES (1236,1,1,423.63,2.30);
INSERT INTO vendas_itens (id_venda,id_material_base,id_material_catalogo,quantidade_kg,preco_por_kg) VALUES (1236,3,8,41.48,7.13);
INSERT INTO avaliacoes_compradores (id_venda,pontualidade_pagamento,logistica_entrega,qualidade_negociacao,comentario_livre) VALUES (1236,1,5,4,'');
INSERT INTO vendas (id_venda,id_cooperativa,id_comprador,data_venda,valor_total) VALUES (1237,3,87,'2024-12-05 02:43:39',0);
INSERT INTO vendas_itens (id_venda,id_material_base,id_material_catalogo,quantidade_kg,preco_por_kg) VALUES (1237,1,2,273.76,2.41);
INSERT INTO vendas_itens (id_venda,id_material_base,id_material_catalogo,quantidade_kg,preco_por_kg) VALUES (1237,3,9,537.72,5.33);
INSERT INTO vendas_itens (id_venda,id_material_base,id_material_catalogo,quantidade_kg,preco_por_kg) VALUES (1237,2,4,545.48,1.29);
INSERT INTO avaliacoes_compradores (id_venda,pontualidade_pagamento,logistica_entrega,qualidade_negociacao,comentario_livre) VALUES (1237,1,5,1,'');
INSERT INTO vendas (id_venda,id_cooperativa,id_comprador,data_venda,valor_total) VALUES (1238,39,16,'2025-06-14 02:43:39',0);
INSERT INTO vendas_itens (id_venda,id_material_base,id_material_catalogo,quantidade_kg,preco_por_kg) VALUES (1238,3,7,513.19,2.98);
INSERT INTO vendas_itens (id_venda,id_material_base,id_material_catalogo,quantidade_kg,preco_por_kg) VALUES (1238,1,1,408.57,2.76);
INSERT INTO avaliacoes_compradores (id_venda,pontualidade_pagamento,logistica_entrega,qualidade_negociacao,comentario_livre) VALUES (1238,1,2,5,'');
INSERT INTO vendas (id_venda,id_cooperativa,id_comprador,data_venda,valor_total) VALUES (1239,26,79,'2025-07-12 02:43:39',0);
INSERT INTO vendas_itens (id_venda,id_material_base,id_material_catalogo,quantidade_kg,preco_por_kg) VALUES (1239,3,9,118.21,6.18);
INSERT INTO vendas_itens (id_venda,id_material_base,id_material_catalogo,quantidade_kg,preco_por_kg) VALUES (1239,3,7,527.48,6.65);
INSERT INTO avaliacoes_compradores (id_venda,pontualidade_pagamento,logistica_entrega,qualidade_negociacao,comentario_livre) VALUES (1239,5,2,4,'');
INSERT INTO vendas (id_venda,id_cooperativa,id_comprador,data_venda,valor_total) VALUES (1240,39,73,'2025-02-09 02:43:39',0);
INSERT INTO vendas_itens (id_venda,id_material_base,id_material_catalogo,quantidade_kg,preco_por_kg) VALUES (1240,1,2,77.63,3.18);
INSERT INTO vendas_itens (id_venda,id_material_base,id_material_catalogo,quantidade_kg,preco_por_kg) VALUES (1240,3,8,195.93,6.47);
INSERT INTO vendas_itens (id_venda,id_material_base,id_material_catalogo,quantidade_kg,preco_por_kg) VALUES (1240,1,2,119.46,3.75);
INSERT INTO avaliacoes_compradores (id_venda,pontualidade_pagamento,logistica_entrega,qualidade_negociacao,comentario_livre) VALUES (1240,5,5,1,'');
INSERT INTO vendas (id_venda,id_cooperativa,id_comprador,data_venda,valor_total) VALUES (1241,32,3,'2025-09-22 02:43:39',0);
INSERT INTO vendas_itens (id_venda,id_material_base,id_material_catalogo,quantidade_kg,preco_por_kg) VALUES (1241,1,1,82.62,2.99);
INSERT INTO vendas (id_venda,id_cooperativa,id_comprador,data_venda,valor_total) VALUES (1242,48,100,'2024-12-27 02:43:39',0);
INSERT INTO vendas_itens (id_venda,id_material_base,id_material_catalogo,quantidade_kg,preco_por_kg) VALUES (1242,3,8,519.18,7.31);
INSERT INTO vendas_itens (id_venda,id_material_base,id_material_catalogo,quantidade_kg,preco_por_kg) VALUES (1242,3,8,77.44,7.46);
INSERT INTO vendas_itens (id_venda,id_material_base,id_material_catalogo,quantidade_kg,preco_por_kg) VALUES (1242,3,8,131.96,4.71);
INSERT INTO avaliacoes_compradores (id_venda,pontualidade_pagamento,logistica_entrega,qualidade_negociacao,comentario_livre) VALUES (1242,2,5,2,'');
INSERT INTO vendas (id_venda,id_cooperativa,id_comprador,data_venda,valor_total) VALUES (1243,21,51,'2025-10-04 02:43:39',0);
INSERT INTO vendas_itens (id_venda,id_material_base,id_material_catalogo,quantidade_kg,preco_por_kg) VALUES (1243,1,1,203.17,1.93);
INSERT INTO avaliacoes_compradores (id_venda,pontualidade_pagamento,logistica_entrega,qualidade_negociacao,comentario_livre) VALUES (1243,3,2,2,'');
INSERT INTO vendas (id_venda,id_cooperativa,id_comprador,data_venda,valor_total) VALUES (1244,11,97,'2025-06-05 02:43:39',0);
INSERT INTO vendas_itens (id_venda,id_material_base,id_material_catalogo,quantidade_kg,preco_por_kg) VALUES (1244,1,1,556.64,2.46);
INSERT INTO avaliacoes_compradores (id_venda,pontualidade_pagamento,logistica_entrega,qualidade_negociacao,comentario_livre) VALUES (1244,1,1,4,'');
INSERT INTO avaliacao_feedback_selecionado (id_avaliacao,id_feedback_tag) SELECT id_avaliacao,18 FROM avaliacoes_compradores WHERE id_venda=1244;
INSERT INTO vendas (id_venda,id_cooperativa,id_comprador,data_venda,valor_total) VALUES (1245,28,12,'2025-02-15 02:43:39',0);
INSERT INTO vendas_itens (id_venda,id_material_base,id_material_catalogo,quantidade_kg,preco_por_kg) VALUES (1245,1,3,38.79,1.55);
INSERT INTO vendas_itens (id_venda,id_material_base,id_material_catalogo,quantidade_kg,preco_por_kg) VALUES (1245,1,1,159.51,1.87);
INSERT INTO vendas_itens (id_venda,id_material_base,id_material_catalogo,quantidade_kg,preco_por_kg) VALUES (1245,1,1,84.40,3.97);
INSERT INTO vendas (id_venda,id_cooperativa,id_comprador,data_venda,valor_total) VALUES (1246,19,35,'2025-07-12 02:43:39',0);
INSERT INTO vendas_itens (id_venda,id_material_base,id_material_catalogo,quantidade_kg,preco_por_kg) VALUES (1246,3,7,94.38,6.65);
INSERT INTO vendas_itens (id_venda,id_material_base,id_material_catalogo,quantidade_kg,preco_por_kg) VALUES (1246,2,4,193.91,0.52);
INSERT INTO avaliacoes_compradores (id_venda,pontualidade_pagamento,logistica_entrega,qualidade_negociacao,comentario_livre) VALUES (1246,5,4,4,'');
INSERT INTO avaliacao_feedback_selecionado (id_avaliacao,id_feedback_tag) SELECT id_avaliacao,10 FROM avaliacoes_compradores WHERE id_venda=1246;
INSERT INTO vendas (id_venda,id_cooperativa,id_comprador,data_venda,valor_total) VALUES (1247,48,44,'2025-11-01 02:43:39',0);
INSERT INTO vendas_itens (id_venda,id_material_base,id_material_catalogo,quantidade_kg,preco_por_kg) VALUES (1247,3,9,403.70,2.68);
INSERT INTO vendas_itens (id_venda,id_material_base,id_material_catalogo,quantidade_kg,preco_por_kg) VALUES (1247,1,1,532.97,1.88);
INSERT INTO avaliacoes_compradores (id_venda,pontualidade_pagamento,logistica_entrega,qualidade_negociacao,comentario_livre) VALUES (1247,1,1,1,'');
INSERT INTO avaliacao_feedback_selecionado (id_avaliacao,id_feedback_tag) SELECT id_avaliacao,23 FROM avaliacoes_compradores WHERE id_venda=1247;
INSERT INTO avaliacao_feedback_selecionado (id_avaliacao,id_feedback_tag) SELECT id_avaliacao,14 FROM avaliacoes_compradores WHERE id_venda=1247;
INSERT INTO avaliacao_feedback_selecionado (id_avaliacao,id_feedback_tag) SELECT id_avaliacao,15 FROM avaliacoes_compradores WHERE id_venda=1247;
INSERT INTO vendas (id_venda,id_cooperativa,id_comprador,data_venda,valor_total) VALUES (1248,30,87,'2025-04-14 02:43:39',0);
INSERT INTO vendas_itens (id_venda,id_material_base,id_material_catalogo,quantidade_kg,preco_por_kg) VALUES (1248,2,6,80.23,1.62);
INSERT INTO vendas_itens (id_venda,id_material_base,id_material_catalogo,quantidade_kg,preco_por_kg) VALUES (1248,3,8,132.99,4.41);
INSERT INTO vendas (id_venda,id_cooperativa,id_comprador,data_venda,valor_total) VALUES (1249,30,1,'2025-05-25 02:43:39',0);
INSERT INTO vendas_itens (id_venda,id_material_base,id_material_catalogo,quantidade_kg,preco_por_kg) VALUES (1249,3,9,555.34,4.60);
INSERT INTO vendas_itens (id_venda,id_material_base,id_material_catalogo,quantidade_kg,preco_por_kg) VALUES (1249,2,4,81.53,1.26);
INSERT INTO avaliacoes_compradores (id_venda,pontualidade_pagamento,logistica_entrega,qualidade_negociacao,comentario_livre) VALUES (1249,1,5,1,'');
INSERT INTO vendas (id_venda,id_cooperativa,id_comprador,data_venda,valor_total) VALUES (1250,45,55,'2025-01-16 02:43:39',0);
INSERT INTO vendas_itens (id_venda,id_material_base,id_material_catalogo,quantidade_kg,preco_por_kg) VALUES (1250,1,3,423.27,2.23);
INSERT INTO vendas_itens (id_venda,id_material_base,id_material_catalogo,quantidade_kg,preco_por_kg) VALUES (1250,2,6,103.48,1.54);
INSERT INTO vendas_itens (id_venda,id_material_base,id_material_catalogo,quantidade_kg,preco_por_kg) VALUES (1250,2,4,594.71,1.32);
INSERT INTO avaliacoes_compradores (id_venda,pontualidade_pagamento,logistica_entrega,qualidade_negociacao,comentario_livre) VALUES (1250,1,1,4,'');
INSERT INTO avaliacao_feedback_selecionado (id_avaliacao,id_feedback_tag) SELECT id_avaliacao,15 FROM avaliacoes_compradores WHERE id_venda=1250;
INSERT INTO avaliacao_feedback_selecionado (id_avaliacao,id_feedback_tag) SELECT id_avaliacao,14 FROM avaliacoes_compradores WHERE id_venda=1250;
INSERT INTO avaliacao_feedback_selecionado (id_avaliacao,id_feedback_tag) SELECT id_avaliacao,23 FROM avaliacoes_compradores WHERE id_venda=1250;
INSERT INTO vendas (id_venda,id_cooperativa,id_comprador,data_venda,valor_total) VALUES (1251,39,13,'2025-02-04 02:43:39',0);
INSERT INTO vendas_itens (id_venda,id_material_base,id_material_catalogo,quantidade_kg,preco_por_kg) VALUES (1251,1,2,561.98,3.79);
INSERT INTO vendas_itens (id_venda,id_material_base,id_material_catalogo,quantidade_kg,preco_por_kg) VALUES (1251,3,8,92.06,5.97);
INSERT INTO vendas_itens (id_venda,id_material_base,id_material_catalogo,quantidade_kg,preco_por_kg) VALUES (1251,1,3,466.37,1.54);
INSERT INTO avaliacoes_compradores (id_venda,pontualidade_pagamento,logistica_entrega,qualidade_negociacao,comentario_livre) VALUES (1251,2,1,4,'');
INSERT INTO vendas (id_venda,id_cooperativa,id_comprador,data_venda,valor_total) VALUES (1252,3,55,'2025-04-17 02:43:39',0);
INSERT INTO vendas_itens (id_venda,id_material_base,id_material_catalogo,quantidade_kg,preco_por_kg) VALUES (1252,3,9,389.50,4.09);
INSERT INTO avaliacoes_compradores (id_venda,pontualidade_pagamento,logistica_entrega,qualidade_negociacao,comentario_livre) VALUES (1252,5,3,3,'');
INSERT INTO vendas (id_venda,id_cooperativa,id_comprador,data_venda,valor_total) VALUES (1253,48,61,'2025-08-15 02:43:39',0);
INSERT INTO vendas_itens (id_venda,id_material_base,id_material_catalogo,quantidade_kg,preco_por_kg) VALUES (1253,2,5,206.95,0.72);
INSERT INTO vendas_itens (id_venda,id_material_base,id_material_catalogo,quantidade_kg,preco_por_kg) VALUES (1253,1,1,298.26,1.67);
INSERT INTO vendas_itens (id_venda,id_material_base,id_material_catalogo,quantidade_kg,preco_por_kg) VALUES (1253,2,4,415.84,1.06);
INSERT INTO avaliacoes_compradores (id_venda,pontualidade_pagamento,logistica_entrega,qualidade_negociacao,comentario_livre) VALUES (1253,3,2,3,'');
INSERT INTO vendas (id_venda,id_cooperativa,id_comprador,data_venda,valor_total) VALUES (1254,43,48,'2025-09-26 02:43:39',0);
INSERT INTO vendas_itens (id_venda,id_material_base,id_material_catalogo,quantidade_kg,preco_por_kg) VALUES (1254,1,3,187.13,1.21);
INSERT INTO vendas_itens (id_venda,id_material_base,id_material_catalogo,quantidade_kg,preco_por_kg) VALUES (1254,1,1,529.74,3.99);
INSERT INTO vendas_itens (id_venda,id_material_base,id_material_catalogo,quantidade_kg,preco_por_kg) VALUES (1254,3,7,321.30,4.68);
INSERT INTO avaliacoes_compradores (id_venda,pontualidade_pagamento,logistica_entrega,qualidade_negociacao,comentario_livre) VALUES (1254,1,2,1,'');
INSERT INTO avaliacao_feedback_selecionado (id_avaliacao,id_feedback_tag) SELECT id_avaliacao,20 FROM avaliacoes_compradores WHERE id_venda=1254;
INSERT INTO avaliacao_feedback_selecionado (id_avaliacao,id_feedback_tag) SELECT id_avaliacao,16 FROM avaliacoes_compradores WHERE id_venda=1254;
INSERT INTO vendas (id_venda,id_cooperativa,id_comprador,data_venda,valor_total) VALUES (1255,19,100,'2024-12-11 02:43:39',0);
INSERT INTO vendas_itens (id_venda,id_material_base,id_material_catalogo,quantidade_kg,preco_por_kg) VALUES (1255,2,4,525.72,0.71);
INSERT INTO vendas (id_venda,id_cooperativa,id_comprador,data_venda,valor_total) VALUES (1256,39,97,'2025-10-21 02:43:39',0);
INSERT INTO vendas_itens (id_venda,id_material_base,id_material_catalogo,quantidade_kg,preco_por_kg) VALUES (1256,1,3,137.81,3.52);
INSERT INTO vendas_itens (id_venda,id_material_base,id_material_catalogo,quantidade_kg,preco_por_kg) VALUES (1256,1,1,278.60,1.81);
INSERT INTO vendas_itens (id_venda,id_material_base,id_material_catalogo,quantidade_kg,preco_por_kg) VALUES (1256,1,2,142.68,2.60);
INSERT INTO avaliacoes_compradores (id_venda,pontualidade_pagamento,logistica_entrega,qualidade_negociacao,comentario_livre) VALUES (1256,2,5,4,'');
INSERT INTO vendas (id_venda,id_cooperativa,id_comprador,data_venda,valor_total) VALUES (1257,25,24,'2025-01-02 02:43:39',0);
INSERT INTO vendas_itens (id_venda,id_material_base,id_material_catalogo,quantidade_kg,preco_por_kg) VALUES (1257,2,4,151.61,0.68);
INSERT INTO vendas_itens (id_venda,id_material_base,id_material_catalogo,quantidade_kg,preco_por_kg) VALUES (1257,3,7,194.42,6.58);
INSERT INTO avaliacoes_compradores (id_venda,pontualidade_pagamento,logistica_entrega,qualidade_negociacao,comentario_livre) VALUES (1257,3,2,2,'');
INSERT INTO vendas (id_venda,id_cooperativa,id_comprador,data_venda,valor_total) VALUES (1258,50,48,'2025-04-08 02:43:39',0);
INSERT INTO vendas_itens (id_venda,id_material_base,id_material_catalogo,quantidade_kg,preco_por_kg) VALUES (1258,1,2,183.74,1.27);
INSERT INTO avaliacoes_compradores (id_venda,pontualidade_pagamento,logistica_entrega,qualidade_negociacao,comentario_livre) VALUES (1258,5,1,1,'');
INSERT INTO vendas (id_venda,id_cooperativa,id_comprador,data_venda,valor_total) VALUES (1259,7,37,'2025-07-02 02:43:39',0);
INSERT INTO vendas_itens (id_venda,id_material_base,id_material_catalogo,quantidade_kg,preco_por_kg) VALUES (1259,1,2,298.11,1.20);
INSERT INTO vendas_itens (id_venda,id_material_base,id_material_catalogo,quantidade_kg,preco_por_kg) VALUES (1259,3,7,136.18,3.44);
INSERT INTO vendas (id_venda,id_cooperativa,id_comprador,data_venda,valor_total) VALUES (1260,32,52,'2025-06-16 02:43:39',0);
INSERT INTO vendas_itens (id_venda,id_material_base,id_material_catalogo,quantidade_kg,preco_por_kg) VALUES (1260,2,6,139.18,1.67);
INSERT INTO vendas (id_venda,id_cooperativa,id_comprador,data_venda,valor_total) VALUES (1261,42,97,'2025-03-15 02:43:39',0);
INSERT INTO vendas_itens (id_venda,id_material_base,id_material_catalogo,quantidade_kg,preco_por_kg) VALUES (1261,1,2,211.36,3.57);
INSERT INTO vendas_itens (id_venda,id_material_base,id_material_catalogo,quantidade_kg,preco_por_kg) VALUES (1261,1,1,48.83,3.55);
INSERT INTO vendas_itens (id_venda,id_material_base,id_material_catalogo,quantidade_kg,preco_por_kg) VALUES (1261,3,8,79.86,5.66);
INSERT INTO avaliacoes_compradores (id_venda,pontualidade_pagamento,logistica_entrega,qualidade_negociacao,comentario_livre) VALUES (1261,4,1,2,'');
INSERT INTO vendas (id_venda,id_cooperativa,id_comprador,data_venda,valor_total) VALUES (1262,6,76,'2025-05-08 02:43:39',0);
INSERT INTO vendas_itens (id_venda,id_material_base,id_material_catalogo,quantidade_kg,preco_por_kg) VALUES (1262,2,6,436.72,0.72);
INSERT INTO vendas_itens (id_venda,id_material_base,id_material_catalogo,quantidade_kg,preco_por_kg) VALUES (1262,2,4,71.25,1.70);
INSERT INTO avaliacoes_compradores (id_venda,pontualidade_pagamento,logistica_entrega,qualidade_negociacao,comentario_livre) VALUES (1262,4,3,5,'');
INSERT INTO avaliacao_feedback_selecionado (id_avaliacao,id_feedback_tag) SELECT id_avaliacao,6 FROM avaliacoes_compradores WHERE id_venda=1262;
INSERT INTO avaliacao_feedback_selecionado (id_avaliacao,id_feedback_tag) SELECT id_avaliacao,5 FROM avaliacoes_compradores WHERE id_venda=1262;
INSERT INTO avaliacao_feedback_selecionado (id_avaliacao,id_feedback_tag) SELECT id_avaliacao,1 FROM avaliacoes_compradores WHERE id_venda=1262;
INSERT INTO vendas (id_venda,id_cooperativa,id_comprador,data_venda,valor_total) VALUES (1263,43,77,'2024-11-20 02:43:39',0);
INSERT INTO vendas_itens (id_venda,id_material_base,id_material_catalogo,quantidade_kg,preco_por_kg) VALUES (1263,1,1,257.01,3.54);
INSERT INTO vendas_itens (id_venda,id_material_base,id_material_catalogo,quantidade_kg,preco_por_kg) VALUES (1263,1,1,200.37,3.57);
INSERT INTO vendas_itens (id_venda,id_material_base,id_material_catalogo,quantidade_kg,preco_por_kg) VALUES (1263,3,9,281.76,7.29);
INSERT INTO avaliacoes_compradores (id_venda,pontualidade_pagamento,logistica_entrega,qualidade_negociacao,comentario_livre) VALUES (1263,1,4,5,'');
INSERT INTO vendas (id_venda,id_cooperativa,id_comprador,data_venda,valor_total) VALUES (1264,49,96,'2025-05-27 02:43:39',0);
INSERT INTO vendas_itens (id_venda,id_material_base,id_material_catalogo,quantidade_kg,preco_por_kg) VALUES (1264,2,5,337.59,0.74);
INSERT INTO vendas (id_venda,id_cooperativa,id_comprador,data_venda,valor_total) VALUES (1265,25,100,'2025-02-08 02:43:39',0);
INSERT INTO vendas_itens (id_venda,id_material_base,id_material_catalogo,quantidade_kg,preco_por_kg) VALUES (1265,1,1,235.09,3.88);
INSERT INTO vendas_itens (id_venda,id_material_base,id_material_catalogo,quantidade_kg,preco_por_kg) VALUES (1265,2,5,156.97,1.64);
INSERT INTO vendas (id_venda,id_cooperativa,id_comprador,data_venda,valor_total) VALUES (1266,15,13,'2025-04-04 02:43:39',0);
INSERT INTO vendas_itens (id_venda,id_material_base,id_material_catalogo,quantidade_kg,preco_por_kg) VALUES (1266,2,4,571.30,0.61);
INSERT INTO avaliacoes_compradores (id_venda,pontualidade_pagamento,logistica_entrega,qualidade_negociacao,comentario_livre) VALUES (1266,5,4,2,'');
INSERT INTO vendas (id_venda,id_cooperativa,id_comprador,data_venda,valor_total) VALUES (1267,6,13,'2025-05-05 02:43:39',0);
INSERT INTO vendas_itens (id_venda,id_material_base,id_material_catalogo,quantidade_kg,preco_por_kg) VALUES (1267,2,6,394.08,1.28);
INSERT INTO avaliacoes_compradores (id_venda,pontualidade_pagamento,logistica_entrega,qualidade_negociacao,comentario_livre) VALUES (1267,5,3,4,'');
INSERT INTO avaliacao_feedback_selecionado (id_avaliacao,id_feedback_tag) SELECT id_avaliacao,10 FROM avaliacoes_compradores WHERE id_venda=1267;
INSERT INTO avaliacao_feedback_selecionado (id_avaliacao,id_feedback_tag) SELECT id_avaliacao,9 FROM avaliacoes_compradores WHERE id_venda=1267;
INSERT INTO avaliacao_feedback_selecionado (id_avaliacao,id_feedback_tag) SELECT id_avaliacao,1 FROM avaliacoes_compradores WHERE id_venda=1267;
INSERT INTO vendas (id_venda,id_cooperativa,id_comprador,data_venda,valor_total) VALUES (1268,1,22,'2025-07-27 02:43:39',0);
INSERT INTO vendas_itens (id_venda,id_material_base,id_material_catalogo,quantidade_kg,preco_por_kg) VALUES (1268,1,1,357.86,1.70);
INSERT INTO vendas_itens (id_venda,id_material_base,id_material_catalogo,quantidade_kg,preco_por_kg) VALUES (1268,1,2,217.30,1.54);
INSERT INTO vendas_itens (id_venda,id_material_base,id_material_catalogo,quantidade_kg,preco_por_kg) VALUES (1268,3,9,520.26,4.31);
INSERT INTO vendas (id_venda,id_cooperativa,id_comprador,data_venda,valor_total) VALUES (1269,22,24,'2025-05-31 02:43:39',0);
INSERT INTO vendas_itens (id_venda,id_material_base,id_material_catalogo,quantidade_kg,preco_por_kg) VALUES (1269,2,5,61.74,1.20);
INSERT INTO vendas_itens (id_venda,id_material_base,id_material_catalogo,quantidade_kg,preco_por_kg) VALUES (1269,1,1,426.27,2.08);
INSERT INTO vendas_itens (id_venda,id_material_base,id_material_catalogo,quantidade_kg,preco_por_kg) VALUES (1269,1,3,397.54,1.63);
INSERT INTO vendas (id_venda,id_cooperativa,id_comprador,data_venda,valor_total) VALUES (1270,36,75,'2025-05-14 02:43:39',0);
INSERT INTO vendas_itens (id_venda,id_material_base,id_material_catalogo,quantidade_kg,preco_por_kg) VALUES (1270,3,8,127.01,5.99);
INSERT INTO vendas_itens (id_venda,id_material_base,id_material_catalogo,quantidade_kg,preco_por_kg) VALUES (1270,2,5,327.74,1.65);
INSERT INTO vendas_itens (id_venda,id_material_base,id_material_catalogo,quantidade_kg,preco_por_kg) VALUES (1270,3,7,495.53,5.43);
INSERT INTO avaliacoes_compradores (id_venda,pontualidade_pagamento,logistica_entrega,qualidade_negociacao,comentario_livre) VALUES (1270,5,2,2,'');
INSERT INTO vendas (id_venda,id_cooperativa,id_comprador,data_venda,valor_total) VALUES (1271,2,22,'2025-06-08 02:43:39',0);
INSERT INTO vendas_itens (id_venda,id_material_base,id_material_catalogo,quantidade_kg,preco_por_kg) VALUES (1271,1,1,597.18,2.67);
INSERT INTO vendas_itens (id_venda,id_material_base,id_material_catalogo,quantidade_kg,preco_por_kg) VALUES (1271,3,8,360.80,6.91);
INSERT INTO vendas_itens (id_venda,id_material_base,id_material_catalogo,quantidade_kg,preco_por_kg) VALUES (1271,3,7,306.00,6.51);
INSERT INTO vendas (id_venda,id_cooperativa,id_comprador,data_venda,valor_total) VALUES (1272,30,41,'2025-06-05 02:43:39',0);
INSERT INTO vendas_itens (id_venda,id_material_base,id_material_catalogo,quantidade_kg,preco_por_kg) VALUES (1272,1,3,445.74,3.75);
INSERT INTO avaliacoes_compradores (id_venda,pontualidade_pagamento,logistica_entrega,qualidade_negociacao,comentario_livre) VALUES (1272,4,4,5,'');
INSERT INTO avaliacao_feedback_selecionado (id_avaliacao,id_feedback_tag) SELECT id_avaliacao,6 FROM avaliacoes_compradores WHERE id_venda=1272;
INSERT INTO vendas (id_venda,id_cooperativa,id_comprador,data_venda,valor_total) VALUES (1273,2,42,'2025-05-16 02:43:39',0);
INSERT INTO vendas_itens (id_venda,id_material_base,id_material_catalogo,quantidade_kg,preco_por_kg) VALUES (1273,3,9,437.38,5.55);
INSERT INTO vendas_itens (id_venda,id_material_base,id_material_catalogo,quantidade_kg,preco_por_kg) VALUES (1273,1,3,598.78,2.11);
INSERT INTO vendas (id_venda,id_cooperativa,id_comprador,data_venda,valor_total) VALUES (1274,37,10,'2025-11-08 02:43:39',0);
INSERT INTO vendas_itens (id_venda,id_material_base,id_material_catalogo,quantidade_kg,preco_por_kg) VALUES (1274,1,2,521.35,2.70);
INSERT INTO vendas_itens (id_venda,id_material_base,id_material_catalogo,quantidade_kg,preco_por_kg) VALUES (1274,1,1,393.05,1.77);
INSERT INTO vendas_itens (id_venda,id_material_base,id_material_catalogo,quantidade_kg,preco_por_kg) VALUES (1274,3,8,56.56,3.01);
INSERT INTO vendas (id_venda,id_cooperativa,id_comprador,data_venda,valor_total) VALUES (1275,30,40,'2025-02-01 02:43:39',0);
INSERT INTO vendas_itens (id_venda,id_material_base,id_material_catalogo,quantidade_kg,preco_por_kg) VALUES (1275,3,8,67.97,3.46);
INSERT INTO vendas_itens (id_venda,id_material_base,id_material_catalogo,quantidade_kg,preco_por_kg) VALUES (1275,2,4,415.76,1.69);
INSERT INTO avaliacoes_compradores (id_venda,pontualidade_pagamento,logistica_entrega,qualidade_negociacao,comentario_livre) VALUES (1275,1,2,2,'');
INSERT INTO avaliacao_feedback_selecionado (id_avaliacao,id_feedback_tag) SELECT id_avaliacao,20 FROM avaliacoes_compradores WHERE id_venda=1275;
INSERT INTO avaliacao_feedback_selecionado (id_avaliacao,id_feedback_tag) SELECT id_avaliacao,15 FROM avaliacoes_compradores WHERE id_venda=1275;
INSERT INTO avaliacao_feedback_selecionado (id_avaliacao,id_feedback_tag) SELECT id_avaliacao,13 FROM avaliacoes_compradores WHERE id_venda=1275;
INSERT INTO vendas (id_venda,id_cooperativa,id_comprador,data_venda,valor_total) VALUES (1276,1,11,'2024-12-14 02:43:39',0);
INSERT INTO vendas_itens (id_venda,id_material_base,id_material_catalogo,quantidade_kg,preco_por_kg) VALUES (1276,2,5,366.80,1.65);
INSERT INTO vendas_itens (id_venda,id_material_base,id_material_catalogo,quantidade_kg,preco_por_kg) VALUES (1276,3,9,272.32,3.52);
INSERT INTO vendas_itens (id_venda,id_material_base,id_material_catalogo,quantidade_kg,preco_por_kg) VALUES (1276,3,7,396.81,5.69);
INSERT INTO vendas (id_venda,id_cooperativa,id_comprador,data_venda,valor_total) VALUES (1277,41,88,'2025-09-21 02:43:39',0);
INSERT INTO vendas_itens (id_venda,id_material_base,id_material_catalogo,quantidade_kg,preco_por_kg) VALUES (1277,1,1,232.56,3.90);
INSERT INTO vendas_itens (id_venda,id_material_base,id_material_catalogo,quantidade_kg,preco_por_kg) VALUES (1277,2,6,114.14,1.14);
INSERT INTO vendas_itens (id_venda,id_material_base,id_material_catalogo,quantidade_kg,preco_por_kg) VALUES (1277,1,1,31.39,1.62);
INSERT INTO avaliacoes_compradores (id_venda,pontualidade_pagamento,logistica_entrega,qualidade_negociacao,comentario_livre) VALUES (1277,4,5,2,'');
INSERT INTO vendas (id_venda,id_cooperativa,id_comprador,data_venda,valor_total) VALUES (1278,39,88,'2025-05-07 02:43:39',0);
INSERT INTO vendas_itens (id_venda,id_material_base,id_material_catalogo,quantidade_kg,preco_por_kg) VALUES (1278,2,5,346.05,0.52);
INSERT INTO avaliacoes_compradores (id_venda,pontualidade_pagamento,logistica_entrega,qualidade_negociacao,comentario_livre) VALUES (1278,3,4,4,'');
INSERT INTO vendas (id_venda,id_cooperativa,id_comprador,data_venda,valor_total) VALUES (1279,42,69,'2025-03-07 02:43:39',0);
INSERT INTO vendas_itens (id_venda,id_material_base,id_material_catalogo,quantidade_kg,preco_por_kg) VALUES (1279,1,2,551.35,3.14);
INSERT INTO vendas_itens (id_venda,id_material_base,id_material_catalogo,quantidade_kg,preco_por_kg) VALUES (1279,1,1,207.64,3.60);
INSERT INTO vendas_itens (id_venda,id_material_base,id_material_catalogo,quantidade_kg,preco_por_kg) VALUES (1279,3,9,492.19,6.13);
INSERT INTO avaliacoes_compradores (id_venda,pontualidade_pagamento,logistica_entrega,qualidade_negociacao,comentario_livre) VALUES (1279,5,4,1,'');
INSERT INTO vendas (id_venda,id_cooperativa,id_comprador,data_venda,valor_total) VALUES (1280,43,69,'2024-12-08 02:43:39',0);
INSERT INTO vendas_itens (id_venda,id_material_base,id_material_catalogo,quantidade_kg,preco_por_kg) VALUES (1280,2,5,340.45,0.78);
INSERT INTO vendas_itens (id_venda,id_material_base,id_material_catalogo,quantidade_kg,preco_por_kg) VALUES (1280,1,2,571.80,3.41);
INSERT INTO avaliacoes_compradores (id_venda,pontualidade_pagamento,logistica_entrega,qualidade_negociacao,comentario_livre) VALUES (1280,5,3,4,'');
INSERT INTO avaliacao_feedback_selecionado (id_avaliacao,id_feedback_tag) SELECT id_avaliacao,1 FROM avaliacoes_compradores WHERE id_venda=1280;
INSERT INTO vendas (id_venda,id_cooperativa,id_comprador,data_venda,valor_total) VALUES (1281,48,77,'2025-09-05 02:43:39',0);
INSERT INTO vendas_itens (id_venda,id_material_base,id_material_catalogo,quantidade_kg,preco_por_kg) VALUES (1281,3,7,302.35,5.93);
INSERT INTO vendas (id_venda,id_cooperativa,id_comprador,data_venda,valor_total) VALUES (1282,18,29,'2025-06-16 02:43:39',0);
INSERT INTO vendas_itens (id_venda,id_material_base,id_material_catalogo,quantidade_kg,preco_por_kg) VALUES (1282,1,2,202.17,2.97);
INSERT INTO vendas_itens (id_venda,id_material_base,id_material_catalogo,quantidade_kg,preco_por_kg) VALUES (1282,1,1,59.06,1.25);
INSERT INTO avaliacoes_compradores (id_venda,pontualidade_pagamento,logistica_entrega,qualidade_negociacao,comentario_livre) VALUES (1282,3,3,4,'');
INSERT INTO vendas (id_venda,id_cooperativa,id_comprador,data_venda,valor_total) VALUES (1283,37,67,'2025-05-13 02:43:39',0);
INSERT INTO vendas_itens (id_venda,id_material_base,id_material_catalogo,quantidade_kg,preco_por_kg) VALUES (1283,1,3,539.11,3.59);
INSERT INTO vendas_itens (id_venda,id_material_base,id_material_catalogo,quantidade_kg,preco_por_kg) VALUES (1283,2,6,582.45,1.73);
INSERT INTO vendas_itens (id_venda,id_material_base,id_material_catalogo,quantidade_kg,preco_por_kg) VALUES (1283,3,8,63.02,3.61);
INSERT INTO avaliacoes_compradores (id_venda,pontualidade_pagamento,logistica_entrega,qualidade_negociacao,comentario_livre) VALUES (1283,1,2,4,'');
INSERT INTO vendas (id_venda,id_cooperativa,id_comprador,data_venda,valor_total) VALUES (1284,7,54,'2025-06-25 02:43:39',0);
INSERT INTO vendas_itens (id_venda,id_material_base,id_material_catalogo,quantidade_kg,preco_por_kg) VALUES (1284,2,6,437.25,0.86);
INSERT INTO avaliacoes_compradores (id_venda,pontualidade_pagamento,logistica_entrega,qualidade_negociacao,comentario_livre) VALUES (1284,3,1,2,'');
INSERT INTO avaliacao_feedback_selecionado (id_avaliacao,id_feedback_tag) SELECT id_avaliacao,20 FROM avaliacoes_compradores WHERE id_venda=1284;
INSERT INTO avaliacao_feedback_selecionado (id_avaliacao,id_feedback_tag) SELECT id_avaliacao,12 FROM avaliacoes_compradores WHERE id_venda=1284;
INSERT INTO vendas (id_venda,id_cooperativa,id_comprador,data_venda,valor_total) VALUES (1285,50,87,'2025-01-07 02:43:39',0);
INSERT INTO vendas_itens (id_venda,id_material_base,id_material_catalogo,quantidade_kg,preco_por_kg) VALUES (1285,2,4,237.96,1.74);
INSERT INTO vendas (id_venda,id_cooperativa,id_comprador,data_venda,valor_total) VALUES (1286,3,28,'2024-12-26 02:43:39',0);
INSERT INTO vendas_itens (id_venda,id_material_base,id_material_catalogo,quantidade_kg,preco_por_kg) VALUES (1286,3,7,150.24,3.98);
INSERT INTO vendas_itens (id_venda,id_material_base,id_material_catalogo,quantidade_kg,preco_por_kg) VALUES (1286,1,2,568.76,2.93);
INSERT INTO avaliacoes_compradores (id_venda,pontualidade_pagamento,logistica_entrega,qualidade_negociacao,comentario_livre) VALUES (1286,5,4,4,'');
INSERT INTO avaliacao_feedback_selecionado (id_avaliacao,id_feedback_tag) SELECT id_avaliacao,1 FROM avaliacoes_compradores WHERE id_venda=1286;
INSERT INTO avaliacao_feedback_selecionado (id_avaliacao,id_feedback_tag) SELECT id_avaliacao,11 FROM avaliacoes_compradores WHERE id_venda=1286;
INSERT INTO vendas (id_venda,id_cooperativa,id_comprador,data_venda,valor_total) VALUES (1287,42,98,'2024-12-11 02:43:39',0);
INSERT INTO vendas_itens (id_venda,id_material_base,id_material_catalogo,quantidade_kg,preco_por_kg) VALUES (1287,1,3,335.10,3.26);
INSERT INTO avaliacoes_compradores (id_venda,pontualidade_pagamento,logistica_entrega,qualidade_negociacao,comentario_livre) VALUES (1287,2,3,5,'');
INSERT INTO vendas (id_venda,id_cooperativa,id_comprador,data_venda,valor_total) VALUES (1288,4,33,'2025-10-02 02:43:39',0);
INSERT INTO vendas_itens (id_venda,id_material_base,id_material_catalogo,quantidade_kg,preco_por_kg) VALUES (1288,1,2,217.96,2.38);
INSERT INTO vendas_itens (id_venda,id_material_base,id_material_catalogo,quantidade_kg,preco_por_kg) VALUES (1288,1,2,188.25,2.57);
INSERT INTO vendas_itens (id_venda,id_material_base,id_material_catalogo,quantidade_kg,preco_por_kg) VALUES (1288,2,5,223.44,1.72);
INSERT INTO avaliacoes_compradores (id_venda,pontualidade_pagamento,logistica_entrega,qualidade_negociacao,comentario_livre) VALUES (1288,3,4,3,'');
INSERT INTO vendas (id_venda,id_cooperativa,id_comprador,data_venda,valor_total) VALUES (1289,4,11,'2025-02-24 02:43:39',0);
INSERT INTO vendas_itens (id_venda,id_material_base,id_material_catalogo,quantidade_kg,preco_por_kg) VALUES (1289,2,4,297.83,1.31);
INSERT INTO vendas_itens (id_venda,id_material_base,id_material_catalogo,quantidade_kg,preco_por_kg) VALUES (1289,3,9,198.08,4.97);
INSERT INTO vendas_itens (id_venda,id_material_base,id_material_catalogo,quantidade_kg,preco_por_kg) VALUES (1289,2,5,282.21,1.76);
INSERT INTO vendas (id_venda,id_cooperativa,id_comprador,data_venda,valor_total) VALUES (1290,33,55,'2025-11-11 02:43:39',0);
INSERT INTO vendas_itens (id_venda,id_material_base,id_material_catalogo,quantidade_kg,preco_por_kg) VALUES (1290,3,8,550.27,4.12);
INSERT INTO vendas_itens (id_venda,id_material_base,id_material_catalogo,quantidade_kg,preco_por_kg) VALUES (1290,1,2,405.54,1.49);
INSERT INTO vendas (id_venda,id_cooperativa,id_comprador,data_venda,valor_total) VALUES (1291,23,1,'2025-07-12 02:43:39',0);
INSERT INTO vendas_itens (id_venda,id_material_base,id_material_catalogo,quantidade_kg,preco_por_kg) VALUES (1291,3,9,70.51,5.57);
INSERT INTO vendas_itens (id_venda,id_material_base,id_material_catalogo,quantidade_kg,preco_por_kg) VALUES (1291,2,6,285.94,1.47);
INSERT INTO vendas (id_venda,id_cooperativa,id_comprador,data_venda,valor_total) VALUES (1292,23,8,'2025-01-19 02:43:39',0);
INSERT INTO vendas_itens (id_venda,id_material_base,id_material_catalogo,quantidade_kg,preco_por_kg) VALUES (1292,2,4,149.03,1.28);
INSERT INTO vendas_itens (id_venda,id_material_base,id_material_catalogo,quantidade_kg,preco_por_kg) VALUES (1292,2,5,131.46,0.65);
INSERT INTO avaliacoes_compradores (id_venda,pontualidade_pagamento,logistica_entrega,qualidade_negociacao,comentario_livre) VALUES (1292,2,1,4,'');
INSERT INTO vendas (id_venda,id_cooperativa,id_comprador,data_venda,valor_total) VALUES (1293,7,56,'2025-01-10 02:43:39',0);
INSERT INTO vendas_itens (id_venda,id_material_base,id_material_catalogo,quantidade_kg,preco_por_kg) VALUES (1293,2,5,481.27,1.01);
INSERT INTO vendas_itens (id_venda,id_material_base,id_material_catalogo,quantidade_kg,preco_por_kg) VALUES (1293,2,4,273.92,0.61);
INSERT INTO vendas_itens (id_venda,id_material_base,id_material_catalogo,quantidade_kg,preco_por_kg) VALUES (1293,1,3,239.20,2.16);
INSERT INTO vendas (id_venda,id_cooperativa,id_comprador,data_venda,valor_total) VALUES (1294,20,2,'2025-07-02 02:43:39',0);
INSERT INTO vendas_itens (id_venda,id_material_base,id_material_catalogo,quantidade_kg,preco_por_kg) VALUES (1294,3,7,416.06,4.89);
INSERT INTO vendas_itens (id_venda,id_material_base,id_material_catalogo,quantidade_kg,preco_por_kg) VALUES (1294,1,1,394.11,3.52);
INSERT INTO avaliacoes_compradores (id_venda,pontualidade_pagamento,logistica_entrega,qualidade_negociacao,comentario_livre) VALUES (1294,4,5,5,'');
INSERT INTO avaliacao_feedback_selecionado (id_avaliacao,id_feedback_tag) SELECT id_avaliacao,8 FROM avaliacoes_compradores WHERE id_venda=1294;
INSERT INTO vendas (id_venda,id_cooperativa,id_comprador,data_venda,valor_total) VALUES (1295,47,83,'2025-02-09 02:43:39',0);
INSERT INTO vendas_itens (id_venda,id_material_base,id_material_catalogo,quantidade_kg,preco_por_kg) VALUES (1295,3,9,421.96,4.05);
INSERT INTO vendas_itens (id_venda,id_material_base,id_material_catalogo,quantidade_kg,preco_por_kg) VALUES (1295,3,7,219.97,7.58);
INSERT INTO vendas_itens (id_venda,id_material_base,id_material_catalogo,quantidade_kg,preco_por_kg) VALUES (1295,3,7,287.75,6.13);
INSERT INTO avaliacoes_compradores (id_venda,pontualidade_pagamento,logistica_entrega,qualidade_negociacao,comentario_livre) VALUES (1295,5,3,5,'');
INSERT INTO avaliacao_feedback_selecionado (id_avaliacao,id_feedback_tag) SELECT id_avaliacao,11 FROM avaliacoes_compradores WHERE id_venda=1295;
INSERT INTO vendas (id_venda,id_cooperativa,id_comprador,data_venda,valor_total) VALUES (1296,26,14,'2025-10-31 02:43:39',0);
INSERT INTO vendas_itens (id_venda,id_material_base,id_material_catalogo,quantidade_kg,preco_por_kg) VALUES (1296,3,9,438.51,3.76);
INSERT INTO avaliacoes_compradores (id_venda,pontualidade_pagamento,logistica_entrega,qualidade_negociacao,comentario_livre) VALUES (1296,1,5,2,'');
INSERT INTO vendas (id_venda,id_cooperativa,id_comprador,data_venda,valor_total) VALUES (1297,13,70,'2025-01-29 02:43:39',0);
INSERT INTO vendas_itens (id_venda,id_material_base,id_material_catalogo,quantidade_kg,preco_por_kg) VALUES (1297,2,4,115.56,1.55);
INSERT INTO vendas (id_venda,id_cooperativa,id_comprador,data_venda,valor_total) VALUES (1298,6,63,'2025-01-03 02:43:39',0);
INSERT INTO vendas_itens (id_venda,id_material_base,id_material_catalogo,quantidade_kg,preco_por_kg) VALUES (1298,1,3,87.31,2.20);
INSERT INTO vendas_itens (id_venda,id_material_base,id_material_catalogo,quantidade_kg,preco_por_kg) VALUES (1298,3,7,459.56,5.19);
INSERT INTO avaliacoes_compradores (id_venda,pontualidade_pagamento,logistica_entrega,qualidade_negociacao,comentario_livre) VALUES (1298,5,2,4,'');
INSERT INTO vendas (id_venda,id_cooperativa,id_comprador,data_venda,valor_total) VALUES (1299,12,64,'2025-06-25 02:43:39',0);
INSERT INTO vendas_itens (id_venda,id_material_base,id_material_catalogo,quantidade_kg,preco_por_kg) VALUES (1299,3,7,367.51,3.59);
INSERT INTO avaliacoes_compradores (id_venda,pontualidade_pagamento,logistica_entrega,qualidade_negociacao,comentario_livre) VALUES (1299,1,2,4,'');
INSERT INTO vendas (id_venda,id_cooperativa,id_comprador,data_venda,valor_total) VALUES (1300,41,26,'2025-04-27 02:43:39',0);
INSERT INTO vendas_itens (id_venda,id_material_base,id_material_catalogo,quantidade_kg,preco_por_kg) VALUES (1300,1,3,309.92,2.31);
INSERT INTO vendas (id_venda,id_cooperativa,id_comprador,data_venda,valor_total) VALUES (1301,35,41,'2025-08-29 02:43:39',0);
INSERT INTO vendas_itens (id_venda,id_material_base,id_material_catalogo,quantidade_kg,preco_por_kg) VALUES (1301,2,4,155.76,1.26);
INSERT INTO vendas_itens (id_venda,id_material_base,id_material_catalogo,quantidade_kg,preco_por_kg) VALUES (1301,1,3,453.31,1.53);
INSERT INTO vendas_itens (id_venda,id_material_base,id_material_catalogo,quantidade_kg,preco_por_kg) VALUES (1301,2,4,363.93,1.76);
INSERT INTO avaliacoes_compradores (id_venda,pontualidade_pagamento,logistica_entrega,qualidade_negociacao,comentario_livre) VALUES (1301,4,5,5,'');
INSERT INTO avaliacao_feedback_selecionado (id_avaliacao,id_feedback_tag) SELECT id_avaliacao,2 FROM avaliacoes_compradores WHERE id_venda=1301;
INSERT INTO avaliacao_feedback_selecionado (id_avaliacao,id_feedback_tag) SELECT id_avaliacao,8 FROM avaliacoes_compradores WHERE id_venda=1301;
INSERT INTO vendas (id_venda,id_cooperativa,id_comprador,data_venda,valor_total) VALUES (1302,19,66,'2025-01-13 02:43:39',0);
INSERT INTO vendas_itens (id_venda,id_material_base,id_material_catalogo,quantidade_kg,preco_por_kg) VALUES (1302,3,8,262.86,5.57);
INSERT INTO vendas (id_venda,id_cooperativa,id_comprador,data_venda,valor_total) VALUES (1303,25,61,'2025-08-10 02:43:39',0);
INSERT INTO vendas_itens (id_venda,id_material_base,id_material_catalogo,quantidade_kg,preco_por_kg) VALUES (1303,1,2,90.37,3.40);
INSERT INTO vendas_itens (id_venda,id_material_base,id_material_catalogo,quantidade_kg,preco_por_kg) VALUES (1303,1,2,442.66,1.55);
INSERT INTO vendas_itens (id_venda,id_material_base,id_material_catalogo,quantidade_kg,preco_por_kg) VALUES (1303,2,4,541.03,1.45);
INSERT INTO vendas (id_venda,id_cooperativa,id_comprador,data_venda,valor_total) VALUES (1304,16,62,'2025-10-22 02:43:39',0);
INSERT INTO vendas_itens (id_venda,id_material_base,id_material_catalogo,quantidade_kg,preco_por_kg) VALUES (1304,1,2,428.18,1.27);
INSERT INTO vendas (id_venda,id_cooperativa,id_comprador,data_venda,valor_total) VALUES (1305,8,41,'2025-04-30 02:43:39',0);
INSERT INTO vendas_itens (id_venda,id_material_base,id_material_catalogo,quantidade_kg,preco_por_kg) VALUES (1305,2,6,374.88,1.02);
INSERT INTO vendas_itens (id_venda,id_material_base,id_material_catalogo,quantidade_kg,preco_por_kg) VALUES (1305,1,3,55.89,3.85);
INSERT INTO vendas_itens (id_venda,id_material_base,id_material_catalogo,quantidade_kg,preco_por_kg) VALUES (1305,2,6,404.77,1.33);
INSERT INTO vendas (id_venda,id_cooperativa,id_comprador,data_venda,valor_total) VALUES (1306,20,74,'2025-08-14 02:43:39',0);
INSERT INTO vendas_itens (id_venda,id_material_base,id_material_catalogo,quantidade_kg,preco_por_kg) VALUES (1306,1,1,572.63,2.76);
INSERT INTO avaliacoes_compradores (id_venda,pontualidade_pagamento,logistica_entrega,qualidade_negociacao,comentario_livre) VALUES (1306,3,3,2,'');
INSERT INTO vendas (id_venda,id_cooperativa,id_comprador,data_venda,valor_total) VALUES (1307,47,22,'2025-06-20 02:43:39',0);
INSERT INTO vendas_itens (id_venda,id_material_base,id_material_catalogo,quantidade_kg,preco_por_kg) VALUES (1307,3,7,390.25,5.27);
INSERT INTO vendas_itens (id_venda,id_material_base,id_material_catalogo,quantidade_kg,preco_por_kg) VALUES (1307,2,5,369.02,1.37);
INSERT INTO vendas_itens (id_venda,id_material_base,id_material_catalogo,quantidade_kg,preco_por_kg) VALUES (1307,2,4,329.21,1.77);
INSERT INTO vendas (id_venda,id_cooperativa,id_comprador,data_venda,valor_total) VALUES (1308,49,89,'2025-10-01 02:43:39',0);
INSERT INTO vendas_itens (id_venda,id_material_base,id_material_catalogo,quantidade_kg,preco_por_kg) VALUES (1308,2,4,537.18,1.29);
INSERT INTO vendas_itens (id_venda,id_material_base,id_material_catalogo,quantidade_kg,preco_por_kg) VALUES (1308,1,2,65.08,2.70);
INSERT INTO vendas_itens (id_venda,id_material_base,id_material_catalogo,quantidade_kg,preco_por_kg) VALUES (1308,2,6,190.80,1.68);
INSERT INTO vendas (id_venda,id_cooperativa,id_comprador,data_venda,valor_total) VALUES (1309,39,75,'2025-08-17 02:43:39',0);
INSERT INTO vendas_itens (id_venda,id_material_base,id_material_catalogo,quantidade_kg,preco_por_kg) VALUES (1309,2,5,474.20,1.30);
INSERT INTO vendas_itens (id_venda,id_material_base,id_material_catalogo,quantidade_kg,preco_por_kg) VALUES (1309,3,9,62.88,6.48);
INSERT INTO vendas_itens (id_venda,id_material_base,id_material_catalogo,quantidade_kg,preco_por_kg) VALUES (1309,3,9,345.96,7.94);
INSERT INTO vendas (id_venda,id_cooperativa,id_comprador,data_venda,valor_total) VALUES (1310,33,32,'2025-11-12 02:43:39',0);
INSERT INTO vendas_itens (id_venda,id_material_base,id_material_catalogo,quantidade_kg,preco_por_kg) VALUES (1310,1,1,536.58,1.32);
INSERT INTO vendas (id_venda,id_cooperativa,id_comprador,data_venda,valor_total) VALUES (1311,20,35,'2025-07-21 02:43:39',0);
INSERT INTO vendas_itens (id_venda,id_material_base,id_material_catalogo,quantidade_kg,preco_por_kg) VALUES (1311,1,3,169.46,1.85);
INSERT INTO vendas_itens (id_venda,id_material_base,id_material_catalogo,quantidade_kg,preco_por_kg) VALUES (1311,2,6,490.50,0.88);
INSERT INTO avaliacoes_compradores (id_venda,pontualidade_pagamento,logistica_entrega,qualidade_negociacao,comentario_livre) VALUES (1311,4,2,3,'');
INSERT INTO vendas (id_venda,id_cooperativa,id_comprador,data_venda,valor_total) VALUES (1312,49,81,'2025-02-19 02:43:39',0);
INSERT INTO vendas_itens (id_venda,id_material_base,id_material_catalogo,quantidade_kg,preco_por_kg) VALUES (1312,3,9,274.29,6.98);
INSERT INTO vendas_itens (id_venda,id_material_base,id_material_catalogo,quantidade_kg,preco_por_kg) VALUES (1312,1,3,101.90,1.59);
INSERT INTO vendas (id_venda,id_cooperativa,id_comprador,data_venda,valor_total) VALUES (1313,1,39,'2024-12-10 02:43:39',0);
INSERT INTO vendas_itens (id_venda,id_material_base,id_material_catalogo,quantidade_kg,preco_por_kg) VALUES (1313,2,5,91.26,1.48);
INSERT INTO vendas_itens (id_venda,id_material_base,id_material_catalogo,quantidade_kg,preco_por_kg) VALUES (1313,3,9,408.74,3.52);
INSERT INTO vendas_itens (id_venda,id_material_base,id_material_catalogo,quantidade_kg,preco_por_kg) VALUES (1313,3,7,314.95,3.22);
INSERT INTO avaliacoes_compradores (id_venda,pontualidade_pagamento,logistica_entrega,qualidade_negociacao,comentario_livre) VALUES (1313,3,1,4,'');
INSERT INTO vendas (id_venda,id_cooperativa,id_comprador,data_venda,valor_total) VALUES (1314,9,82,'2025-09-13 02:43:39',0);
INSERT INTO vendas_itens (id_venda,id_material_base,id_material_catalogo,quantidade_kg,preco_por_kg) VALUES (1314,1,1,441.78,1.74);
INSERT INTO avaliacoes_compradores (id_venda,pontualidade_pagamento,logistica_entrega,qualidade_negociacao,comentario_livre) VALUES (1314,2,5,3,'');
INSERT INTO vendas (id_venda,id_cooperativa,id_comprador,data_venda,valor_total) VALUES (1315,23,80,'2025-03-03 02:43:39',0);
INSERT INTO vendas_itens (id_venda,id_material_base,id_material_catalogo,quantidade_kg,preco_por_kg) VALUES (1315,3,9,229.35,3.56);
INSERT INTO vendas_itens (id_venda,id_material_base,id_material_catalogo,quantidade_kg,preco_por_kg) VALUES (1315,1,2,402.68,2.51);
INSERT INTO avaliacoes_compradores (id_venda,pontualidade_pagamento,logistica_entrega,qualidade_negociacao,comentario_livre) VALUES (1315,4,1,2,'');
INSERT INTO vendas (id_venda,id_cooperativa,id_comprador,data_venda,valor_total) VALUES (1316,9,99,'2025-03-03 02:43:39',0);
INSERT INTO vendas_itens (id_venda,id_material_base,id_material_catalogo,quantidade_kg,preco_por_kg) VALUES (1316,2,4,507.00,0.81);
INSERT INTO avaliacoes_compradores (id_venda,pontualidade_pagamento,logistica_entrega,qualidade_negociacao,comentario_livre) VALUES (1316,5,3,2,'');
INSERT INTO vendas (id_venda,id_cooperativa,id_comprador,data_venda,valor_total) VALUES (1317,30,91,'2025-10-25 02:43:39',0);
INSERT INTO vendas_itens (id_venda,id_material_base,id_material_catalogo,quantidade_kg,preco_por_kg) VALUES (1317,3,7,349.74,5.15);
INSERT INTO vendas (id_venda,id_cooperativa,id_comprador,data_venda,valor_total) VALUES (1318,2,69,'2025-10-26 02:43:39',0);
INSERT INTO vendas_itens (id_venda,id_material_base,id_material_catalogo,quantidade_kg,preco_por_kg) VALUES (1318,2,5,561.53,1.20);
INSERT INTO vendas_itens (id_venda,id_material_base,id_material_catalogo,quantidade_kg,preco_por_kg) VALUES (1318,1,3,463.86,2.92);
INSERT INTO vendas_itens (id_venda,id_material_base,id_material_catalogo,quantidade_kg,preco_por_kg) VALUES (1318,2,6,208.51,1.48);
INSERT INTO vendas (id_venda,id_cooperativa,id_comprador,data_venda,valor_total) VALUES (1319,39,85,'2025-05-18 02:43:39',0);
INSERT INTO vendas_itens (id_venda,id_material_base,id_material_catalogo,quantidade_kg,preco_por_kg) VALUES (1319,2,4,522.85,0.85);
INSERT INTO avaliacoes_compradores (id_venda,pontualidade_pagamento,logistica_entrega,qualidade_negociacao,comentario_livre) VALUES (1319,5,1,1,'');
INSERT INTO vendas (id_venda,id_cooperativa,id_comprador,data_venda,valor_total) VALUES (1320,30,14,'2025-03-01 02:43:39',0);
INSERT INTO vendas_itens (id_venda,id_material_base,id_material_catalogo,quantidade_kg,preco_por_kg) VALUES (1320,3,8,382.52,3.16);
INSERT INTO vendas_itens (id_venda,id_material_base,id_material_catalogo,quantidade_kg,preco_por_kg) VALUES (1320,1,2,100.92,2.65);
INSERT INTO vendas_itens (id_venda,id_material_base,id_material_catalogo,quantidade_kg,preco_por_kg) VALUES (1320,3,8,432.60,3.09);
INSERT INTO vendas (id_venda,id_cooperativa,id_comprador,data_venda,valor_total) VALUES (1321,34,15,'2025-11-07 02:43:39',0);
INSERT INTO vendas_itens (id_venda,id_material_base,id_material_catalogo,quantidade_kg,preco_por_kg) VALUES (1321,1,3,278.04,1.77);
INSERT INTO vendas_itens (id_venda,id_material_base,id_material_catalogo,quantidade_kg,preco_por_kg) VALUES (1321,2,4,397.94,1.74);
INSERT INTO vendas_itens (id_venda,id_material_base,id_material_catalogo,quantidade_kg,preco_por_kg) VALUES (1321,1,3,341.01,3.90);
INSERT INTO vendas (id_venda,id_cooperativa,id_comprador,data_venda,valor_total) VALUES (1322,8,46,'2025-04-21 02:43:39',0);
INSERT INTO vendas_itens (id_venda,id_material_base,id_material_catalogo,quantidade_kg,preco_por_kg) VALUES (1322,2,6,523.34,1.56);
INSERT INTO vendas (id_venda,id_cooperativa,id_comprador,data_venda,valor_total) VALUES (1323,30,17,'2025-03-29 02:43:39',0);
INSERT INTO vendas_itens (id_venda,id_material_base,id_material_catalogo,quantidade_kg,preco_por_kg) VALUES (1323,2,5,411.25,1.47);
INSERT INTO vendas_itens (id_venda,id_material_base,id_material_catalogo,quantidade_kg,preco_por_kg) VALUES (1323,3,8,328.20,6.20);
INSERT INTO vendas_itens (id_venda,id_material_base,id_material_catalogo,quantidade_kg,preco_por_kg) VALUES (1323,1,1,405.76,3.50);
INSERT INTO avaliacoes_compradores (id_venda,pontualidade_pagamento,logistica_entrega,qualidade_negociacao,comentario_livre) VALUES (1323,5,5,3,'');
INSERT INTO avaliacao_feedback_selecionado (id_avaliacao,id_feedback_tag) SELECT id_avaliacao,8 FROM avaliacoes_compradores WHERE id_venda=1323;
INSERT INTO avaliacao_feedback_selecionado (id_avaliacao,id_feedback_tag) SELECT id_avaliacao,9 FROM avaliacoes_compradores WHERE id_venda=1323;
INSERT INTO avaliacao_feedback_selecionado (id_avaliacao,id_feedback_tag) SELECT id_avaliacao,11 FROM avaliacoes_compradores WHERE id_venda=1323;
INSERT INTO vendas (id_venda,id_cooperativa,id_comprador,data_venda,valor_total) VALUES (1324,16,4,'2025-07-06 02:43:39',0);
INSERT INTO vendas_itens (id_venda,id_material_base,id_material_catalogo,quantidade_kg,preco_por_kg) VALUES (1324,3,9,230.40,4.00);
INSERT INTO vendas (id_venda,id_cooperativa,id_comprador,data_venda,valor_total) VALUES (1325,24,17,'2025-05-20 02:43:39',0);
INSERT INTO vendas_itens (id_venda,id_material_base,id_material_catalogo,quantidade_kg,preco_por_kg) VALUES (1325,1,3,225.76,1.62);
INSERT INTO vendas_itens (id_venda,id_material_base,id_material_catalogo,quantidade_kg,preco_por_kg) VALUES (1325,1,2,531.60,1.84);
INSERT INTO vendas (id_venda,id_cooperativa,id_comprador,data_venda,valor_total) VALUES (1326,36,21,'2025-08-12 02:43:39',0);
INSERT INTO vendas_itens (id_venda,id_material_base,id_material_catalogo,quantidade_kg,preco_por_kg) VALUES (1326,2,4,454.72,1.77);
INSERT INTO avaliacoes_compradores (id_venda,pontualidade_pagamento,logistica_entrega,qualidade_negociacao,comentario_livre) VALUES (1326,2,4,1,'');
INSERT INTO vendas (id_venda,id_cooperativa,id_comprador,data_venda,valor_total) VALUES (1327,44,64,'2025-11-10 02:43:39',0);
INSERT INTO vendas_itens (id_venda,id_material_base,id_material_catalogo,quantidade_kg,preco_por_kg) VALUES (1327,1,1,408.33,1.47);
INSERT INTO vendas_itens (id_venda,id_material_base,id_material_catalogo,quantidade_kg,preco_por_kg) VALUES (1327,1,2,97.23,1.90);
INSERT INTO vendas_itens (id_venda,id_material_base,id_material_catalogo,quantidade_kg,preco_por_kg) VALUES (1327,3,7,50.15,7.96);
INSERT INTO avaliacoes_compradores (id_venda,pontualidade_pagamento,logistica_entrega,qualidade_negociacao,comentario_livre) VALUES (1327,3,1,5,'');
INSERT INTO vendas (id_venda,id_cooperativa,id_comprador,data_venda,valor_total) VALUES (1328,39,65,'2025-07-18 02:43:39',0);
INSERT INTO vendas_itens (id_venda,id_material_base,id_material_catalogo,quantidade_kg,preco_por_kg) VALUES (1328,1,3,474.25,3.55);
INSERT INTO vendas_itens (id_venda,id_material_base,id_material_catalogo,quantidade_kg,preco_por_kg) VALUES (1328,2,5,293.44,0.54);
INSERT INTO vendas (id_venda,id_cooperativa,id_comprador,data_venda,valor_total) VALUES (1329,17,87,'2025-02-05 02:43:39',0);
INSERT INTO vendas_itens (id_venda,id_material_base,id_material_catalogo,quantidade_kg,preco_por_kg) VALUES (1329,3,9,43.35,3.37);
INSERT INTO vendas (id_venda,id_cooperativa,id_comprador,data_venda,valor_total) VALUES (1330,29,92,'2025-10-10 02:43:39',0);
INSERT INTO vendas_itens (id_venda,id_material_base,id_material_catalogo,quantidade_kg,preco_por_kg) VALUES (1330,2,6,157.20,1.22);
INSERT INTO vendas_itens (id_venda,id_material_base,id_material_catalogo,quantidade_kg,preco_por_kg) VALUES (1330,1,1,585.50,3.72);
INSERT INTO vendas_itens (id_venda,id_material_base,id_material_catalogo,quantidade_kg,preco_por_kg) VALUES (1330,2,6,529.64,0.94);
INSERT INTO avaliacoes_compradores (id_venda,pontualidade_pagamento,logistica_entrega,qualidade_negociacao,comentario_livre) VALUES (1330,1,2,5,'');
INSERT INTO vendas (id_venda,id_cooperativa,id_comprador,data_venda,valor_total) VALUES (1331,46,64,'2025-01-12 02:43:39',0);
INSERT INTO vendas_itens (id_venda,id_material_base,id_material_catalogo,quantidade_kg,preco_por_kg) VALUES (1331,2,5,527.81,1.50);
INSERT INTO vendas (id_venda,id_cooperativa,id_comprador,data_venda,valor_total) VALUES (1332,14,31,'2025-08-03 02:43:39',0);
INSERT INTO vendas_itens (id_venda,id_material_base,id_material_catalogo,quantidade_kg,preco_por_kg) VALUES (1332,1,2,461.51,3.07);
INSERT INTO vendas_itens (id_venda,id_material_base,id_material_catalogo,quantidade_kg,preco_por_kg) VALUES (1332,1,2,186.27,2.25);
INSERT INTO avaliacoes_compradores (id_venda,pontualidade_pagamento,logistica_entrega,qualidade_negociacao,comentario_livre) VALUES (1332,3,2,4,'');
INSERT INTO vendas (id_venda,id_cooperativa,id_comprador,data_venda,valor_total) VALUES (1333,4,58,'2025-07-15 02:43:39',0);
INSERT INTO vendas_itens (id_venda,id_material_base,id_material_catalogo,quantidade_kg,preco_por_kg) VALUES (1333,3,9,185.25,3.60);
INSERT INTO vendas_itens (id_venda,id_material_base,id_material_catalogo,quantidade_kg,preco_por_kg) VALUES (1333,1,2,441.66,3.84);
INSERT INTO avaliacoes_compradores (id_venda,pontualidade_pagamento,logistica_entrega,qualidade_negociacao,comentario_livre) VALUES (1333,4,2,3,'');
INSERT INTO vendas (id_venda,id_cooperativa,id_comprador,data_venda,valor_total) VALUES (1334,50,3,'2024-12-24 02:43:39',0);
INSERT INTO vendas_itens (id_venda,id_material_base,id_material_catalogo,quantidade_kg,preco_por_kg) VALUES (1334,2,5,493.02,1.62);
INSERT INTO vendas_itens (id_venda,id_material_base,id_material_catalogo,quantidade_kg,preco_por_kg) VALUES (1334,3,8,214.00,6.85);
INSERT INTO vendas_itens (id_venda,id_material_base,id_material_catalogo,quantidade_kg,preco_por_kg) VALUES (1334,3,9,484.53,3.32);
INSERT INTO avaliacoes_compradores (id_venda,pontualidade_pagamento,logistica_entrega,qualidade_negociacao,comentario_livre) VALUES (1334,2,3,5,'');
INSERT INTO vendas (id_venda,id_cooperativa,id_comprador,data_venda,valor_total) VALUES (1335,17,6,'2024-11-18 02:43:39',0);
INSERT INTO vendas_itens (id_venda,id_material_base,id_material_catalogo,quantidade_kg,preco_por_kg) VALUES (1335,2,4,550.19,1.62);
INSERT INTO vendas_itens (id_venda,id_material_base,id_material_catalogo,quantidade_kg,preco_por_kg) VALUES (1335,2,5,573.17,0.50);
INSERT INTO vendas_itens (id_venda,id_material_base,id_material_catalogo,quantidade_kg,preco_por_kg) VALUES (1335,2,6,305.65,1.74);
INSERT INTO avaliacoes_compradores (id_venda,pontualidade_pagamento,logistica_entrega,qualidade_negociacao,comentario_livre) VALUES (1335,2,5,2,'');
INSERT INTO vendas (id_venda,id_cooperativa,id_comprador,data_venda,valor_total) VALUES (1336,50,84,'2024-11-28 02:43:39',0);
INSERT INTO vendas_itens (id_venda,id_material_base,id_material_catalogo,quantidade_kg,preco_por_kg) VALUES (1336,3,7,211.80,4.87);
INSERT INTO vendas_itens (id_venda,id_material_base,id_material_catalogo,quantidade_kg,preco_por_kg) VALUES (1336,2,5,277.87,1.57);
INSERT INTO vendas_itens (id_venda,id_material_base,id_material_catalogo,quantidade_kg,preco_por_kg) VALUES (1336,3,8,249.81,7.80);
INSERT INTO avaliacoes_compradores (id_venda,pontualidade_pagamento,logistica_entrega,qualidade_negociacao,comentario_livre) VALUES (1336,5,5,1,'');
INSERT INTO vendas (id_venda,id_cooperativa,id_comprador,data_venda,valor_total) VALUES (1337,7,28,'2025-01-11 02:43:39',0);
INSERT INTO vendas_itens (id_venda,id_material_base,id_material_catalogo,quantidade_kg,preco_por_kg) VALUES (1337,2,4,339.97,1.25);
INSERT INTO vendas_itens (id_venda,id_material_base,id_material_catalogo,quantidade_kg,preco_por_kg) VALUES (1337,1,2,247.94,2.88);
INSERT INTO avaliacoes_compradores (id_venda,pontualidade_pagamento,logistica_entrega,qualidade_negociacao,comentario_livre) VALUES (1337,4,1,3,'');
INSERT INTO vendas (id_venda,id_cooperativa,id_comprador,data_venda,valor_total) VALUES (1338,39,95,'2024-12-05 02:43:39',0);
INSERT INTO vendas_itens (id_venda,id_material_base,id_material_catalogo,quantidade_kg,preco_por_kg) VALUES (1338,3,8,363.10,4.23);
INSERT INTO vendas_itens (id_venda,id_material_base,id_material_catalogo,quantidade_kg,preco_por_kg) VALUES (1338,2,4,119.06,1.63);
INSERT INTO vendas_itens (id_venda,id_material_base,id_material_catalogo,quantidade_kg,preco_por_kg) VALUES (1338,3,8,146.15,4.17);
INSERT INTO avaliacoes_compradores (id_venda,pontualidade_pagamento,logistica_entrega,qualidade_negociacao,comentario_livre) VALUES (1338,2,5,2,'');
INSERT INTO vendas (id_venda,id_cooperativa,id_comprador,data_venda,valor_total) VALUES (1339,11,87,'2025-01-10 02:43:39',0);
INSERT INTO vendas_itens (id_venda,id_material_base,id_material_catalogo,quantidade_kg,preco_por_kg) VALUES (1339,3,9,216.79,3.51);
INSERT INTO vendas_itens (id_venda,id_material_base,id_material_catalogo,quantidade_kg,preco_por_kg) VALUES (1339,1,3,356.13,3.59);
INSERT INTO vendas (id_venda,id_cooperativa,id_comprador,data_venda,valor_total) VALUES (1340,46,75,'2025-02-03 02:43:39',0);
INSERT INTO vendas_itens (id_venda,id_material_base,id_material_catalogo,quantidade_kg,preco_por_kg) VALUES (1340,1,2,395.51,1.84);
INSERT INTO vendas_itens (id_venda,id_material_base,id_material_catalogo,quantidade_kg,preco_por_kg) VALUES (1340,2,5,361.79,1.43);
INSERT INTO avaliacoes_compradores (id_venda,pontualidade_pagamento,logistica_entrega,qualidade_negociacao,comentario_livre) VALUES (1340,3,1,5,'');
INSERT INTO vendas (id_venda,id_cooperativa,id_comprador,data_venda,valor_total) VALUES (1341,43,88,'2025-10-15 02:43:39',0);
INSERT INTO vendas_itens (id_venda,id_material_base,id_material_catalogo,quantidade_kg,preco_por_kg) VALUES (1341,3,7,111.63,5.88);
INSERT INTO vendas_itens (id_venda,id_material_base,id_material_catalogo,quantidade_kg,preco_por_kg) VALUES (1341,2,6,382.73,0.96);
INSERT INTO vendas (id_venda,id_cooperativa,id_comprador,data_venda,valor_total) VALUES (1342,24,17,'2025-10-20 02:43:39',0);
INSERT INTO vendas_itens (id_venda,id_material_base,id_material_catalogo,quantidade_kg,preco_por_kg) VALUES (1342,1,1,445.55,3.49);
INSERT INTO vendas_itens (id_venda,id_material_base,id_material_catalogo,quantidade_kg,preco_por_kg) VALUES (1342,2,5,237.68,1.46);
INSERT INTO vendas_itens (id_venda,id_material_base,id_material_catalogo,quantidade_kg,preco_por_kg) VALUES (1342,3,9,164.78,3.76);
INSERT INTO vendas (id_venda,id_cooperativa,id_comprador,data_venda,valor_total) VALUES (1343,24,37,'2025-01-07 02:43:39',0);
INSERT INTO vendas_itens (id_venda,id_material_base,id_material_catalogo,quantidade_kg,preco_por_kg) VALUES (1343,2,4,267.88,0.52);
INSERT INTO vendas_itens (id_venda,id_material_base,id_material_catalogo,quantidade_kg,preco_por_kg) VALUES (1343,2,4,60.98,1.67);
INSERT INTO vendas_itens (id_venda,id_material_base,id_material_catalogo,quantidade_kg,preco_por_kg) VALUES (1343,1,2,399.63,1.47);
INSERT INTO vendas (id_venda,id_cooperativa,id_comprador,data_venda,valor_total) VALUES (1344,50,11,'2025-08-30 02:43:39',0);
INSERT INTO vendas_itens (id_venda,id_material_base,id_material_catalogo,quantidade_kg,preco_por_kg) VALUES (1344,1,3,485.18,1.54);
INSERT INTO vendas_itens (id_venda,id_material_base,id_material_catalogo,quantidade_kg,preco_por_kg) VALUES (1344,2,4,99.94,0.67);
INSERT INTO avaliacoes_compradores (id_venda,pontualidade_pagamento,logistica_entrega,qualidade_negociacao,comentario_livre) VALUES (1344,3,5,1,'');
INSERT INTO vendas (id_venda,id_cooperativa,id_comprador,data_venda,valor_total) VALUES (1345,19,24,'2025-07-29 02:43:39',0);
INSERT INTO vendas_itens (id_venda,id_material_base,id_material_catalogo,quantidade_kg,preco_por_kg) VALUES (1345,2,5,73.85,1.33);
INSERT INTO vendas_itens (id_venda,id_material_base,id_material_catalogo,quantidade_kg,preco_por_kg) VALUES (1345,1,2,200.76,1.69);
INSERT INTO vendas (id_venda,id_cooperativa,id_comprador,data_venda,valor_total) VALUES (1346,41,32,'2025-07-11 02:43:39',0);
INSERT INTO vendas_itens (id_venda,id_material_base,id_material_catalogo,quantidade_kg,preco_por_kg) VALUES (1346,1,2,59.92,2.30);
INSERT INTO vendas_itens (id_venda,id_material_base,id_material_catalogo,quantidade_kg,preco_por_kg) VALUES (1346,1,1,77.77,3.50);
INSERT INTO avaliacoes_compradores (id_venda,pontualidade_pagamento,logistica_entrega,qualidade_negociacao,comentario_livre) VALUES (1346,4,4,2,'');
INSERT INTO vendas (id_venda,id_cooperativa,id_comprador,data_venda,valor_total) VALUES (1347,50,69,'2025-07-03 02:43:39',0);
INSERT INTO vendas_itens (id_venda,id_material_base,id_material_catalogo,quantidade_kg,preco_por_kg) VALUES (1347,3,7,231.16,6.50);
INSERT INTO vendas_itens (id_venda,id_material_base,id_material_catalogo,quantidade_kg,preco_por_kg) VALUES (1347,2,6,521.82,1.75);
INSERT INTO vendas_itens (id_venda,id_material_base,id_material_catalogo,quantidade_kg,preco_por_kg) VALUES (1347,1,3,479.34,1.40);
INSERT INTO vendas (id_venda,id_cooperativa,id_comprador,data_venda,valor_total) VALUES (1348,37,91,'2025-04-07 02:43:39',0);
INSERT INTO vendas_itens (id_venda,id_material_base,id_material_catalogo,quantidade_kg,preco_por_kg) VALUES (1348,1,2,95.47,3.06);
INSERT INTO vendas_itens (id_venda,id_material_base,id_material_catalogo,quantidade_kg,preco_por_kg) VALUES (1348,2,5,493.83,0.84);
INSERT INTO avaliacoes_compradores (id_venda,pontualidade_pagamento,logistica_entrega,qualidade_negociacao,comentario_livre) VALUES (1348,2,3,5,'');
INSERT INTO vendas (id_venda,id_cooperativa,id_comprador,data_venda,valor_total) VALUES (1349,32,67,'2025-10-18 02:43:39',0);
INSERT INTO vendas_itens (id_venda,id_material_base,id_material_catalogo,quantidade_kg,preco_por_kg) VALUES (1349,1,1,68.53,2.90);
INSERT INTO vendas_itens (id_venda,id_material_base,id_material_catalogo,quantidade_kg,preco_por_kg) VALUES (1349,2,4,186.49,1.18);
INSERT INTO vendas (id_venda,id_cooperativa,id_comprador,data_venda,valor_total) VALUES (1350,24,81,'2025-10-23 02:43:39',0);
INSERT INTO vendas_itens (id_venda,id_material_base,id_material_catalogo,quantidade_kg,preco_por_kg) VALUES (1350,3,8,376.64,5.43);
INSERT INTO vendas_itens (id_venda,id_material_base,id_material_catalogo,quantidade_kg,preco_por_kg) VALUES (1350,2,5,64.94,1.30);
INSERT INTO vendas_itens (id_venda,id_material_base,id_material_catalogo,quantidade_kg,preco_por_kg) VALUES (1350,3,9,482.76,4.08);
INSERT INTO avaliacoes_compradores (id_venda,pontualidade_pagamento,logistica_entrega,qualidade_negociacao,comentario_livre) VALUES (1350,5,2,5,'');
INSERT INTO avaliacao_feedback_selecionado (id_avaliacao,id_feedback_tag) SELECT id_avaliacao,5 FROM avaliacoes_compradores WHERE id_venda=1350;
INSERT INTO avaliacao_feedback_selecionado (id_avaliacao,id_feedback_tag) SELECT id_avaliacao,10 FROM avaliacoes_compradores WHERE id_venda=1350;
INSERT INTO vendas (id_venda,id_cooperativa,id_comprador,data_venda,valor_total) VALUES (1351,4,81,'2025-09-05 02:43:39',0);
INSERT INTO vendas_itens (id_venda,id_material_base,id_material_catalogo,quantidade_kg,preco_por_kg) VALUES (1351,2,6,312.75,1.51);
INSERT INTO vendas_itens (id_venda,id_material_base,id_material_catalogo,quantidade_kg,preco_por_kg) VALUES (1351,1,2,523.25,3.55);
INSERT INTO vendas (id_venda,id_cooperativa,id_comprador,data_venda,valor_total) VALUES (1352,47,57,'2025-02-04 02:43:39',0);
INSERT INTO vendas_itens (id_venda,id_material_base,id_material_catalogo,quantidade_kg,preco_por_kg) VALUES (1352,3,8,309.51,7.00);
INSERT INTO avaliacoes_compradores (id_venda,pontualidade_pagamento,logistica_entrega,qualidade_negociacao,comentario_livre) VALUES (1352,1,1,2,'');
INSERT INTO avaliacao_feedback_selecionado (id_avaliacao,id_feedback_tag) SELECT id_avaliacao,19 FROM avaliacoes_compradores WHERE id_venda=1352;
INSERT INTO vendas (id_venda,id_cooperativa,id_comprador,data_venda,valor_total) VALUES (1353,1,29,'2024-12-11 02:43:39',0);
INSERT INTO vendas_itens (id_venda,id_material_base,id_material_catalogo,quantidade_kg,preco_por_kg) VALUES (1353,3,7,135.97,3.65);
INSERT INTO vendas_itens (id_venda,id_material_base,id_material_catalogo,quantidade_kg,preco_por_kg) VALUES (1353,2,6,150.54,0.80);
INSERT INTO vendas_itens (id_venda,id_material_base,id_material_catalogo,quantidade_kg,preco_por_kg) VALUES (1353,2,5,137.65,0.85);
INSERT INTO vendas (id_venda,id_cooperativa,id_comprador,data_venda,valor_total) VALUES (1354,21,66,'2024-12-15 02:43:39',0);
INSERT INTO vendas_itens (id_venda,id_material_base,id_material_catalogo,quantidade_kg,preco_por_kg) VALUES (1354,3,8,494.74,3.18);
INSERT INTO avaliacoes_compradores (id_venda,pontualidade_pagamento,logistica_entrega,qualidade_negociacao,comentario_livre) VALUES (1354,1,2,1,'');
INSERT INTO avaliacao_feedback_selecionado (id_avaliacao,id_feedback_tag) SELECT id_avaliacao,13 FROM avaliacoes_compradores WHERE id_venda=1354;
INSERT INTO avaliacao_feedback_selecionado (id_avaliacao,id_feedback_tag) SELECT id_avaliacao,19 FROM avaliacoes_compradores WHERE id_venda=1354;
INSERT INTO avaliacao_feedback_selecionado (id_avaliacao,id_feedback_tag) SELECT id_avaliacao,18 FROM avaliacoes_compradores WHERE id_venda=1354;
INSERT INTO vendas (id_venda,id_cooperativa,id_comprador,data_venda,valor_total) VALUES (1355,48,87,'2025-03-13 02:43:39',0);
INSERT INTO vendas_itens (id_venda,id_material_base,id_material_catalogo,quantidade_kg,preco_por_kg) VALUES (1355,1,3,556.93,3.87);
INSERT INTO vendas_itens (id_venda,id_material_base,id_material_catalogo,quantidade_kg,preco_por_kg) VALUES (1355,3,8,457.07,6.17);
INSERT INTO avaliacoes_compradores (id_venda,pontualidade_pagamento,logistica_entrega,qualidade_negociacao,comentario_livre) VALUES (1355,3,2,2,'');
INSERT INTO vendas (id_venda,id_cooperativa,id_comprador,data_venda,valor_total) VALUES (1356,16,74,'2025-03-20 02:43:39',0);
INSERT INTO vendas_itens (id_venda,id_material_base,id_material_catalogo,quantidade_kg,preco_por_kg) VALUES (1356,3,7,125.91,5.94);
INSERT INTO vendas (id_venda,id_cooperativa,id_comprador,data_venda,valor_total) VALUES (1357,28,73,'2025-08-16 02:43:39',0);
INSERT INTO vendas_itens (id_venda,id_material_base,id_material_catalogo,quantidade_kg,preco_por_kg) VALUES (1357,1,2,349.00,1.72);
INSERT INTO vendas_itens (id_venda,id_material_base,id_material_catalogo,quantidade_kg,preco_por_kg) VALUES (1357,1,2,488.58,2.41);
INSERT INTO avaliacoes_compradores (id_venda,pontualidade_pagamento,logistica_entrega,qualidade_negociacao,comentario_livre) VALUES (1357,3,3,2,'');
INSERT INTO vendas (id_venda,id_cooperativa,id_comprador,data_venda,valor_total) VALUES (1358,25,81,'2025-08-03 02:43:39',0);
INSERT INTO vendas_itens (id_venda,id_material_base,id_material_catalogo,quantidade_kg,preco_por_kg) VALUES (1358,3,9,339.95,5.12);
INSERT INTO avaliacoes_compradores (id_venda,pontualidade_pagamento,logistica_entrega,qualidade_negociacao,comentario_livre) VALUES (1358,3,2,1,'');
INSERT INTO avaliacao_feedback_selecionado (id_avaliacao,id_feedback_tag) SELECT id_avaliacao,18 FROM avaliacoes_compradores WHERE id_venda=1358;
INSERT INTO avaliacao_feedback_selecionado (id_avaliacao,id_feedback_tag) SELECT id_avaliacao,16 FROM avaliacoes_compradores WHERE id_venda=1358;
INSERT INTO avaliacao_feedback_selecionado (id_avaliacao,id_feedback_tag) SELECT id_avaliacao,13 FROM avaliacoes_compradores WHERE id_venda=1358;
INSERT INTO vendas (id_venda,id_cooperativa,id_comprador,data_venda,valor_total) VALUES (1359,39,15,'2025-04-29 02:43:39',0);
INSERT INTO vendas_itens (id_venda,id_material_base,id_material_catalogo,quantidade_kg,preco_por_kg) VALUES (1359,1,1,298.12,3.32);
INSERT INTO avaliacoes_compradores (id_venda,pontualidade_pagamento,logistica_entrega,qualidade_negociacao,comentario_livre) VALUES (1359,5,3,4,'');
INSERT INTO avaliacao_feedback_selecionado (id_avaliacao,id_feedback_tag) SELECT id_avaliacao,9 FROM avaliacoes_compradores WHERE id_venda=1359;
INSERT INTO avaliacao_feedback_selecionado (id_avaliacao,id_feedback_tag) SELECT id_avaliacao,6 FROM avaliacoes_compradores WHERE id_venda=1359;
INSERT INTO vendas (id_venda,id_cooperativa,id_comprador,data_venda,valor_total) VALUES (1360,46,65,'2025-04-13 02:43:39',0);
INSERT INTO vendas_itens (id_venda,id_material_base,id_material_catalogo,quantidade_kg,preco_por_kg) VALUES (1360,1,3,169.49,3.10);
INSERT INTO avaliacoes_compradores (id_venda,pontualidade_pagamento,logistica_entrega,qualidade_negociacao,comentario_livre) VALUES (1360,2,3,5,'');
INSERT INTO vendas (id_venda,id_cooperativa,id_comprador,data_venda,valor_total) VALUES (1361,16,3,'2025-08-11 02:43:39',0);
INSERT INTO vendas_itens (id_venda,id_material_base,id_material_catalogo,quantidade_kg,preco_por_kg) VALUES (1361,2,6,504.92,1.79);
INSERT INTO vendas_itens (id_venda,id_material_base,id_material_catalogo,quantidade_kg,preco_por_kg) VALUES (1361,3,8,554.19,3.23);
INSERT INTO vendas_itens (id_venda,id_material_base,id_material_catalogo,quantidade_kg,preco_por_kg) VALUES (1361,1,3,423.99,1.65);
INSERT INTO avaliacoes_compradores (id_venda,pontualidade_pagamento,logistica_entrega,qualidade_negociacao,comentario_livre) VALUES (1361,2,5,1,'');
INSERT INTO vendas (id_venda,id_cooperativa,id_comprador,data_venda,valor_total) VALUES (1362,3,45,'2025-10-19 02:43:39',0);
INSERT INTO vendas_itens (id_venda,id_material_base,id_material_catalogo,quantidade_kg,preco_por_kg) VALUES (1362,3,8,526.09,2.53);
INSERT INTO vendas_itens (id_venda,id_material_base,id_material_catalogo,quantidade_kg,preco_por_kg) VALUES (1362,1,2,91.49,3.37);
INSERT INTO vendas_itens (id_venda,id_material_base,id_material_catalogo,quantidade_kg,preco_por_kg) VALUES (1362,2,5,339.68,1.31);
INSERT INTO avaliacoes_compradores (id_venda,pontualidade_pagamento,logistica_entrega,qualidade_negociacao,comentario_livre) VALUES (1362,3,4,5,'');
INSERT INTO avaliacao_feedback_selecionado (id_avaliacao,id_feedback_tag) SELECT id_avaliacao,5 FROM avaliacoes_compradores WHERE id_venda=1362;
INSERT INTO avaliacao_feedback_selecionado (id_avaliacao,id_feedback_tag) SELECT id_avaliacao,10 FROM avaliacoes_compradores WHERE id_venda=1362;
INSERT INTO vendas (id_venda,id_cooperativa,id_comprador,data_venda,valor_total) VALUES (1363,31,36,'2025-05-24 02:43:39',0);
INSERT INTO vendas_itens (id_venda,id_material_base,id_material_catalogo,quantidade_kg,preco_por_kg) VALUES (1363,1,1,412.09,2.02);
INSERT INTO vendas_itens (id_venda,id_material_base,id_material_catalogo,quantidade_kg,preco_por_kg) VALUES (1363,2,4,66.30,0.90);
INSERT INTO vendas (id_venda,id_cooperativa,id_comprador,data_venda,valor_total) VALUES (1364,35,50,'2025-01-04 02:43:39',0);
INSERT INTO vendas_itens (id_venda,id_material_base,id_material_catalogo,quantidade_kg,preco_por_kg) VALUES (1364,2,5,564.46,0.78);
INSERT INTO vendas_itens (id_venda,id_material_base,id_material_catalogo,quantidade_kg,preco_por_kg) VALUES (1364,2,5,401.87,1.16);
INSERT INTO avaliacoes_compradores (id_venda,pontualidade_pagamento,logistica_entrega,qualidade_negociacao,comentario_livre) VALUES (1364,1,1,3,'');
INSERT INTO avaliacao_feedback_selecionado (id_avaliacao,id_feedback_tag) SELECT id_avaliacao,18 FROM avaliacoes_compradores WHERE id_venda=1364;
INSERT INTO avaliacao_feedback_selecionado (id_avaliacao,id_feedback_tag) SELECT id_avaliacao,12 FROM avaliacoes_compradores WHERE id_venda=1364;
INSERT INTO vendas (id_venda,id_cooperativa,id_comprador,data_venda,valor_total) VALUES (1365,38,58,'2024-12-10 02:43:39',0);
INSERT INTO vendas_itens (id_venda,id_material_base,id_material_catalogo,quantidade_kg,preco_por_kg) VALUES (1365,2,4,275.95,1.08);
INSERT INTO vendas_itens (id_venda,id_material_base,id_material_catalogo,quantidade_kg,preco_por_kg) VALUES (1365,2,4,393.22,1.75);
INSERT INTO avaliacoes_compradores (id_venda,pontualidade_pagamento,logistica_entrega,qualidade_negociacao,comentario_livre) VALUES (1365,2,4,4,'');
INSERT INTO vendas (id_venda,id_cooperativa,id_comprador,data_venda,valor_total) VALUES (1366,46,73,'2025-03-19 02:43:39',0);
INSERT INTO vendas_itens (id_venda,id_material_base,id_material_catalogo,quantidade_kg,preco_por_kg) VALUES (1366,2,6,254.21,0.98);
INSERT INTO vendas_itens (id_venda,id_material_base,id_material_catalogo,quantidade_kg,preco_por_kg) VALUES (1366,1,1,255.28,1.87);
INSERT INTO avaliacoes_compradores (id_venda,pontualidade_pagamento,logistica_entrega,qualidade_negociacao,comentario_livre) VALUES (1366,5,5,4,'');
INSERT INTO avaliacao_feedback_selecionado (id_avaliacao,id_feedback_tag) SELECT id_avaliacao,1 FROM avaliacoes_compradores WHERE id_venda=1366;
INSERT INTO vendas (id_venda,id_cooperativa,id_comprador,data_venda,valor_total) VALUES (1367,42,38,'2025-03-21 02:43:39',0);
INSERT INTO vendas_itens (id_venda,id_material_base,id_material_catalogo,quantidade_kg,preco_por_kg) VALUES (1367,3,9,208.11,4.99);
INSERT INTO vendas (id_venda,id_cooperativa,id_comprador,data_venda,valor_total) VALUES (1368,47,34,'2025-04-19 02:43:39',0);
INSERT INTO vendas_itens (id_venda,id_material_base,id_material_catalogo,quantidade_kg,preco_por_kg) VALUES (1368,3,7,312.36,7.31);
INSERT INTO avaliacoes_compradores (id_venda,pontualidade_pagamento,logistica_entrega,qualidade_negociacao,comentario_livre) VALUES (1368,5,2,5,'');
INSERT INTO avaliacao_feedback_selecionado (id_avaliacao,id_feedback_tag) SELECT id_avaliacao,1 FROM avaliacoes_compradores WHERE id_venda=1368;
INSERT INTO vendas (id_venda,id_cooperativa,id_comprador,data_venda,valor_total) VALUES (1369,4,55,'2024-11-28 02:43:39',0);
INSERT INTO vendas_itens (id_venda,id_material_base,id_material_catalogo,quantidade_kg,preco_por_kg) VALUES (1369,3,9,548.67,3.28);
INSERT INTO vendas_itens (id_venda,id_material_base,id_material_catalogo,quantidade_kg,preco_por_kg) VALUES (1369,2,6,119.69,1.74);
INSERT INTO vendas_itens (id_venda,id_material_base,id_material_catalogo,quantidade_kg,preco_por_kg) VALUES (1369,1,1,586.90,1.67);
INSERT INTO avaliacoes_compradores (id_venda,pontualidade_pagamento,logistica_entrega,qualidade_negociacao,comentario_livre) VALUES (1369,1,2,3,'');
INSERT INTO avaliacao_feedback_selecionado (id_avaliacao,id_feedback_tag) SELECT id_avaliacao,16 FROM avaliacoes_compradores WHERE id_venda=1369;
INSERT INTO avaliacao_feedback_selecionado (id_avaliacao,id_feedback_tag) SELECT id_avaliacao,12 FROM avaliacoes_compradores WHERE id_venda=1369;
INSERT INTO vendas (id_venda,id_cooperativa,id_comprador,data_venda,valor_total) VALUES (1370,42,11,'2025-10-01 02:43:39',0);
INSERT INTO vendas_itens (id_venda,id_material_base,id_material_catalogo,quantidade_kg,preco_por_kg) VALUES (1370,2,6,315.35,0.88);
INSERT INTO vendas_itens (id_venda,id_material_base,id_material_catalogo,quantidade_kg,preco_por_kg) VALUES (1370,1,2,560.15,3.31);
INSERT INTO avaliacoes_compradores (id_venda,pontualidade_pagamento,logistica_entrega,qualidade_negociacao,comentario_livre) VALUES (1370,5,5,1,'');
INSERT INTO vendas (id_venda,id_cooperativa,id_comprador,data_venda,valor_total) VALUES (1371,41,47,'2025-05-07 02:43:39',0);
INSERT INTO vendas_itens (id_venda,id_material_base,id_material_catalogo,quantidade_kg,preco_por_kg) VALUES (1371,2,5,88.78,1.60);
INSERT INTO vendas_itens (id_venda,id_material_base,id_material_catalogo,quantidade_kg,preco_por_kg) VALUES (1371,2,6,456.84,1.73);
INSERT INTO vendas_itens (id_venda,id_material_base,id_material_catalogo,quantidade_kg,preco_por_kg) VALUES (1371,1,2,559.42,2.47);
INSERT INTO vendas (id_venda,id_cooperativa,id_comprador,data_venda,valor_total) VALUES (1372,38,33,'2025-07-04 02:43:39',0);
INSERT INTO vendas_itens (id_venda,id_material_base,id_material_catalogo,quantidade_kg,preco_por_kg) VALUES (1372,1,3,67.67,1.67);
INSERT INTO avaliacoes_compradores (id_venda,pontualidade_pagamento,logistica_entrega,qualidade_negociacao,comentario_livre) VALUES (1372,5,5,3,'');
INSERT INTO avaliacao_feedback_selecionado (id_avaliacao,id_feedback_tag) SELECT id_avaliacao,8 FROM avaliacoes_compradores WHERE id_venda=1372;
INSERT INTO avaliacao_feedback_selecionado (id_avaliacao,id_feedback_tag) SELECT id_avaliacao,4 FROM avaliacoes_compradores WHERE id_venda=1372;
INSERT INTO vendas (id_venda,id_cooperativa,id_comprador,data_venda,valor_total) VALUES (1373,47,63,'2025-08-02 02:43:39',0);
INSERT INTO vendas_itens (id_venda,id_material_base,id_material_catalogo,quantidade_kg,preco_por_kg) VALUES (1373,2,4,361.90,0.68);
INSERT INTO vendas_itens (id_venda,id_material_base,id_material_catalogo,quantidade_kg,preco_por_kg) VALUES (1373,2,6,157.30,0.58);
INSERT INTO vendas_itens (id_venda,id_material_base,id_material_catalogo,quantidade_kg,preco_por_kg) VALUES (1373,3,7,469.88,2.73);
INSERT INTO avaliacoes_compradores (id_venda,pontualidade_pagamento,logistica_entrega,qualidade_negociacao,comentario_livre) VALUES (1373,4,2,3,'');
INSERT INTO vendas (id_venda,id_cooperativa,id_comprador,data_venda,valor_total) VALUES (1374,28,3,'2025-04-20 02:43:39',0);
INSERT INTO vendas_itens (id_venda,id_material_base,id_material_catalogo,quantidade_kg,preco_por_kg) VALUES (1374,3,7,287.76,7.63);
INSERT INTO vendas_itens (id_venda,id_material_base,id_material_catalogo,quantidade_kg,preco_por_kg) VALUES (1374,3,9,393.91,5.90);
INSERT INTO avaliacoes_compradores (id_venda,pontualidade_pagamento,logistica_entrega,qualidade_negociacao,comentario_livre) VALUES (1374,2,1,4,'');
INSERT INTO vendas (id_venda,id_cooperativa,id_comprador,data_venda,valor_total) VALUES (1375,8,57,'2025-02-25 02:43:39',0);
INSERT INTO vendas_itens (id_venda,id_material_base,id_material_catalogo,quantidade_kg,preco_por_kg) VALUES (1375,2,6,83.92,0.80);
INSERT INTO vendas (id_venda,id_cooperativa,id_comprador,data_venda,valor_total) VALUES (1376,35,91,'2024-11-19 02:43:39',0);
INSERT INTO vendas_itens (id_venda,id_material_base,id_material_catalogo,quantidade_kg,preco_por_kg) VALUES (1376,1,1,538.29,3.37);
INSERT INTO vendas_itens (id_venda,id_material_base,id_material_catalogo,quantidade_kg,preco_por_kg) VALUES (1376,3,7,213.55,6.69);
INSERT INTO vendas_itens (id_venda,id_material_base,id_material_catalogo,quantidade_kg,preco_por_kg) VALUES (1376,2,5,418.47,1.77);
INSERT INTO vendas (id_venda,id_cooperativa,id_comprador,data_venda,valor_total) VALUES (1377,37,48,'2025-06-13 02:43:39',0);
INSERT INTO vendas_itens (id_venda,id_material_base,id_material_catalogo,quantidade_kg,preco_por_kg) VALUES (1377,3,8,550.03,3.11);
INSERT INTO vendas_itens (id_venda,id_material_base,id_material_catalogo,quantidade_kg,preco_por_kg) VALUES (1377,1,3,446.80,2.27);
INSERT INTO avaliacoes_compradores (id_venda,pontualidade_pagamento,logistica_entrega,qualidade_negociacao,comentario_livre) VALUES (1377,5,4,4,'');
INSERT INTO avaliacao_feedback_selecionado (id_avaliacao,id_feedback_tag) SELECT id_avaliacao,1 FROM avaliacoes_compradores WHERE id_venda=1377;
INSERT INTO avaliacao_feedback_selecionado (id_avaliacao,id_feedback_tag) SELECT id_avaliacao,3 FROM avaliacoes_compradores WHERE id_venda=1377;
INSERT INTO vendas (id_venda,id_cooperativa,id_comprador,data_venda,valor_total) VALUES (1378,19,26,'2024-12-27 02:43:39',0);
INSERT INTO vendas_itens (id_venda,id_material_base,id_material_catalogo,quantidade_kg,preco_por_kg) VALUES (1378,3,7,354.51,3.38);
INSERT INTO avaliacoes_compradores (id_venda,pontualidade_pagamento,logistica_entrega,qualidade_negociacao,comentario_livre) VALUES (1378,4,4,4,'');
INSERT INTO avaliacao_feedback_selecionado (id_avaliacao,id_feedback_tag) SELECT id_avaliacao,3 FROM avaliacoes_compradores WHERE id_venda=1378;
INSERT INTO vendas (id_venda,id_cooperativa,id_comprador,data_venda,valor_total) VALUES (1379,46,72,'2025-02-02 02:43:39',0);
INSERT INTO vendas_itens (id_venda,id_material_base,id_material_catalogo,quantidade_kg,preco_por_kg) VALUES (1379,2,5,447.94,1.02);
INSERT INTO vendas_itens (id_venda,id_material_base,id_material_catalogo,quantidade_kg,preco_por_kg) VALUES (1379,3,9,104.58,3.62);
INSERT INTO avaliacoes_compradores (id_venda,pontualidade_pagamento,logistica_entrega,qualidade_negociacao,comentario_livre) VALUES (1379,3,5,1,'');
INSERT INTO vendas (id_venda,id_cooperativa,id_comprador,data_venda,valor_total) VALUES (1380,12,41,'2025-04-16 02:43:39',0);
INSERT INTO vendas_itens (id_venda,id_material_base,id_material_catalogo,quantidade_kg,preco_por_kg) VALUES (1380,3,9,445.95,3.56);
INSERT INTO vendas_itens (id_venda,id_material_base,id_material_catalogo,quantidade_kg,preco_por_kg) VALUES (1380,3,8,357.58,7.47);
INSERT INTO vendas_itens (id_venda,id_material_base,id_material_catalogo,quantidade_kg,preco_por_kg) VALUES (1380,2,4,225.31,1.27);
INSERT INTO avaliacoes_compradores (id_venda,pontualidade_pagamento,logistica_entrega,qualidade_negociacao,comentario_livre) VALUES (1380,1,3,5,'');
INSERT INTO vendas (id_venda,id_cooperativa,id_comprador,data_venda,valor_total) VALUES (1381,36,90,'2024-11-28 02:43:39',0);
INSERT INTO vendas_itens (id_venda,id_material_base,id_material_catalogo,quantidade_kg,preco_por_kg) VALUES (1381,3,7,270.30,5.77);
INSERT INTO vendas (id_venda,id_cooperativa,id_comprador,data_venda,valor_total) VALUES (1382,13,48,'2024-12-24 02:43:39',0);
INSERT INTO vendas_itens (id_venda,id_material_base,id_material_catalogo,quantidade_kg,preco_por_kg) VALUES (1382,3,8,592.51,6.68);
INSERT INTO vendas_itens (id_venda,id_material_base,id_material_catalogo,quantidade_kg,preco_por_kg) VALUES (1382,3,7,254.97,6.22);
INSERT INTO vendas_itens (id_venda,id_material_base,id_material_catalogo,quantidade_kg,preco_por_kg) VALUES (1382,2,6,460.32,1.24);
INSERT INTO avaliacoes_compradores (id_venda,pontualidade_pagamento,logistica_entrega,qualidade_negociacao,comentario_livre) VALUES (1382,3,2,5,'');
INSERT INTO vendas (id_venda,id_cooperativa,id_comprador,data_venda,valor_total) VALUES (1383,37,46,'2025-09-13 02:43:39',0);
INSERT INTO vendas_itens (id_venda,id_material_base,id_material_catalogo,quantidade_kg,preco_por_kg) VALUES (1383,1,3,408.44,2.16);
INSERT INTO vendas_itens (id_venda,id_material_base,id_material_catalogo,quantidade_kg,preco_por_kg) VALUES (1383,2,4,338.37,0.66);
INSERT INTO vendas_itens (id_venda,id_material_base,id_material_catalogo,quantidade_kg,preco_por_kg) VALUES (1383,1,2,151.00,3.84);
INSERT INTO avaliacoes_compradores (id_venda,pontualidade_pagamento,logistica_entrega,qualidade_negociacao,comentario_livre) VALUES (1383,2,3,4,'');
INSERT INTO vendas (id_venda,id_cooperativa,id_comprador,data_venda,valor_total) VALUES (1384,20,91,'2025-03-29 02:43:39',0);
INSERT INTO vendas_itens (id_venda,id_material_base,id_material_catalogo,quantidade_kg,preco_por_kg) VALUES (1384,1,2,125.04,3.48);
INSERT INTO vendas_itens (id_venda,id_material_base,id_material_catalogo,quantidade_kg,preco_por_kg) VALUES (1384,2,5,560.45,1.71);
INSERT INTO vendas_itens (id_venda,id_material_base,id_material_catalogo,quantidade_kg,preco_por_kg) VALUES (1384,1,3,229.49,3.98);
INSERT INTO avaliacoes_compradores (id_venda,pontualidade_pagamento,logistica_entrega,qualidade_negociacao,comentario_livre) VALUES (1384,4,1,1,'');
INSERT INTO avaliacao_feedback_selecionado (id_avaliacao,id_feedback_tag) SELECT id_avaliacao,13 FROM avaliacoes_compradores WHERE id_venda=1384;
INSERT INTO avaliacao_feedback_selecionado (id_avaliacao,id_feedback_tag) SELECT id_avaliacao,22 FROM avaliacoes_compradores WHERE id_venda=1384;
INSERT INTO vendas (id_venda,id_cooperativa,id_comprador,data_venda,valor_total) VALUES (1385,5,36,'2025-02-25 02:43:39',0);
INSERT INTO vendas_itens (id_venda,id_material_base,id_material_catalogo,quantidade_kg,preco_por_kg) VALUES (1385,3,8,32.78,3.42);
INSERT INTO vendas_itens (id_venda,id_material_base,id_material_catalogo,quantidade_kg,preco_por_kg) VALUES (1385,3,9,215.01,2.88);
INSERT INTO vendas_itens (id_venda,id_material_base,id_material_catalogo,quantidade_kg,preco_por_kg) VALUES (1385,1,1,192.76,1.55);
INSERT INTO avaliacoes_compradores (id_venda,pontualidade_pagamento,logistica_entrega,qualidade_negociacao,comentario_livre) VALUES (1385,5,2,2,'');
INSERT INTO vendas (id_venda,id_cooperativa,id_comprador,data_venda,valor_total) VALUES (1386,47,71,'2025-08-23 02:43:39',0);
INSERT INTO vendas_itens (id_venda,id_material_base,id_material_catalogo,quantidade_kg,preco_por_kg) VALUES (1386,3,7,598.74,4.16);
INSERT INTO vendas_itens (id_venda,id_material_base,id_material_catalogo,quantidade_kg,preco_por_kg) VALUES (1386,1,3,570.14,1.24);
INSERT INTO avaliacoes_compradores (id_venda,pontualidade_pagamento,logistica_entrega,qualidade_negociacao,comentario_livre) VALUES (1386,4,4,3,'');
INSERT INTO vendas (id_venda,id_cooperativa,id_comprador,data_venda,valor_total) VALUES (1387,5,74,'2025-05-22 02:43:39',0);
INSERT INTO vendas_itens (id_venda,id_material_base,id_material_catalogo,quantidade_kg,preco_por_kg) VALUES (1387,2,6,459.75,1.59);
INSERT INTO avaliacoes_compradores (id_venda,pontualidade_pagamento,logistica_entrega,qualidade_negociacao,comentario_livre) VALUES (1387,1,5,3,'');
INSERT INTO vendas (id_venda,id_cooperativa,id_comprador,data_venda,valor_total) VALUES (1388,19,56,'2025-10-19 02:43:39',0);
INSERT INTO vendas_itens (id_venda,id_material_base,id_material_catalogo,quantidade_kg,preco_por_kg) VALUES (1388,1,1,451.67,3.66);
INSERT INTO vendas_itens (id_venda,id_material_base,id_material_catalogo,quantidade_kg,preco_por_kg) VALUES (1388,1,2,86.47,3.56);
INSERT INTO vendas_itens (id_venda,id_material_base,id_material_catalogo,quantidade_kg,preco_por_kg) VALUES (1388,1,3,208.29,1.78);
INSERT INTO avaliacoes_compradores (id_venda,pontualidade_pagamento,logistica_entrega,qualidade_negociacao,comentario_livre) VALUES (1388,5,4,5,'');
INSERT INTO avaliacao_feedback_selecionado (id_avaliacao,id_feedback_tag) SELECT id_avaliacao,9 FROM avaliacoes_compradores WHERE id_venda=1388;
INSERT INTO avaliacao_feedback_selecionado (id_avaliacao,id_feedback_tag) SELECT id_avaliacao,2 FROM avaliacoes_compradores WHERE id_venda=1388;
INSERT INTO avaliacao_feedback_selecionado (id_avaliacao,id_feedback_tag) SELECT id_avaliacao,7 FROM avaliacoes_compradores WHERE id_venda=1388;
INSERT INTO vendas (id_venda,id_cooperativa,id_comprador,data_venda,valor_total) VALUES (1389,18,56,'2025-10-28 02:43:39',0);
INSERT INTO vendas_itens (id_venda,id_material_base,id_material_catalogo,quantidade_kg,preco_por_kg) VALUES (1389,2,4,578.65,1.24);
INSERT INTO avaliacoes_compradores (id_venda,pontualidade_pagamento,logistica_entrega,qualidade_negociacao,comentario_livre) VALUES (1389,2,3,4,'');
INSERT INTO vendas (id_venda,id_cooperativa,id_comprador,data_venda,valor_total) VALUES (1390,6,74,'2025-02-08 02:43:39',0);
INSERT INTO vendas_itens (id_venda,id_material_base,id_material_catalogo,quantidade_kg,preco_por_kg) VALUES (1390,1,1,243.01,1.80);
INSERT INTO vendas_itens (id_venda,id_material_base,id_material_catalogo,quantidade_kg,preco_por_kg) VALUES (1390,1,1,207.39,2.47);
INSERT INTO vendas_itens (id_venda,id_material_base,id_material_catalogo,quantidade_kg,preco_por_kg) VALUES (1390,3,8,244.53,5.13);
INSERT INTO avaliacoes_compradores (id_venda,pontualidade_pagamento,logistica_entrega,qualidade_negociacao,comentario_livre) VALUES (1390,5,3,5,'');
INSERT INTO avaliacao_feedback_selecionado (id_avaliacao,id_feedback_tag) SELECT id_avaliacao,2 FROM avaliacoes_compradores WHERE id_venda=1390;
INSERT INTO avaliacao_feedback_selecionado (id_avaliacao,id_feedback_tag) SELECT id_avaliacao,3 FROM avaliacoes_compradores WHERE id_venda=1390;
INSERT INTO vendas (id_venda,id_cooperativa,id_comprador,data_venda,valor_total) VALUES (1391,44,56,'2024-12-01 02:43:39',0);
INSERT INTO vendas_itens (id_venda,id_material_base,id_material_catalogo,quantidade_kg,preco_por_kg) VALUES (1391,3,7,230.55,2.50);
INSERT INTO vendas (id_venda,id_cooperativa,id_comprador,data_venda,valor_total) VALUES (1392,44,76,'2024-11-23 02:43:39',0);
INSERT INTO vendas_itens (id_venda,id_material_base,id_material_catalogo,quantidade_kg,preco_por_kg) VALUES (1392,1,2,400.15,3.96);
INSERT INTO vendas_itens (id_venda,id_material_base,id_material_catalogo,quantidade_kg,preco_por_kg) VALUES (1392,3,8,242.45,5.64);
INSERT INTO vendas_itens (id_venda,id_material_base,id_material_catalogo,quantidade_kg,preco_por_kg) VALUES (1392,2,4,47.53,0.60);
INSERT INTO avaliacoes_compradores (id_venda,pontualidade_pagamento,logistica_entrega,qualidade_negociacao,comentario_livre) VALUES (1392,1,1,1,'');
INSERT INTO avaliacao_feedback_selecionado (id_avaliacao,id_feedback_tag) SELECT id_avaliacao,20 FROM avaliacoes_compradores WHERE id_venda=1392;
INSERT INTO avaliacao_feedback_selecionado (id_avaliacao,id_feedback_tag) SELECT id_avaliacao,14 FROM avaliacoes_compradores WHERE id_venda=1392;
INSERT INTO avaliacao_feedback_selecionado (id_avaliacao,id_feedback_tag) SELECT id_avaliacao,12 FROM avaliacoes_compradores WHERE id_venda=1392;
INSERT INTO vendas (id_venda,id_cooperativa,id_comprador,data_venda,valor_total) VALUES (1393,31,61,'2025-10-27 02:43:39',0);
INSERT INTO vendas_itens (id_venda,id_material_base,id_material_catalogo,quantidade_kg,preco_por_kg) VALUES (1393,2,5,456.64,1.30);
INSERT INTO vendas_itens (id_venda,id_material_base,id_material_catalogo,quantidade_kg,preco_por_kg) VALUES (1393,3,7,363.74,2.52);
INSERT INTO vendas (id_venda,id_cooperativa,id_comprador,data_venda,valor_total) VALUES (1394,37,61,'2025-08-16 02:43:39',0);
INSERT INTO vendas_itens (id_venda,id_material_base,id_material_catalogo,quantidade_kg,preco_por_kg) VALUES (1394,1,3,192.49,3.83);
INSERT INTO vendas_itens (id_venda,id_material_base,id_material_catalogo,quantidade_kg,preco_por_kg) VALUES (1394,2,4,469.61,1.34);
INSERT INTO vendas_itens (id_venda,id_material_base,id_material_catalogo,quantidade_kg,preco_por_kg) VALUES (1394,3,8,348.72,6.21);
INSERT INTO avaliacoes_compradores (id_venda,pontualidade_pagamento,logistica_entrega,qualidade_negociacao,comentario_livre) VALUES (1394,5,4,2,'');
INSERT INTO vendas (id_venda,id_cooperativa,id_comprador,data_venda,valor_total) VALUES (1395,20,59,'2025-09-01 02:43:39',0);
INSERT INTO vendas_itens (id_venda,id_material_base,id_material_catalogo,quantidade_kg,preco_por_kg) VALUES (1395,2,4,309.48,1.58);
INSERT INTO avaliacoes_compradores (id_venda,pontualidade_pagamento,logistica_entrega,qualidade_negociacao,comentario_livre) VALUES (1395,4,4,3,'');
INSERT INTO vendas (id_venda,id_cooperativa,id_comprador,data_venda,valor_total) VALUES (1396,34,9,'2025-09-12 02:43:39',0);
INSERT INTO vendas_itens (id_venda,id_material_base,id_material_catalogo,quantidade_kg,preco_por_kg) VALUES (1396,2,6,310.90,1.77);
INSERT INTO avaliacoes_compradores (id_venda,pontualidade_pagamento,logistica_entrega,qualidade_negociacao,comentario_livre) VALUES (1396,2,5,1,'');
INSERT INTO vendas (id_venda,id_cooperativa,id_comprador,data_venda,valor_total) VALUES (1397,22,61,'2025-04-06 02:43:39',0);
INSERT INTO vendas_itens (id_venda,id_material_base,id_material_catalogo,quantidade_kg,preco_por_kg) VALUES (1397,2,5,574.65,0.70);
INSERT INTO avaliacoes_compradores (id_venda,pontualidade_pagamento,logistica_entrega,qualidade_negociacao,comentario_livre) VALUES (1397,1,5,5,'');
INSERT INTO vendas (id_venda,id_cooperativa,id_comprador,data_venda,valor_total) VALUES (1398,16,48,'2024-12-23 02:43:39',0);
INSERT INTO vendas_itens (id_venda,id_material_base,id_material_catalogo,quantidade_kg,preco_por_kg) VALUES (1398,1,1,528.46,3.80);
INSERT INTO avaliacoes_compradores (id_venda,pontualidade_pagamento,logistica_entrega,qualidade_negociacao,comentario_livre) VALUES (1398,3,3,2,'');
INSERT INTO vendas (id_venda,id_cooperativa,id_comprador,data_venda,valor_total) VALUES (1399,20,43,'2025-05-07 02:43:39',0);
INSERT INTO vendas_itens (id_venda,id_material_base,id_material_catalogo,quantidade_kg,preco_por_kg) VALUES (1399,1,1,287.64,3.55);
INSERT INTO vendas_itens (id_venda,id_material_base,id_material_catalogo,quantidade_kg,preco_por_kg) VALUES (1399,1,2,126.96,1.64);
INSERT INTO vendas (id_venda,id_cooperativa,id_comprador,data_venda,valor_total) VALUES (1400,17,82,'2025-08-17 02:43:39',0);
INSERT INTO vendas_itens (id_venda,id_material_base,id_material_catalogo,quantidade_kg,preco_por_kg) VALUES (1400,2,4,496.77,1.01);
INSERT INTO vendas_itens (id_venda,id_material_base,id_material_catalogo,quantidade_kg,preco_por_kg) VALUES (1400,1,3,347.68,1.40);
INSERT INTO vendas_itens (id_venda,id_material_base,id_material_catalogo,quantidade_kg,preco_por_kg) VALUES (1400,2,4,165.49,1.22);
INSERT INTO avaliacoes_compradores (id_venda,pontualidade_pagamento,logistica_entrega,qualidade_negociacao,comentario_livre) VALUES (1400,5,3,5,'');
INSERT INTO avaliacao_feedback_selecionado (id_avaliacao,id_feedback_tag) SELECT id_avaliacao,7 FROM avaliacoes_compradores WHERE id_venda=1400;
INSERT INTO vendas (id_venda,id_cooperativa,id_comprador,data_venda,valor_total) VALUES (1401,20,5,'2024-11-18 02:43:39',0);
INSERT INTO vendas_itens (id_venda,id_material_base,id_material_catalogo,quantidade_kg,preco_por_kg) VALUES (1401,2,6,371.38,1.15);
INSERT INTO vendas (id_venda,id_cooperativa,id_comprador,data_venda,valor_total) VALUES (1402,19,33,'2025-11-06 02:43:39',0);
INSERT INTO vendas_itens (id_venda,id_material_base,id_material_catalogo,quantidade_kg,preco_por_kg) VALUES (1402,2,4,117.10,0.55);
INSERT INTO avaliacoes_compradores (id_venda,pontualidade_pagamento,logistica_entrega,qualidade_negociacao,comentario_livre) VALUES (1402,1,5,1,'');
INSERT INTO vendas (id_venda,id_cooperativa,id_comprador,data_venda,valor_total) VALUES (1403,44,31,'2025-05-27 02:43:39',0);
INSERT INTO vendas_itens (id_venda,id_material_base,id_material_catalogo,quantidade_kg,preco_por_kg) VALUES (1403,2,4,152.62,0.79);
INSERT INTO vendas (id_venda,id_cooperativa,id_comprador,data_venda,valor_total) VALUES (1404,27,57,'2025-04-01 02:43:39',0);
INSERT INTO vendas_itens (id_venda,id_material_base,id_material_catalogo,quantidade_kg,preco_por_kg) VALUES (1404,2,4,559.98,1.41);
INSERT INTO avaliacoes_compradores (id_venda,pontualidade_pagamento,logistica_entrega,qualidade_negociacao,comentario_livre) VALUES (1404,5,1,1,'');
INSERT INTO vendas (id_venda,id_cooperativa,id_comprador,data_venda,valor_total) VALUES (1405,13,1,'2025-08-11 02:43:39',0);
INSERT INTO vendas_itens (id_venda,id_material_base,id_material_catalogo,quantidade_kg,preco_por_kg) VALUES (1405,3,9,544.79,4.66);
INSERT INTO vendas_itens (id_venda,id_material_base,id_material_catalogo,quantidade_kg,preco_por_kg) VALUES (1405,3,7,566.51,6.61);
INSERT INTO vendas (id_venda,id_cooperativa,id_comprador,data_venda,valor_total) VALUES (1406,23,12,'2025-11-16 02:43:39',0);
INSERT INTO vendas_itens (id_venda,id_material_base,id_material_catalogo,quantidade_kg,preco_por_kg) VALUES (1406,3,7,226.98,3.72);
INSERT INTO vendas_itens (id_venda,id_material_base,id_material_catalogo,quantidade_kg,preco_por_kg) VALUES (1406,3,7,341.61,6.77);
INSERT INTO vendas_itens (id_venda,id_material_base,id_material_catalogo,quantidade_kg,preco_por_kg) VALUES (1406,1,3,532.15,3.15);
INSERT INTO vendas (id_venda,id_cooperativa,id_comprador,data_venda,valor_total) VALUES (1407,19,35,'2025-05-27 02:43:39',0);
INSERT INTO vendas_itens (id_venda,id_material_base,id_material_catalogo,quantidade_kg,preco_por_kg) VALUES (1407,1,2,346.41,2.61);
INSERT INTO vendas_itens (id_venda,id_material_base,id_material_catalogo,quantidade_kg,preco_por_kg) VALUES (1407,2,6,408.99,0.91);
INSERT INTO vendas (id_venda,id_cooperativa,id_comprador,data_venda,valor_total) VALUES (1408,22,62,'2025-03-20 02:43:39',0);
INSERT INTO vendas_itens (id_venda,id_material_base,id_material_catalogo,quantidade_kg,preco_por_kg) VALUES (1408,2,4,139.97,0.52);
INSERT INTO avaliacoes_compradores (id_venda,pontualidade_pagamento,logistica_entrega,qualidade_negociacao,comentario_livre) VALUES (1408,2,5,1,'');
INSERT INTO vendas (id_venda,id_cooperativa,id_comprador,data_venda,valor_total) VALUES (1409,13,74,'2025-01-02 02:43:39',0);
INSERT INTO vendas_itens (id_venda,id_material_base,id_material_catalogo,quantidade_kg,preco_por_kg) VALUES (1409,1,1,58.55,1.40);
INSERT INTO vendas_itens (id_venda,id_material_base,id_material_catalogo,quantidade_kg,preco_por_kg) VALUES (1409,2,4,279.58,1.39);
INSERT INTO vendas_itens (id_venda,id_material_base,id_material_catalogo,quantidade_kg,preco_por_kg) VALUES (1409,2,6,421.09,0.71);
INSERT INTO avaliacoes_compradores (id_venda,pontualidade_pagamento,logistica_entrega,qualidade_negociacao,comentario_livre) VALUES (1409,5,5,1,'');
INSERT INTO vendas (id_venda,id_cooperativa,id_comprador,data_venda,valor_total) VALUES (1410,29,48,'2025-01-09 02:43:39',0);
INSERT INTO vendas_itens (id_venda,id_material_base,id_material_catalogo,quantidade_kg,preco_por_kg) VALUES (1410,1,3,456.71,1.36);
INSERT INTO vendas_itens (id_venda,id_material_base,id_material_catalogo,quantidade_kg,preco_por_kg) VALUES (1410,3,8,107.91,4.37);
INSERT INTO vendas (id_venda,id_cooperativa,id_comprador,data_venda,valor_total) VALUES (1411,10,87,'2025-08-17 02:43:39',0);
INSERT INTO vendas_itens (id_venda,id_material_base,id_material_catalogo,quantidade_kg,preco_por_kg) VALUES (1411,3,7,225.83,4.19);
INSERT INTO vendas_itens (id_venda,id_material_base,id_material_catalogo,quantidade_kg,preco_por_kg) VALUES (1411,2,4,415.63,1.28);
INSERT INTO vendas (id_venda,id_cooperativa,id_comprador,data_venda,valor_total) VALUES (1412,1,80,'2025-06-17 02:43:39',0);
INSERT INTO vendas_itens (id_venda,id_material_base,id_material_catalogo,quantidade_kg,preco_por_kg) VALUES (1412,1,3,224.35,2.50);
INSERT INTO avaliacoes_compradores (id_venda,pontualidade_pagamento,logistica_entrega,qualidade_negociacao,comentario_livre) VALUES (1412,2,5,1,'');
INSERT INTO vendas (id_venda,id_cooperativa,id_comprador,data_venda,valor_total) VALUES (1413,46,72,'2025-07-18 02:43:39',0);
INSERT INTO vendas_itens (id_venda,id_material_base,id_material_catalogo,quantidade_kg,preco_por_kg) VALUES (1413,2,5,98.00,1.57);
INSERT INTO avaliacoes_compradores (id_venda,pontualidade_pagamento,logistica_entrega,qualidade_negociacao,comentario_livre) VALUES (1413,4,3,3,'');
INSERT INTO vendas (id_venda,id_cooperativa,id_comprador,data_venda,valor_total) VALUES (1414,24,88,'2025-01-29 02:43:39',0);
INSERT INTO vendas_itens (id_venda,id_material_base,id_material_catalogo,quantidade_kg,preco_por_kg) VALUES (1414,2,5,188.31,0.90);
INSERT INTO vendas_itens (id_venda,id_material_base,id_material_catalogo,quantidade_kg,preco_por_kg) VALUES (1414,2,6,383.83,1.79);
INSERT INTO avaliacoes_compradores (id_venda,pontualidade_pagamento,logistica_entrega,qualidade_negociacao,comentario_livre) VALUES (1414,3,5,5,'');
INSERT INTO avaliacao_feedback_selecionado (id_avaliacao,id_feedback_tag) SELECT id_avaliacao,6 FROM avaliacoes_compradores WHERE id_venda=1414;
INSERT INTO avaliacao_feedback_selecionado (id_avaliacao,id_feedback_tag) SELECT id_avaliacao,2 FROM avaliacoes_compradores WHERE id_venda=1414;
INSERT INTO vendas (id_venda,id_cooperativa,id_comprador,data_venda,valor_total) VALUES (1415,8,81,'2025-08-22 02:43:39',0);
INSERT INTO vendas_itens (id_venda,id_material_base,id_material_catalogo,quantidade_kg,preco_por_kg) VALUES (1415,1,1,518.25,2.23);
INSERT INTO avaliacoes_compradores (id_venda,pontualidade_pagamento,logistica_entrega,qualidade_negociacao,comentario_livre) VALUES (1415,2,4,3,'');
INSERT INTO vendas (id_venda,id_cooperativa,id_comprador,data_venda,valor_total) VALUES (1416,2,82,'2025-06-28 02:43:39',0);
INSERT INTO vendas_itens (id_venda,id_material_base,id_material_catalogo,quantidade_kg,preco_por_kg) VALUES (1416,2,5,506.05,0.60);
INSERT INTO vendas_itens (id_venda,id_material_base,id_material_catalogo,quantidade_kg,preco_por_kg) VALUES (1416,2,5,310.83,0.87);
INSERT INTO avaliacoes_compradores (id_venda,pontualidade_pagamento,logistica_entrega,qualidade_negociacao,comentario_livre) VALUES (1416,5,2,5,'');
INSERT INTO avaliacao_feedback_selecionado (id_avaliacao,id_feedback_tag) SELECT id_avaliacao,7 FROM avaliacoes_compradores WHERE id_venda=1416;
INSERT INTO vendas (id_venda,id_cooperativa,id_comprador,data_venda,valor_total) VALUES (1417,44,99,'2025-10-07 02:43:39',0);
INSERT INTO vendas_itens (id_venda,id_material_base,id_material_catalogo,quantidade_kg,preco_por_kg) VALUES (1417,3,8,66.26,7.03);
INSERT INTO vendas_itens (id_venda,id_material_base,id_material_catalogo,quantidade_kg,preco_por_kg) VALUES (1417,1,3,114.08,2.89);
INSERT INTO vendas_itens (id_venda,id_material_base,id_material_catalogo,quantidade_kg,preco_por_kg) VALUES (1417,3,8,505.29,3.63);
INSERT INTO vendas (id_venda,id_cooperativa,id_comprador,data_venda,valor_total) VALUES (1418,8,67,'2025-02-17 02:43:39',0);
INSERT INTO vendas_itens (id_venda,id_material_base,id_material_catalogo,quantidade_kg,preco_por_kg) VALUES (1418,1,2,514.43,3.24);
INSERT INTO vendas_itens (id_venda,id_material_base,id_material_catalogo,quantidade_kg,preco_por_kg) VALUES (1418,3,8,396.95,4.14);
INSERT INTO vendas (id_venda,id_cooperativa,id_comprador,data_venda,valor_total) VALUES (1419,9,45,'2025-11-15 02:43:39',0);
INSERT INTO vendas_itens (id_venda,id_material_base,id_material_catalogo,quantidade_kg,preco_por_kg) VALUES (1419,1,1,93.64,2.28);
INSERT INTO vendas (id_venda,id_cooperativa,id_comprador,data_venda,valor_total) VALUES (1420,38,51,'2025-02-14 02:43:39',0);
INSERT INTO vendas_itens (id_venda,id_material_base,id_material_catalogo,quantidade_kg,preco_por_kg) VALUES (1420,2,4,476.69,1.49);
INSERT INTO vendas_itens (id_venda,id_material_base,id_material_catalogo,quantidade_kg,preco_por_kg) VALUES (1420,1,2,258.99,3.85);
INSERT INTO vendas (id_venda,id_cooperativa,id_comprador,data_venda,valor_total) VALUES (1421,38,88,'2025-09-23 02:43:39',0);
INSERT INTO vendas_itens (id_venda,id_material_base,id_material_catalogo,quantidade_kg,preco_por_kg) VALUES (1421,1,3,263.28,3.76);
INSERT INTO avaliacoes_compradores (id_venda,pontualidade_pagamento,logistica_entrega,qualidade_negociacao,comentario_livre) VALUES (1421,2,2,1,'');
INSERT INTO avaliacao_feedback_selecionado (id_avaliacao,id_feedback_tag) SELECT id_avaliacao,15 FROM avaliacoes_compradores WHERE id_venda=1421;
INSERT INTO avaliacao_feedback_selecionado (id_avaliacao,id_feedback_tag) SELECT id_avaliacao,18 FROM avaliacoes_compradores WHERE id_venda=1421;
INSERT INTO avaliacao_feedback_selecionado (id_avaliacao,id_feedback_tag) SELECT id_avaliacao,16 FROM avaliacoes_compradores WHERE id_venda=1421;
INSERT INTO vendas (id_venda,id_cooperativa,id_comprador,data_venda,valor_total) VALUES (1422,40,48,'2025-06-10 02:43:39',0);
INSERT INTO vendas_itens (id_venda,id_material_base,id_material_catalogo,quantidade_kg,preco_por_kg) VALUES (1422,1,3,90.37,3.91);
INSERT INTO vendas_itens (id_venda,id_material_base,id_material_catalogo,quantidade_kg,preco_por_kg) VALUES (1422,1,2,453.52,3.14);
INSERT INTO vendas_itens (id_venda,id_material_base,id_material_catalogo,quantidade_kg,preco_por_kg) VALUES (1422,2,5,457.09,0.58);
INSERT INTO avaliacoes_compradores (id_venda,pontualidade_pagamento,logistica_entrega,qualidade_negociacao,comentario_livre) VALUES (1422,2,3,3,'');
INSERT INTO vendas (id_venda,id_cooperativa,id_comprador,data_venda,valor_total) VALUES (1423,37,77,'2025-04-03 02:43:39',0);
INSERT INTO vendas_itens (id_venda,id_material_base,id_material_catalogo,quantidade_kg,preco_por_kg) VALUES (1423,2,5,269.96,0.64);
INSERT INTO vendas (id_venda,id_cooperativa,id_comprador,data_venda,valor_total) VALUES (1424,46,83,'2025-04-17 02:43:39',0);
INSERT INTO vendas_itens (id_venda,id_material_base,id_material_catalogo,quantidade_kg,preco_por_kg) VALUES (1424,2,6,540.48,0.77);
INSERT INTO vendas_itens (id_venda,id_material_base,id_material_catalogo,quantidade_kg,preco_por_kg) VALUES (1424,3,9,133.05,3.01);
INSERT INTO vendas_itens (id_venda,id_material_base,id_material_catalogo,quantidade_kg,preco_por_kg) VALUES (1424,2,5,239.31,1.53);
INSERT INTO vendas (id_venda,id_cooperativa,id_comprador,data_venda,valor_total) VALUES (1425,9,17,'2024-12-23 02:43:39',0);
INSERT INTO vendas_itens (id_venda,id_material_base,id_material_catalogo,quantidade_kg,preco_por_kg) VALUES (1425,3,7,394.45,5.58);
INSERT INTO vendas_itens (id_venda,id_material_base,id_material_catalogo,quantidade_kg,preco_por_kg) VALUES (1425,2,5,536.13,0.88);
INSERT INTO avaliacoes_compradores (id_venda,pontualidade_pagamento,logistica_entrega,qualidade_negociacao,comentario_livre) VALUES (1425,5,5,4,'');
INSERT INTO avaliacao_feedback_selecionado (id_avaliacao,id_feedback_tag) SELECT id_avaliacao,6 FROM avaliacoes_compradores WHERE id_venda=1425;
INSERT INTO vendas (id_venda,id_cooperativa,id_comprador,data_venda,valor_total) VALUES (1426,39,53,'2025-05-30 02:43:39',0);
INSERT INTO vendas_itens (id_venda,id_material_base,id_material_catalogo,quantidade_kg,preco_por_kg) VALUES (1426,2,6,368.81,0.51);
INSERT INTO vendas_itens (id_venda,id_material_base,id_material_catalogo,quantidade_kg,preco_por_kg) VALUES (1426,3,8,58.23,7.22);
INSERT INTO vendas_itens (id_venda,id_material_base,id_material_catalogo,quantidade_kg,preco_por_kg) VALUES (1426,3,7,373.04,7.13);
INSERT INTO vendas (id_venda,id_cooperativa,id_comprador,data_venda,valor_total) VALUES (1427,40,45,'2025-07-15 02:43:39',0);
INSERT INTO vendas_itens (id_venda,id_material_base,id_material_catalogo,quantidade_kg,preco_por_kg) VALUES (1427,3,7,178.23,6.50);
INSERT INTO vendas_itens (id_venda,id_material_base,id_material_catalogo,quantidade_kg,preco_por_kg) VALUES (1427,3,7,595.57,7.43);
INSERT INTO vendas (id_venda,id_cooperativa,id_comprador,data_venda,valor_total) VALUES (1428,4,71,'2025-04-12 02:43:39',0);
INSERT INTO vendas_itens (id_venda,id_material_base,id_material_catalogo,quantidade_kg,preco_por_kg) VALUES (1428,1,3,291.83,2.63);
INSERT INTO vendas_itens (id_venda,id_material_base,id_material_catalogo,quantidade_kg,preco_por_kg) VALUES (1428,1,3,506.92,3.96);
INSERT INTO vendas_itens (id_venda,id_material_base,id_material_catalogo,quantidade_kg,preco_por_kg) VALUES (1428,3,7,542.42,4.28);
INSERT INTO avaliacoes_compradores (id_venda,pontualidade_pagamento,logistica_entrega,qualidade_negociacao,comentario_livre) VALUES (1428,4,3,5,'');
INSERT INTO avaliacao_feedback_selecionado (id_avaliacao,id_feedback_tag) SELECT id_avaliacao,4 FROM avaliacoes_compradores WHERE id_venda=1428;
INSERT INTO avaliacao_feedback_selecionado (id_avaliacao,id_feedback_tag) SELECT id_avaliacao,7 FROM avaliacoes_compradores WHERE id_venda=1428;
INSERT INTO avaliacao_feedback_selecionado (id_avaliacao,id_feedback_tag) SELECT id_avaliacao,8 FROM avaliacoes_compradores WHERE id_venda=1428;
INSERT INTO vendas (id_venda,id_cooperativa,id_comprador,data_venda,valor_total) VALUES (1429,30,54,'2025-05-31 02:43:39',0);
INSERT INTO vendas_itens (id_venda,id_material_base,id_material_catalogo,quantidade_kg,preco_por_kg) VALUES (1429,1,2,506.90,2.61);
INSERT INTO vendas_itens (id_venda,id_material_base,id_material_catalogo,quantidade_kg,preco_por_kg) VALUES (1429,2,4,438.43,1.13);
INSERT INTO avaliacoes_compradores (id_venda,pontualidade_pagamento,logistica_entrega,qualidade_negociacao,comentario_livre) VALUES (1429,2,3,4,'');
INSERT INTO vendas (id_venda,id_cooperativa,id_comprador,data_venda,valor_total) VALUES (1430,46,34,'2024-12-02 02:43:39',0);
INSERT INTO vendas_itens (id_venda,id_material_base,id_material_catalogo,quantidade_kg,preco_por_kg) VALUES (1430,1,1,530.01,2.21);
INSERT INTO vendas_itens (id_venda,id_material_base,id_material_catalogo,quantidade_kg,preco_por_kg) VALUES (1430,1,3,269.91,2.80);
INSERT INTO vendas_itens (id_venda,id_material_base,id_material_catalogo,quantidade_kg,preco_por_kg) VALUES (1430,3,7,446.40,4.39);
INSERT INTO avaliacoes_compradores (id_venda,pontualidade_pagamento,logistica_entrega,qualidade_negociacao,comentario_livre) VALUES (1430,5,5,1,'');
INSERT INTO vendas (id_venda,id_cooperativa,id_comprador,data_venda,valor_total) VALUES (1431,33,48,'2025-03-17 02:43:39',0);
INSERT INTO vendas_itens (id_venda,id_material_base,id_material_catalogo,quantidade_kg,preco_por_kg) VALUES (1431,2,6,182.10,1.46);
INSERT INTO vendas_itens (id_venda,id_material_base,id_material_catalogo,quantidade_kg,preco_por_kg) VALUES (1431,3,9,383.33,5.50);
INSERT INTO avaliacoes_compradores (id_venda,pontualidade_pagamento,logistica_entrega,qualidade_negociacao,comentario_livre) VALUES (1431,5,2,4,'');
INSERT INTO vendas (id_venda,id_cooperativa,id_comprador,data_venda,valor_total) VALUES (1432,48,74,'2025-05-08 02:43:39',0);
INSERT INTO vendas_itens (id_venda,id_material_base,id_material_catalogo,quantidade_kg,preco_por_kg) VALUES (1432,3,9,245.72,3.00);
INSERT INTO vendas_itens (id_venda,id_material_base,id_material_catalogo,quantidade_kg,preco_por_kg) VALUES (1432,1,3,108.22,1.53);
INSERT INTO avaliacoes_compradores (id_venda,pontualidade_pagamento,logistica_entrega,qualidade_negociacao,comentario_livre) VALUES (1432,4,3,2,'');
INSERT INTO vendas (id_venda,id_cooperativa,id_comprador,data_venda,valor_total) VALUES (1433,8,100,'2025-07-01 02:43:39',0);
INSERT INTO vendas_itens (id_venda,id_material_base,id_material_catalogo,quantidade_kg,preco_por_kg) VALUES (1433,2,5,248.39,1.72);
INSERT INTO vendas_itens (id_venda,id_material_base,id_material_catalogo,quantidade_kg,preco_por_kg) VALUES (1433,2,4,190.79,1.18);
INSERT INTO vendas (id_venda,id_cooperativa,id_comprador,data_venda,valor_total) VALUES (1434,42,92,'2024-12-05 02:43:39',0);
INSERT INTO vendas_itens (id_venda,id_material_base,id_material_catalogo,quantidade_kg,preco_por_kg) VALUES (1434,2,4,577.89,1.41);
INSERT INTO vendas (id_venda,id_cooperativa,id_comprador,data_venda,valor_total) VALUES (1435,16,6,'2025-02-15 02:43:39',0);
INSERT INTO vendas_itens (id_venda,id_material_base,id_material_catalogo,quantidade_kg,preco_por_kg) VALUES (1435,3,7,590.43,3.70);
INSERT INTO avaliacoes_compradores (id_venda,pontualidade_pagamento,logistica_entrega,qualidade_negociacao,comentario_livre) VALUES (1435,5,2,5,'');
INSERT INTO avaliacao_feedback_selecionado (id_avaliacao,id_feedback_tag) SELECT id_avaliacao,3 FROM avaliacoes_compradores WHERE id_venda=1435;
INSERT INTO avaliacao_feedback_selecionado (id_avaliacao,id_feedback_tag) SELECT id_avaliacao,6 FROM avaliacoes_compradores WHERE id_venda=1435;
INSERT INTO vendas (id_venda,id_cooperativa,id_comprador,data_venda,valor_total) VALUES (1436,22,62,'2025-04-10 02:43:39',0);
INSERT INTO vendas_itens (id_venda,id_material_base,id_material_catalogo,quantidade_kg,preco_por_kg) VALUES (1436,1,3,495.84,2.29);
INSERT INTO vendas_itens (id_venda,id_material_base,id_material_catalogo,quantidade_kg,preco_por_kg) VALUES (1436,3,8,37.74,4.26);
INSERT INTO vendas_itens (id_venda,id_material_base,id_material_catalogo,quantidade_kg,preco_por_kg) VALUES (1436,1,3,520.06,3.91);
INSERT INTO avaliacoes_compradores (id_venda,pontualidade_pagamento,logistica_entrega,qualidade_negociacao,comentario_livre) VALUES (1436,3,5,5,'');
INSERT INTO avaliacao_feedback_selecionado (id_avaliacao,id_feedback_tag) SELECT id_avaliacao,11 FROM avaliacoes_compradores WHERE id_venda=1436;
INSERT INTO avaliacao_feedback_selecionado (id_avaliacao,id_feedback_tag) SELECT id_avaliacao,3 FROM avaliacoes_compradores WHERE id_venda=1436;
INSERT INTO vendas (id_venda,id_cooperativa,id_comprador,data_venda,valor_total) VALUES (1437,7,7,'2025-11-05 02:43:39',0);
INSERT INTO vendas_itens (id_venda,id_material_base,id_material_catalogo,quantidade_kg,preco_por_kg) VALUES (1437,3,7,438.90,3.47);
INSERT INTO vendas_itens (id_venda,id_material_base,id_material_catalogo,quantidade_kg,preco_por_kg) VALUES (1437,2,5,138.56,1.14);
INSERT INTO vendas_itens (id_venda,id_material_base,id_material_catalogo,quantidade_kg,preco_por_kg) VALUES (1437,2,4,519.71,0.59);
INSERT INTO avaliacoes_compradores (id_venda,pontualidade_pagamento,logistica_entrega,qualidade_negociacao,comentario_livre) VALUES (1437,5,5,3,'');
INSERT INTO avaliacao_feedback_selecionado (id_avaliacao,id_feedback_tag) SELECT id_avaliacao,8 FROM avaliacoes_compradores WHERE id_venda=1437;
INSERT INTO vendas (id_venda,id_cooperativa,id_comprador,data_venda,valor_total) VALUES (1438,23,48,'2025-09-10 02:43:39',0);
INSERT INTO vendas_itens (id_venda,id_material_base,id_material_catalogo,quantidade_kg,preco_por_kg) VALUES (1438,1,3,425.25,2.41);
INSERT INTO vendas_itens (id_venda,id_material_base,id_material_catalogo,quantidade_kg,preco_por_kg) VALUES (1438,3,7,33.81,6.70);
INSERT INTO vendas_itens (id_venda,id_material_base,id_material_catalogo,quantidade_kg,preco_por_kg) VALUES (1438,2,5,201.34,0.96);
INSERT INTO avaliacoes_compradores (id_venda,pontualidade_pagamento,logistica_entrega,qualidade_negociacao,comentario_livre) VALUES (1438,2,2,5,'');
INSERT INTO vendas (id_venda,id_cooperativa,id_comprador,data_venda,valor_total) VALUES (1439,49,19,'2025-10-28 02:43:39',0);
INSERT INTO vendas_itens (id_venda,id_material_base,id_material_catalogo,quantidade_kg,preco_por_kg) VALUES (1439,3,9,389.12,5.84);
INSERT INTO avaliacoes_compradores (id_venda,pontualidade_pagamento,logistica_entrega,qualidade_negociacao,comentario_livre) VALUES (1439,1,4,1,'');
INSERT INTO avaliacao_feedback_selecionado (id_avaliacao,id_feedback_tag) SELECT id_avaliacao,19 FROM avaliacoes_compradores WHERE id_venda=1439;
INSERT INTO avaliacao_feedback_selecionado (id_avaliacao,id_feedback_tag) SELECT id_avaliacao,13 FROM avaliacoes_compradores WHERE id_venda=1439;
INSERT INTO vendas (id_venda,id_cooperativa,id_comprador,data_venda,valor_total) VALUES (1440,44,55,'2025-03-09 02:43:39',0);
INSERT INTO vendas_itens (id_venda,id_material_base,id_material_catalogo,quantidade_kg,preco_por_kg) VALUES (1440,3,9,360.05,5.43);
INSERT INTO avaliacoes_compradores (id_venda,pontualidade_pagamento,logistica_entrega,qualidade_negociacao,comentario_livre) VALUES (1440,2,1,5,'');
INSERT INTO vendas (id_venda,id_cooperativa,id_comprador,data_venda,valor_total) VALUES (1441,7,87,'2025-06-26 02:43:39',0);
INSERT INTO vendas_itens (id_venda,id_material_base,id_material_catalogo,quantidade_kg,preco_por_kg) VALUES (1441,2,5,161.96,1.38);
INSERT INTO vendas_itens (id_venda,id_material_base,id_material_catalogo,quantidade_kg,preco_por_kg) VALUES (1441,2,6,357.90,0.93);
INSERT INTO vendas (id_venda,id_cooperativa,id_comprador,data_venda,valor_total) VALUES (1442,42,43,'2025-10-01 02:43:39',0);
INSERT INTO vendas_itens (id_venda,id_material_base,id_material_catalogo,quantidade_kg,preco_por_kg) VALUES (1442,3,9,127.47,3.88);
INSERT INTO avaliacoes_compradores (id_venda,pontualidade_pagamento,logistica_entrega,qualidade_negociacao,comentario_livre) VALUES (1442,1,4,5,'');
INSERT INTO vendas (id_venda,id_cooperativa,id_comprador,data_venda,valor_total) VALUES (1443,23,40,'2025-04-25 02:43:39',0);
INSERT INTO vendas_itens (id_venda,id_material_base,id_material_catalogo,quantidade_kg,preco_por_kg) VALUES (1443,3,7,296.09,7.66);
INSERT INTO vendas_itens (id_venda,id_material_base,id_material_catalogo,quantidade_kg,preco_por_kg) VALUES (1443,2,5,567.34,1.42);
INSERT INTO vendas_itens (id_venda,id_material_base,id_material_catalogo,quantidade_kg,preco_por_kg) VALUES (1443,2,5,44.94,0.90);
INSERT INTO avaliacoes_compradores (id_venda,pontualidade_pagamento,logistica_entrega,qualidade_negociacao,comentario_livre) VALUES (1443,4,3,2,'');
INSERT INTO vendas (id_venda,id_cooperativa,id_comprador,data_venda,valor_total) VALUES (1444,22,28,'2025-11-04 02:43:39',0);
INSERT INTO vendas_itens (id_venda,id_material_base,id_material_catalogo,quantidade_kg,preco_por_kg) VALUES (1444,2,6,219.10,1.04);
INSERT INTO vendas_itens (id_venda,id_material_base,id_material_catalogo,quantidade_kg,preco_por_kg) VALUES (1444,1,3,336.43,1.77);
INSERT INTO avaliacoes_compradores (id_venda,pontualidade_pagamento,logistica_entrega,qualidade_negociacao,comentario_livre) VALUES (1444,3,3,5,'');
INSERT INTO vendas (id_venda,id_cooperativa,id_comprador,data_venda,valor_total) VALUES (1445,45,17,'2025-05-11 02:43:39',0);
INSERT INTO vendas_itens (id_venda,id_material_base,id_material_catalogo,quantidade_kg,preco_por_kg) VALUES (1445,2,4,270.81,1.11);
INSERT INTO vendas_itens (id_venda,id_material_base,id_material_catalogo,quantidade_kg,preco_por_kg) VALUES (1445,1,1,153.75,3.02);
INSERT INTO avaliacoes_compradores (id_venda,pontualidade_pagamento,logistica_entrega,qualidade_negociacao,comentario_livre) VALUES (1445,1,5,5,'');
INSERT INTO vendas (id_venda,id_cooperativa,id_comprador,data_venda,valor_total) VALUES (1446,37,39,'2024-11-27 02:43:39',0);
INSERT INTO vendas_itens (id_venda,id_material_base,id_material_catalogo,quantidade_kg,preco_por_kg) VALUES (1446,3,8,457.60,3.69);
INSERT INTO avaliacoes_compradores (id_venda,pontualidade_pagamento,logistica_entrega,qualidade_negociacao,comentario_livre) VALUES (1446,3,5,2,'');
INSERT INTO vendas (id_venda,id_cooperativa,id_comprador,data_venda,valor_total) VALUES (1447,6,20,'2025-01-24 02:43:39',0);
INSERT INTO vendas_itens (id_venda,id_material_base,id_material_catalogo,quantidade_kg,preco_por_kg) VALUES (1447,1,2,131.06,2.01);
INSERT INTO vendas_itens (id_venda,id_material_base,id_material_catalogo,quantidade_kg,preco_por_kg) VALUES (1447,2,4,589.59,1.03);
INSERT INTO vendas_itens (id_venda,id_material_base,id_material_catalogo,quantidade_kg,preco_por_kg) VALUES (1447,1,2,548.51,3.69);
INSERT INTO avaliacoes_compradores (id_venda,pontualidade_pagamento,logistica_entrega,qualidade_negociacao,comentario_livre) VALUES (1447,1,2,1,'');
INSERT INTO avaliacao_feedback_selecionado (id_avaliacao,id_feedback_tag) SELECT id_avaliacao,18 FROM avaliacoes_compradores WHERE id_venda=1447;
INSERT INTO avaliacao_feedback_selecionado (id_avaliacao,id_feedback_tag) SELECT id_avaliacao,19 FROM avaliacoes_compradores WHERE id_venda=1447;
INSERT INTO avaliacao_feedback_selecionado (id_avaliacao,id_feedback_tag) SELECT id_avaliacao,13 FROM avaliacoes_compradores WHERE id_venda=1447;
INSERT INTO vendas (id_venda,id_cooperativa,id_comprador,data_venda,valor_total) VALUES (1448,6,60,'2025-04-22 02:43:39',0);
INSERT INTO vendas_itens (id_venda,id_material_base,id_material_catalogo,quantidade_kg,preco_por_kg) VALUES (1448,3,9,521.20,6.96);
INSERT INTO avaliacoes_compradores (id_venda,pontualidade_pagamento,logistica_entrega,qualidade_negociacao,comentario_livre) VALUES (1448,1,5,4,'');
INSERT INTO vendas (id_venda,id_cooperativa,id_comprador,data_venda,valor_total) VALUES (1449,30,62,'2025-11-03 02:43:39',0);
INSERT INTO vendas_itens (id_venda,id_material_base,id_material_catalogo,quantidade_kg,preco_por_kg) VALUES (1449,1,3,514.14,3.22);
INSERT INTO vendas_itens (id_venda,id_material_base,id_material_catalogo,quantidade_kg,preco_por_kg) VALUES (1449,2,5,423.92,1.03);
INSERT INTO avaliacoes_compradores (id_venda,pontualidade_pagamento,logistica_entrega,qualidade_negociacao,comentario_livre) VALUES (1449,3,2,3,'');
INSERT INTO vendas (id_venda,id_cooperativa,id_comprador,data_venda,valor_total) VALUES (1450,22,41,'2025-03-25 02:43:39',0);
INSERT INTO vendas_itens (id_venda,id_material_base,id_material_catalogo,quantidade_kg,preco_por_kg) VALUES (1450,3,7,551.06,4.40);
INSERT INTO vendas_itens (id_venda,id_material_base,id_material_catalogo,quantidade_kg,preco_por_kg) VALUES (1450,1,2,66.87,2.43);
INSERT INTO avaliacoes_compradores (id_venda,pontualidade_pagamento,logistica_entrega,qualidade_negociacao,comentario_livre) VALUES (1450,3,1,1,'');
INSERT INTO avaliacao_feedback_selecionado (id_avaliacao,id_feedback_tag) SELECT id_avaliacao,15 FROM avaliacoes_compradores WHERE id_venda=1450;
INSERT INTO avaliacao_feedback_selecionado (id_avaliacao,id_feedback_tag) SELECT id_avaliacao,20 FROM avaliacoes_compradores WHERE id_venda=1450;
INSERT INTO vendas (id_venda,id_cooperativa,id_comprador,data_venda,valor_total) VALUES (1451,20,57,'2025-10-29 02:43:39',0);
INSERT INTO vendas_itens (id_venda,id_material_base,id_material_catalogo,quantidade_kg,preco_por_kg) VALUES (1451,1,2,125.77,2.17);
INSERT INTO vendas_itens (id_venda,id_material_base,id_material_catalogo,quantidade_kg,preco_por_kg) VALUES (1451,2,4,212.84,0.87);
INSERT INTO avaliacoes_compradores (id_venda,pontualidade_pagamento,logistica_entrega,qualidade_negociacao,comentario_livre) VALUES (1451,5,5,4,'');
INSERT INTO avaliacao_feedback_selecionado (id_avaliacao,id_feedback_tag) SELECT id_avaliacao,5 FROM avaliacoes_compradores WHERE id_venda=1451;
INSERT INTO avaliacao_feedback_selecionado (id_avaliacao,id_feedback_tag) SELECT id_avaliacao,8 FROM avaliacoes_compradores WHERE id_venda=1451;
INSERT INTO avaliacao_feedback_selecionado (id_avaliacao,id_feedback_tag) SELECT id_avaliacao,2 FROM avaliacoes_compradores WHERE id_venda=1451;
INSERT INTO vendas (id_venda,id_cooperativa,id_comprador,data_venda,valor_total) VALUES (1452,27,2,'2024-12-31 02:43:39',0);
INSERT INTO vendas_itens (id_venda,id_material_base,id_material_catalogo,quantidade_kg,preco_por_kg) VALUES (1452,3,7,292.15,3.00);
INSERT INTO vendas_itens (id_venda,id_material_base,id_material_catalogo,quantidade_kg,preco_por_kg) VALUES (1452,1,2,193.14,3.18);
INSERT INTO avaliacoes_compradores (id_venda,pontualidade_pagamento,logistica_entrega,qualidade_negociacao,comentario_livre) VALUES (1452,3,4,2,'');
INSERT INTO vendas (id_venda,id_cooperativa,id_comprador,data_venda,valor_total) VALUES (1453,21,59,'2025-11-09 02:43:39',0);
INSERT INTO vendas_itens (id_venda,id_material_base,id_material_catalogo,quantidade_kg,preco_por_kg) VALUES (1453,2,5,402.34,0.76);
INSERT INTO vendas_itens (id_venda,id_material_base,id_material_catalogo,quantidade_kg,preco_por_kg) VALUES (1453,3,8,371.10,5.99);
INSERT INTO vendas_itens (id_venda,id_material_base,id_material_catalogo,quantidade_kg,preco_por_kg) VALUES (1453,1,2,447.06,2.52);
INSERT INTO vendas (id_venda,id_cooperativa,id_comprador,data_venda,valor_total) VALUES (1454,36,42,'2025-06-12 02:43:39',0);
INSERT INTO vendas_itens (id_venda,id_material_base,id_material_catalogo,quantidade_kg,preco_por_kg) VALUES (1454,3,7,512.08,2.83);
INSERT INTO vendas_itens (id_venda,id_material_base,id_material_catalogo,quantidade_kg,preco_por_kg) VALUES (1454,3,9,55.59,7.36);
INSERT INTO vendas (id_venda,id_cooperativa,id_comprador,data_venda,valor_total) VALUES (1455,21,39,'2025-08-01 02:43:39',0);
INSERT INTO vendas_itens (id_venda,id_material_base,id_material_catalogo,quantidade_kg,preco_por_kg) VALUES (1455,3,9,478.88,7.95);
INSERT INTO vendas_itens (id_venda,id_material_base,id_material_catalogo,quantidade_kg,preco_por_kg) VALUES (1455,3,7,575.16,7.16);
INSERT INTO avaliacoes_compradores (id_venda,pontualidade_pagamento,logistica_entrega,qualidade_negociacao,comentario_livre) VALUES (1455,1,3,2,'');
INSERT INTO avaliacao_feedback_selecionado (id_avaliacao,id_feedback_tag) SELECT id_avaliacao,16 FROM avaliacoes_compradores WHERE id_venda=1455;
INSERT INTO vendas (id_venda,id_cooperativa,id_comprador,data_venda,valor_total) VALUES (1456,33,28,'2025-04-06 02:43:39',0);
INSERT INTO vendas_itens (id_venda,id_material_base,id_material_catalogo,quantidade_kg,preco_por_kg) VALUES (1456,1,3,365.72,2.26);
INSERT INTO vendas_itens (id_venda,id_material_base,id_material_catalogo,quantidade_kg,preco_por_kg) VALUES (1456,3,8,575.29,7.35);
INSERT INTO vendas_itens (id_venda,id_material_base,id_material_catalogo,quantidade_kg,preco_por_kg) VALUES (1456,1,3,552.17,3.41);
INSERT INTO vendas (id_venda,id_cooperativa,id_comprador,data_venda,valor_total) VALUES (1457,13,8,'2025-07-01 02:43:39',0);
INSERT INTO vendas_itens (id_venda,id_material_base,id_material_catalogo,quantidade_kg,preco_por_kg) VALUES (1457,2,5,530.41,0.78);
INSERT INTO vendas (id_venda,id_cooperativa,id_comprador,data_venda,valor_total) VALUES (1458,5,19,'2025-04-13 02:43:39',0);
INSERT INTO vendas_itens (id_venda,id_material_base,id_material_catalogo,quantidade_kg,preco_por_kg) VALUES (1458,3,8,258.12,5.69);
INSERT INTO vendas_itens (id_venda,id_material_base,id_material_catalogo,quantidade_kg,preco_por_kg) VALUES (1458,3,7,548.61,5.70);
INSERT INTO avaliacoes_compradores (id_venda,pontualidade_pagamento,logistica_entrega,qualidade_negociacao,comentario_livre) VALUES (1458,1,2,5,'');
INSERT INTO vendas (id_venda,id_cooperativa,id_comprador,data_venda,valor_total) VALUES (1459,19,90,'2025-11-06 02:43:39',0);
INSERT INTO vendas_itens (id_venda,id_material_base,id_material_catalogo,quantidade_kg,preco_por_kg) VALUES (1459,2,5,86.91,0.74);
INSERT INTO vendas (id_venda,id_cooperativa,id_comprador,data_venda,valor_total) VALUES (1460,15,11,'2025-11-12 02:43:39',0);
INSERT INTO vendas_itens (id_venda,id_material_base,id_material_catalogo,quantidade_kg,preco_por_kg) VALUES (1460,1,3,485.90,1.72);
INSERT INTO avaliacoes_compradores (id_venda,pontualidade_pagamento,logistica_entrega,qualidade_negociacao,comentario_livre) VALUES (1460,2,1,3,'');
INSERT INTO avaliacao_feedback_selecionado (id_avaliacao,id_feedback_tag) SELECT id_avaliacao,23 FROM avaliacoes_compradores WHERE id_venda=1460;
INSERT INTO avaliacao_feedback_selecionado (id_avaliacao,id_feedback_tag) SELECT id_avaliacao,19 FROM avaliacoes_compradores WHERE id_venda=1460;
INSERT INTO vendas (id_venda,id_cooperativa,id_comprador,data_venda,valor_total) VALUES (1461,23,40,'2025-09-16 02:43:39',0);
INSERT INTO vendas_itens (id_venda,id_material_base,id_material_catalogo,quantidade_kg,preco_por_kg) VALUES (1461,3,8,294.98,7.54);
INSERT INTO vendas_itens (id_venda,id_material_base,id_material_catalogo,quantidade_kg,preco_por_kg) VALUES (1461,1,1,229.31,3.02);
INSERT INTO vendas (id_venda,id_cooperativa,id_comprador,data_venda,valor_total) VALUES (1462,20,6,'2025-08-13 02:43:39',0);
INSERT INTO vendas_itens (id_venda,id_material_base,id_material_catalogo,quantidade_kg,preco_por_kg) VALUES (1462,3,7,217.44,5.88);
INSERT INTO vendas_itens (id_venda,id_material_base,id_material_catalogo,quantidade_kg,preco_por_kg) VALUES (1462,3,8,132.45,5.90);
INSERT INTO vendas_itens (id_venda,id_material_base,id_material_catalogo,quantidade_kg,preco_por_kg) VALUES (1462,2,5,494.40,0.71);
INSERT INTO avaliacoes_compradores (id_venda,pontualidade_pagamento,logistica_entrega,qualidade_negociacao,comentario_livre) VALUES (1462,5,3,1,'');
INSERT INTO vendas (id_venda,id_cooperativa,id_comprador,data_venda,valor_total) VALUES (1463,30,2,'2024-11-28 02:43:39',0);
INSERT INTO vendas_itens (id_venda,id_material_base,id_material_catalogo,quantidade_kg,preco_por_kg) VALUES (1463,2,5,327.93,1.38);
INSERT INTO avaliacoes_compradores (id_venda,pontualidade_pagamento,logistica_entrega,qualidade_negociacao,comentario_livre) VALUES (1463,4,5,5,'');
INSERT INTO avaliacao_feedback_selecionado (id_avaliacao,id_feedback_tag) SELECT id_avaliacao,1 FROM avaliacoes_compradores WHERE id_venda=1463;
INSERT INTO vendas (id_venda,id_cooperativa,id_comprador,data_venda,valor_total) VALUES (1464,35,99,'2025-07-21 02:43:39',0);
INSERT INTO vendas_itens (id_venda,id_material_base,id_material_catalogo,quantidade_kg,preco_por_kg) VALUES (1464,1,1,377.20,1.74);
INSERT INTO avaliacoes_compradores (id_venda,pontualidade_pagamento,logistica_entrega,qualidade_negociacao,comentario_livre) VALUES (1464,4,4,5,'');
INSERT INTO avaliacao_feedback_selecionado (id_avaliacao,id_feedback_tag) SELECT id_avaliacao,6 FROM avaliacoes_compradores WHERE id_venda=1464;
INSERT INTO vendas (id_venda,id_cooperativa,id_comprador,data_venda,valor_total) VALUES (1465,44,45,'2025-05-12 02:43:39',0);
INSERT INTO vendas_itens (id_venda,id_material_base,id_material_catalogo,quantidade_kg,preco_por_kg) VALUES (1465,3,8,544.85,7.14);
INSERT INTO vendas_itens (id_venda,id_material_base,id_material_catalogo,quantidade_kg,preco_por_kg) VALUES (1465,2,6,187.81,0.74);
INSERT INTO vendas (id_venda,id_cooperativa,id_comprador,data_venda,valor_total) VALUES (1466,13,8,'2025-01-08 02:43:39',0);
INSERT INTO vendas_itens (id_venda,id_material_base,id_material_catalogo,quantidade_kg,preco_por_kg) VALUES (1466,1,1,94.54,2.29);
INSERT INTO vendas_itens (id_venda,id_material_base,id_material_catalogo,quantidade_kg,preco_por_kg) VALUES (1466,2,5,599.22,1.13);
INSERT INTO vendas_itens (id_venda,id_material_base,id_material_catalogo,quantidade_kg,preco_por_kg) VALUES (1466,1,1,53.58,3.25);
INSERT INTO avaliacoes_compradores (id_venda,pontualidade_pagamento,logistica_entrega,qualidade_negociacao,comentario_livre) VALUES (1466,5,5,1,'');
INSERT INTO vendas (id_venda,id_cooperativa,id_comprador,data_venda,valor_total) VALUES (1467,25,70,'2025-07-18 02:43:39',0);
INSERT INTO vendas_itens (id_venda,id_material_base,id_material_catalogo,quantidade_kg,preco_por_kg) VALUES (1467,1,1,556.62,2.71);
INSERT INTO vendas_itens (id_venda,id_material_base,id_material_catalogo,quantidade_kg,preco_por_kg) VALUES (1467,2,4,438.53,1.23);
INSERT INTO vendas_itens (id_venda,id_material_base,id_material_catalogo,quantidade_kg,preco_por_kg) VALUES (1467,1,2,543.29,1.69);
INSERT INTO avaliacoes_compradores (id_venda,pontualidade_pagamento,logistica_entrega,qualidade_negociacao,comentario_livre) VALUES (1467,3,5,2,'');
INSERT INTO vendas (id_venda,id_cooperativa,id_comprador,data_venda,valor_total) VALUES (1468,36,58,'2025-07-30 02:43:39',0);
INSERT INTO vendas_itens (id_venda,id_material_base,id_material_catalogo,quantidade_kg,preco_por_kg) VALUES (1468,2,4,599.60,1.74);
INSERT INTO vendas_itens (id_venda,id_material_base,id_material_catalogo,quantidade_kg,preco_por_kg) VALUES (1468,2,6,124.47,1.02);
INSERT INTO avaliacoes_compradores (id_venda,pontualidade_pagamento,logistica_entrega,qualidade_negociacao,comentario_livre) VALUES (1468,5,1,1,'');
INSERT INTO vendas (id_venda,id_cooperativa,id_comprador,data_venda,valor_total) VALUES (1469,36,40,'2024-12-07 02:43:39',0);
INSERT INTO vendas_itens (id_venda,id_material_base,id_material_catalogo,quantidade_kg,preco_por_kg) VALUES (1469,2,4,117.81,0.75);
INSERT INTO avaliacoes_compradores (id_venda,pontualidade_pagamento,logistica_entrega,qualidade_negociacao,comentario_livre) VALUES (1469,2,5,5,'');
INSERT INTO avaliacao_feedback_selecionado (id_avaliacao,id_feedback_tag) SELECT id_avaliacao,6 FROM avaliacoes_compradores WHERE id_venda=1469;
INSERT INTO avaliacao_feedback_selecionado (id_avaliacao,id_feedback_tag) SELECT id_avaliacao,4 FROM avaliacoes_compradores WHERE id_venda=1469;
INSERT INTO vendas (id_venda,id_cooperativa,id_comprador,data_venda,valor_total) VALUES (1470,31,1,'2024-12-17 02:43:39',0);
INSERT INTO vendas_itens (id_venda,id_material_base,id_material_catalogo,quantidade_kg,preco_por_kg) VALUES (1470,1,3,505.92,3.21);
INSERT INTO vendas_itens (id_venda,id_material_base,id_material_catalogo,quantidade_kg,preco_por_kg) VALUES (1470,3,8,527.67,4.08);
INSERT INTO vendas_itens (id_venda,id_material_base,id_material_catalogo,quantidade_kg,preco_por_kg) VALUES (1470,3,9,378.00,3.98);
INSERT INTO vendas (id_venda,id_cooperativa,id_comprador,data_venda,valor_total) VALUES (1471,4,78,'2025-02-07 02:43:39',0);
INSERT INTO vendas_itens (id_venda,id_material_base,id_material_catalogo,quantidade_kg,preco_por_kg) VALUES (1471,2,5,490.20,1.54);
INSERT INTO vendas_itens (id_venda,id_material_base,id_material_catalogo,quantidade_kg,preco_por_kg) VALUES (1471,2,4,572.99,1.37);
INSERT INTO vendas_itens (id_venda,id_material_base,id_material_catalogo,quantidade_kg,preco_por_kg) VALUES (1471,1,3,61.79,2.69);
INSERT INTO vendas (id_venda,id_cooperativa,id_comprador,data_venda,valor_total) VALUES (1472,36,21,'2025-08-30 02:43:39',0);
INSERT INTO vendas_itens (id_venda,id_material_base,id_material_catalogo,quantidade_kg,preco_por_kg) VALUES (1472,2,4,303.48,0.89);
INSERT INTO vendas_itens (id_venda,id_material_base,id_material_catalogo,quantidade_kg,preco_por_kg) VALUES (1472,2,4,490.20,1.28);
INSERT INTO vendas (id_venda,id_cooperativa,id_comprador,data_venda,valor_total) VALUES (1473,7,80,'2025-09-15 02:43:39',0);
INSERT INTO vendas_itens (id_venda,id_material_base,id_material_catalogo,quantidade_kg,preco_por_kg) VALUES (1473,2,5,192.52,1.52);
INSERT INTO avaliacoes_compradores (id_venda,pontualidade_pagamento,logistica_entrega,qualidade_negociacao,comentario_livre) VALUES (1473,3,1,3,'');
INSERT INTO vendas (id_venda,id_cooperativa,id_comprador,data_venda,valor_total) VALUES (1474,44,13,'2024-12-11 02:43:39',0);
INSERT INTO vendas_itens (id_venda,id_material_base,id_material_catalogo,quantidade_kg,preco_por_kg) VALUES (1474,2,5,45.78,1.50);
INSERT INTO vendas (id_venda,id_cooperativa,id_comprador,data_venda,valor_total) VALUES (1475,48,80,'2025-07-28 02:43:39',0);
INSERT INTO vendas_itens (id_venda,id_material_base,id_material_catalogo,quantidade_kg,preco_por_kg) VALUES (1475,1,1,567.28,2.45);
INSERT INTO vendas_itens (id_venda,id_material_base,id_material_catalogo,quantidade_kg,preco_por_kg) VALUES (1475,2,5,133.34,1.64);
INSERT INTO vendas_itens (id_venda,id_material_base,id_material_catalogo,quantidade_kg,preco_por_kg) VALUES (1475,3,9,36.18,5.88);
INSERT INTO vendas (id_venda,id_cooperativa,id_comprador,data_venda,valor_total) VALUES (1476,5,51,'2025-06-19 02:43:39',0);
INSERT INTO vendas_itens (id_venda,id_material_base,id_material_catalogo,quantidade_kg,preco_por_kg) VALUES (1476,3,9,86.10,6.09);
INSERT INTO vendas_itens (id_venda,id_material_base,id_material_catalogo,quantidade_kg,preco_por_kg) VALUES (1476,3,9,533.31,3.95);
INSERT INTO vendas_itens (id_venda,id_material_base,id_material_catalogo,quantidade_kg,preco_por_kg) VALUES (1476,1,1,81.13,3.09);
INSERT INTO avaliacoes_compradores (id_venda,pontualidade_pagamento,logistica_entrega,qualidade_negociacao,comentario_livre) VALUES (1476,5,4,2,'');
INSERT INTO vendas (id_venda,id_cooperativa,id_comprador,data_venda,valor_total) VALUES (1477,50,95,'2025-03-25 02:43:39',0);
INSERT INTO vendas_itens (id_venda,id_material_base,id_material_catalogo,quantidade_kg,preco_por_kg) VALUES (1477,3,8,296.87,7.03);
INSERT INTO vendas_itens (id_venda,id_material_base,id_material_catalogo,quantidade_kg,preco_por_kg) VALUES (1477,2,4,553.63,0.51);
INSERT INTO vendas_itens (id_venda,id_material_base,id_material_catalogo,quantidade_kg,preco_por_kg) VALUES (1477,2,6,72.73,0.59);
INSERT INTO avaliacoes_compradores (id_venda,pontualidade_pagamento,logistica_entrega,qualidade_negociacao,comentario_livre) VALUES (1477,3,3,1,'');
INSERT INTO vendas (id_venda,id_cooperativa,id_comprador,data_venda,valor_total) VALUES (1478,10,76,'2025-05-14 02:43:39',0);
INSERT INTO vendas_itens (id_venda,id_material_base,id_material_catalogo,quantidade_kg,preco_por_kg) VALUES (1478,3,8,474.88,5.54);
INSERT INTO vendas_itens (id_venda,id_material_base,id_material_catalogo,quantidade_kg,preco_por_kg) VALUES (1478,1,2,468.98,2.88);
INSERT INTO avaliacoes_compradores (id_venda,pontualidade_pagamento,logistica_entrega,qualidade_negociacao,comentario_livre) VALUES (1478,4,5,2,'');
INSERT INTO vendas (id_venda,id_cooperativa,id_comprador,data_venda,valor_total) VALUES (1479,37,21,'2025-03-13 02:43:39',0);
INSERT INTO vendas_itens (id_venda,id_material_base,id_material_catalogo,quantidade_kg,preco_por_kg) VALUES (1479,2,5,115.92,1.01);
INSERT INTO vendas_itens (id_venda,id_material_base,id_material_catalogo,quantidade_kg,preco_por_kg) VALUES (1479,1,1,129.38,2.68);
INSERT INTO avaliacoes_compradores (id_venda,pontualidade_pagamento,logistica_entrega,qualidade_negociacao,comentario_livre) VALUES (1479,4,5,2,'');
INSERT INTO vendas (id_venda,id_cooperativa,id_comprador,data_venda,valor_total) VALUES (1480,39,8,'2025-04-15 02:43:39',0);
INSERT INTO vendas_itens (id_venda,id_material_base,id_material_catalogo,quantidade_kg,preco_por_kg) VALUES (1480,3,9,466.99,6.00);
INSERT INTO vendas_itens (id_venda,id_material_base,id_material_catalogo,quantidade_kg,preco_por_kg) VALUES (1480,3,8,363.60,6.30);
INSERT INTO vendas (id_venda,id_cooperativa,id_comprador,data_venda,valor_total) VALUES (1481,18,3,'2025-08-14 02:43:39',0);
INSERT INTO vendas_itens (id_venda,id_material_base,id_material_catalogo,quantidade_kg,preco_por_kg) VALUES (1481,3,9,291.52,5.03);
INSERT INTO vendas (id_venda,id_cooperativa,id_comprador,data_venda,valor_total) VALUES (1482,27,64,'2024-12-23 02:43:39',0);
INSERT INTO vendas_itens (id_venda,id_material_base,id_material_catalogo,quantidade_kg,preco_por_kg) VALUES (1482,1,2,305.06,3.46);
INSERT INTO vendas_itens (id_venda,id_material_base,id_material_catalogo,quantidade_kg,preco_por_kg) VALUES (1482,1,2,159.03,3.73);
INSERT INTO vendas_itens (id_venda,id_material_base,id_material_catalogo,quantidade_kg,preco_por_kg) VALUES (1482,3,9,566.87,7.53);
INSERT INTO avaliacoes_compradores (id_venda,pontualidade_pagamento,logistica_entrega,qualidade_negociacao,comentario_livre) VALUES (1482,5,2,3,'');
INSERT INTO vendas (id_venda,id_cooperativa,id_comprador,data_venda,valor_total) VALUES (1483,48,36,'2025-08-20 02:43:39',0);
INSERT INTO vendas_itens (id_venda,id_material_base,id_material_catalogo,quantidade_kg,preco_por_kg) VALUES (1483,3,7,125.44,5.55);
INSERT INTO vendas (id_venda,id_cooperativa,id_comprador,data_venda,valor_total) VALUES (1484,50,56,'2025-09-14 02:43:39',0);
INSERT INTO vendas_itens (id_venda,id_material_base,id_material_catalogo,quantidade_kg,preco_por_kg) VALUES (1484,2,5,112.58,1.29);
INSERT INTO vendas_itens (id_venda,id_material_base,id_material_catalogo,quantidade_kg,preco_por_kg) VALUES (1484,2,5,525.67,1.77);
INSERT INTO avaliacoes_compradores (id_venda,pontualidade_pagamento,logistica_entrega,qualidade_negociacao,comentario_livre) VALUES (1484,2,3,1,'');
INSERT INTO avaliacao_feedback_selecionado (id_avaliacao,id_feedback_tag) SELECT id_avaliacao,20 FROM avaliacoes_compradores WHERE id_venda=1484;
INSERT INTO avaliacao_feedback_selecionado (id_avaliacao,id_feedback_tag) SELECT id_avaliacao,19 FROM avaliacoes_compradores WHERE id_venda=1484;
INSERT INTO vendas (id_venda,id_cooperativa,id_comprador,data_venda,valor_total) VALUES (1485,24,64,'2025-10-10 02:43:39',0);
INSERT INTO vendas_itens (id_venda,id_material_base,id_material_catalogo,quantidade_kg,preco_por_kg) VALUES (1485,1,3,239.66,2.05);
INSERT INTO vendas_itens (id_venda,id_material_base,id_material_catalogo,quantidade_kg,preco_por_kg) VALUES (1485,1,1,587.37,1.54);
INSERT INTO vendas_itens (id_venda,id_material_base,id_material_catalogo,quantidade_kg,preco_por_kg) VALUES (1485,3,8,415.42,3.32);
INSERT INTO avaliacoes_compradores (id_venda,pontualidade_pagamento,logistica_entrega,qualidade_negociacao,comentario_livre) VALUES (1485,1,5,3,'');
INSERT INTO vendas (id_venda,id_cooperativa,id_comprador,data_venda,valor_total) VALUES (1486,45,35,'2025-10-28 02:43:39',0);
INSERT INTO vendas_itens (id_venda,id_material_base,id_material_catalogo,quantidade_kg,preco_por_kg) VALUES (1486,3,8,395.92,5.92);
INSERT INTO vendas_itens (id_venda,id_material_base,id_material_catalogo,quantidade_kg,preco_por_kg) VALUES (1486,3,7,175.11,5.74);
INSERT INTO vendas_itens (id_venda,id_material_base,id_material_catalogo,quantidade_kg,preco_por_kg) VALUES (1486,2,4,258.00,1.78);
INSERT INTO avaliacoes_compradores (id_venda,pontualidade_pagamento,logistica_entrega,qualidade_negociacao,comentario_livre) VALUES (1486,3,3,3,'');
INSERT INTO vendas (id_venda,id_cooperativa,id_comprador,data_venda,valor_total) VALUES (1487,11,81,'2025-10-20 02:43:39',0);
INSERT INTO vendas_itens (id_venda,id_material_base,id_material_catalogo,quantidade_kg,preco_por_kg) VALUES (1487,1,3,557.60,2.55);
INSERT INTO vendas_itens (id_venda,id_material_base,id_material_catalogo,quantidade_kg,preco_por_kg) VALUES (1487,3,8,227.86,4.85);
INSERT INTO vendas_itens (id_venda,id_material_base,id_material_catalogo,quantidade_kg,preco_por_kg) VALUES (1487,3,9,397.10,6.61);
INSERT INTO avaliacoes_compradores (id_venda,pontualidade_pagamento,logistica_entrega,qualidade_negociacao,comentario_livre) VALUES (1487,3,5,2,'');
INSERT INTO vendas (id_venda,id_cooperativa,id_comprador,data_venda,valor_total) VALUES (1488,19,73,'2025-05-22 02:43:39',0);
INSERT INTO vendas_itens (id_venda,id_material_base,id_material_catalogo,quantidade_kg,preco_por_kg) VALUES (1488,3,9,145.97,6.92);
INSERT INTO vendas_itens (id_venda,id_material_base,id_material_catalogo,quantidade_kg,preco_por_kg) VALUES (1488,2,6,260.42,0.67);
INSERT INTO vendas (id_venda,id_cooperativa,id_comprador,data_venda,valor_total) VALUES (1489,2,57,'2025-05-20 02:43:39',0);
INSERT INTO vendas_itens (id_venda,id_material_base,id_material_catalogo,quantidade_kg,preco_por_kg) VALUES (1489,2,6,587.52,0.94);
INSERT INTO vendas_itens (id_venda,id_material_base,id_material_catalogo,quantidade_kg,preco_por_kg) VALUES (1489,2,6,455.89,0.87);
INSERT INTO vendas (id_venda,id_cooperativa,id_comprador,data_venda,valor_total) VALUES (1490,7,45,'2025-09-02 02:43:39',0);
INSERT INTO vendas_itens (id_venda,id_material_base,id_material_catalogo,quantidade_kg,preco_por_kg) VALUES (1490,3,7,571.62,5.28);
INSERT INTO vendas_itens (id_venda,id_material_base,id_material_catalogo,quantidade_kg,preco_por_kg) VALUES (1490,2,6,86.57,1.65);
INSERT INTO vendas_itens (id_venda,id_material_base,id_material_catalogo,quantidade_kg,preco_por_kg) VALUES (1490,2,5,357.33,1.07);
INSERT INTO vendas (id_venda,id_cooperativa,id_comprador,data_venda,valor_total) VALUES (1491,12,53,'2025-07-09 02:43:39',0);
INSERT INTO vendas_itens (id_venda,id_material_base,id_material_catalogo,quantidade_kg,preco_por_kg) VALUES (1491,1,1,454.37,2.18);
INSERT INTO vendas_itens (id_venda,id_material_base,id_material_catalogo,quantidade_kg,preco_por_kg) VALUES (1491,2,4,558.67,1.00);
INSERT INTO avaliacoes_compradores (id_venda,pontualidade_pagamento,logistica_entrega,qualidade_negociacao,comentario_livre) VALUES (1491,2,2,4,'');
INSERT INTO vendas (id_venda,id_cooperativa,id_comprador,data_venda,valor_total) VALUES (1492,14,90,'2025-04-30 02:43:39',0);
INSERT INTO vendas_itens (id_venda,id_material_base,id_material_catalogo,quantidade_kg,preco_por_kg) VALUES (1492,1,2,420.44,1.33);
INSERT INTO vendas_itens (id_venda,id_material_base,id_material_catalogo,quantidade_kg,preco_por_kg) VALUES (1492,2,5,165.95,1.10);
INSERT INTO vendas_itens (id_venda,id_material_base,id_material_catalogo,quantidade_kg,preco_por_kg) VALUES (1492,2,6,211.21,0.93);
INSERT INTO avaliacoes_compradores (id_venda,pontualidade_pagamento,logistica_entrega,qualidade_negociacao,comentario_livre) VALUES (1492,5,4,2,'');
INSERT INTO vendas (id_venda,id_cooperativa,id_comprador,data_venda,valor_total) VALUES (1493,42,99,'2025-07-20 02:43:39',0);
INSERT INTO vendas_itens (id_venda,id_material_base,id_material_catalogo,quantidade_kg,preco_por_kg) VALUES (1493,1,3,387.32,1.94);
INSERT INTO vendas_itens (id_venda,id_material_base,id_material_catalogo,quantidade_kg,preco_por_kg) VALUES (1493,1,2,60.02,1.68);
INSERT INTO avaliacoes_compradores (id_venda,pontualidade_pagamento,logistica_entrega,qualidade_negociacao,comentario_livre) VALUES (1493,2,4,1,'');
INSERT INTO vendas (id_venda,id_cooperativa,id_comprador,data_venda,valor_total) VALUES (1494,18,14,'2025-09-20 02:43:39',0);
INSERT INTO vendas_itens (id_venda,id_material_base,id_material_catalogo,quantidade_kg,preco_por_kg) VALUES (1494,2,5,264.67,1.30);
INSERT INTO avaliacoes_compradores (id_venda,pontualidade_pagamento,logistica_entrega,qualidade_negociacao,comentario_livre) VALUES (1494,3,5,4,'');
INSERT INTO avaliacao_feedback_selecionado (id_avaliacao,id_feedback_tag) SELECT id_avaliacao,2 FROM avaliacoes_compradores WHERE id_venda=1494;
INSERT INTO vendas (id_venda,id_cooperativa,id_comprador,data_venda,valor_total) VALUES (1495,8,11,'2025-03-20 02:43:39',0);
INSERT INTO vendas_itens (id_venda,id_material_base,id_material_catalogo,quantidade_kg,preco_por_kg) VALUES (1495,2,4,484.99,1.69);
INSERT INTO vendas (id_venda,id_cooperativa,id_comprador,data_venda,valor_total) VALUES (1496,17,7,'2025-06-03 02:43:39',0);
INSERT INTO vendas_itens (id_venda,id_material_base,id_material_catalogo,quantidade_kg,preco_por_kg) VALUES (1496,2,4,82.13,1.35);
INSERT INTO vendas_itens (id_venda,id_material_base,id_material_catalogo,quantidade_kg,preco_por_kg) VALUES (1496,3,8,76.59,2.60);
INSERT INTO vendas_itens (id_venda,id_material_base,id_material_catalogo,quantidade_kg,preco_por_kg) VALUES (1496,3,9,70.67,7.24);
INSERT INTO avaliacoes_compradores (id_venda,pontualidade_pagamento,logistica_entrega,qualidade_negociacao,comentario_livre) VALUES (1496,1,4,5,'');
INSERT INTO vendas (id_venda,id_cooperativa,id_comprador,data_venda,valor_total) VALUES (1497,27,33,'2025-04-24 02:43:39',0);
INSERT INTO vendas_itens (id_venda,id_material_base,id_material_catalogo,quantidade_kg,preco_por_kg) VALUES (1497,1,2,80.97,1.50);
INSERT INTO vendas_itens (id_venda,id_material_base,id_material_catalogo,quantidade_kg,preco_por_kg) VALUES (1497,2,5,88.34,1.14);
INSERT INTO vendas (id_venda,id_cooperativa,id_comprador,data_venda,valor_total) VALUES (1498,9,96,'2025-07-05 02:43:39',0);
INSERT INTO vendas_itens (id_venda,id_material_base,id_material_catalogo,quantidade_kg,preco_por_kg) VALUES (1498,2,5,482.28,1.35);
INSERT INTO vendas (id_venda,id_cooperativa,id_comprador,data_venda,valor_total) VALUES (1499,47,84,'2025-07-21 02:43:39',0);
INSERT INTO vendas_itens (id_venda,id_material_base,id_material_catalogo,quantidade_kg,preco_por_kg) VALUES (1499,1,3,445.49,3.11);
INSERT INTO vendas_itens (id_venda,id_material_base,id_material_catalogo,quantidade_kg,preco_por_kg) VALUES (1499,3,7,491.93,5.16);
INSERT INTO avaliacoes_compradores (id_venda,pontualidade_pagamento,logistica_entrega,qualidade_negociacao,comentario_livre) VALUES (1499,3,1,5,'');
INSERT INTO vendas (id_venda,id_cooperativa,id_comprador,data_venda,valor_total) VALUES (1500,11,76,'2025-10-18 02:43:39',0);
INSERT INTO vendas_itens (id_venda,id_material_base,id_material_catalogo,quantidade_kg,preco_por_kg) VALUES (1500,3,7,254.13,6.50);
INSERT INTO vendas_itens (id_venda,id_material_base,id_material_catalogo,quantidade_kg,preco_por_kg) VALUES (1500,3,7,419.68,7.97);
INSERT INTO vendas (id_venda,id_cooperativa,id_comprador,data_venda,valor_total) VALUES (1501,15,33,'2025-11-11 02:43:39',0);
INSERT INTO vendas_itens (id_venda,id_material_base,id_material_catalogo,quantidade_kg,preco_por_kg) VALUES (1501,1,3,80.67,3.85);
INSERT INTO vendas_itens (id_venda,id_material_base,id_material_catalogo,quantidade_kg,preco_por_kg) VALUES (1501,1,1,246.56,3.20);
INSERT INTO vendas (id_venda,id_cooperativa,id_comprador,data_venda,valor_total) VALUES (1502,7,74,'2025-10-10 02:43:39',0);
INSERT INTO vendas_itens (id_venda,id_material_base,id_material_catalogo,quantidade_kg,preco_por_kg) VALUES (1502,3,7,38.04,7.56);
INSERT INTO vendas (id_venda,id_cooperativa,id_comprador,data_venda,valor_total) VALUES (1503,37,66,'2025-10-15 02:43:39',0);
INSERT INTO vendas_itens (id_venda,id_material_base,id_material_catalogo,quantidade_kg,preco_por_kg) VALUES (1503,1,1,60.93,3.07);
INSERT INTO vendas (id_venda,id_cooperativa,id_comprador,data_venda,valor_total) VALUES (1504,17,16,'2025-08-31 02:43:39',0);
INSERT INTO vendas_itens (id_venda,id_material_base,id_material_catalogo,quantidade_kg,preco_por_kg) VALUES (1504,3,7,571.58,3.56);
INSERT INTO vendas_itens (id_venda,id_material_base,id_material_catalogo,quantidade_kg,preco_por_kg) VALUES (1504,2,4,53.19,1.42);
INSERT INTO vendas_itens (id_venda,id_material_base,id_material_catalogo,quantidade_kg,preco_por_kg) VALUES (1504,1,1,77.56,3.12);
INSERT INTO avaliacoes_compradores (id_venda,pontualidade_pagamento,logistica_entrega,qualidade_negociacao,comentario_livre) VALUES (1504,3,2,1,'');
INSERT INTO avaliacao_feedback_selecionado (id_avaliacao,id_feedback_tag) SELECT id_avaliacao,19 FROM avaliacoes_compradores WHERE id_venda=1504;
INSERT INTO vendas (id_venda,id_cooperativa,id_comprador,data_venda,valor_total) VALUES (1505,18,64,'2025-10-20 02:43:39',0);
INSERT INTO vendas_itens (id_venda,id_material_base,id_material_catalogo,quantidade_kg,preco_por_kg) VALUES (1505,3,8,511.46,6.63);
INSERT INTO avaliacoes_compradores (id_venda,pontualidade_pagamento,logistica_entrega,qualidade_negociacao,comentario_livre) VALUES (1505,2,5,3,'');
INSERT INTO vendas (id_venda,id_cooperativa,id_comprador,data_venda,valor_total) VALUES (1506,19,32,'2025-03-01 02:43:39',0);
INSERT INTO vendas_itens (id_venda,id_material_base,id_material_catalogo,quantidade_kg,preco_por_kg) VALUES (1506,3,7,190.57,6.66);
INSERT INTO vendas (id_venda,id_cooperativa,id_comprador,data_venda,valor_total) VALUES (1507,8,77,'2025-08-11 02:43:39',0);
INSERT INTO vendas_itens (id_venda,id_material_base,id_material_catalogo,quantidade_kg,preco_por_kg) VALUES (1507,3,9,528.80,7.87);
INSERT INTO vendas_itens (id_venda,id_material_base,id_material_catalogo,quantidade_kg,preco_por_kg) VALUES (1507,1,1,292.09,3.68);
INSERT INTO vendas_itens (id_venda,id_material_base,id_material_catalogo,quantidade_kg,preco_por_kg) VALUES (1507,1,1,323.32,2.46);
INSERT INTO avaliacoes_compradores (id_venda,pontualidade_pagamento,logistica_entrega,qualidade_negociacao,comentario_livre) VALUES (1507,3,3,4,'');
INSERT INTO vendas (id_venda,id_cooperativa,id_comprador,data_venda,valor_total) VALUES (1508,33,44,'2025-07-12 02:43:39',0);
INSERT INTO vendas_itens (id_venda,id_material_base,id_material_catalogo,quantidade_kg,preco_por_kg) VALUES (1508,3,8,194.34,6.93);
INSERT INTO vendas_itens (id_venda,id_material_base,id_material_catalogo,quantidade_kg,preco_por_kg) VALUES (1508,1,2,366.41,2.47);
INSERT INTO vendas_itens (id_venda,id_material_base,id_material_catalogo,quantidade_kg,preco_por_kg) VALUES (1508,2,4,599.68,1.22);
INSERT INTO avaliacoes_compradores (id_venda,pontualidade_pagamento,logistica_entrega,qualidade_negociacao,comentario_livre) VALUES (1508,3,2,3,'');
INSERT INTO vendas (id_venda,id_cooperativa,id_comprador,data_venda,valor_total) VALUES (1509,1,44,'2024-12-27 02:43:39',0);
INSERT INTO vendas_itens (id_venda,id_material_base,id_material_catalogo,quantidade_kg,preco_por_kg) VALUES (1509,2,5,401.33,0.69);
INSERT INTO vendas_itens (id_venda,id_material_base,id_material_catalogo,quantidade_kg,preco_por_kg) VALUES (1509,1,3,148.77,3.56);
INSERT INTO vendas_itens (id_venda,id_material_base,id_material_catalogo,quantidade_kg,preco_por_kg) VALUES (1509,3,7,393.31,7.80);
INSERT INTO vendas (id_venda,id_cooperativa,id_comprador,data_venda,valor_total) VALUES (1510,10,35,'2025-05-20 02:43:39',0);
INSERT INTO vendas_itens (id_venda,id_material_base,id_material_catalogo,quantidade_kg,preco_por_kg) VALUES (1510,3,9,360.54,3.86);
INSERT INTO vendas_itens (id_venda,id_material_base,id_material_catalogo,quantidade_kg,preco_por_kg) VALUES (1510,2,5,387.93,0.63);
INSERT INTO avaliacoes_compradores (id_venda,pontualidade_pagamento,logistica_entrega,qualidade_negociacao,comentario_livre) VALUES (1510,5,1,4,'');
INSERT INTO vendas (id_venda,id_cooperativa,id_comprador,data_venda,valor_total) VALUES (1511,17,58,'2025-08-23 02:43:39',0);
INSERT INTO vendas_itens (id_venda,id_material_base,id_material_catalogo,quantidade_kg,preco_por_kg) VALUES (1511,2,6,290.22,1.45);
INSERT INTO vendas_itens (id_venda,id_material_base,id_material_catalogo,quantidade_kg,preco_por_kg) VALUES (1511,2,4,273.32,1.12);
INSERT INTO vendas_itens (id_venda,id_material_base,id_material_catalogo,quantidade_kg,preco_por_kg) VALUES (1511,3,9,427.61,3.41);
INSERT INTO vendas (id_venda,id_cooperativa,id_comprador,data_venda,valor_total) VALUES (1512,3,79,'2025-05-09 02:43:39',0);
INSERT INTO vendas_itens (id_venda,id_material_base,id_material_catalogo,quantidade_kg,preco_por_kg) VALUES (1512,3,8,405.36,6.31);
INSERT INTO avaliacoes_compradores (id_venda,pontualidade_pagamento,logistica_entrega,qualidade_negociacao,comentario_livre) VALUES (1512,2,2,3,'');
INSERT INTO vendas (id_venda,id_cooperativa,id_comprador,data_venda,valor_total) VALUES (1513,20,93,'2025-09-10 02:43:39',0);
INSERT INTO vendas_itens (id_venda,id_material_base,id_material_catalogo,quantidade_kg,preco_por_kg) VALUES (1513,3,8,349.89,5.83);
INSERT INTO vendas_itens (id_venda,id_material_base,id_material_catalogo,quantidade_kg,preco_por_kg) VALUES (1513,3,8,475.74,6.92);
INSERT INTO vendas_itens (id_venda,id_material_base,id_material_catalogo,quantidade_kg,preco_por_kg) VALUES (1513,2,5,112.87,1.46);
INSERT INTO avaliacoes_compradores (id_venda,pontualidade_pagamento,logistica_entrega,qualidade_negociacao,comentario_livre) VALUES (1513,5,3,3,'');
INSERT INTO vendas (id_venda,id_cooperativa,id_comprador,data_venda,valor_total) VALUES (1514,32,67,'2025-03-05 02:43:39',0);
INSERT INTO vendas_itens (id_venda,id_material_base,id_material_catalogo,quantidade_kg,preco_por_kg) VALUES (1514,2,4,409.76,0.51);
INSERT INTO vendas_itens (id_venda,id_material_base,id_material_catalogo,quantidade_kg,preco_por_kg) VALUES (1514,3,7,208.44,4.34);
INSERT INTO avaliacoes_compradores (id_venda,pontualidade_pagamento,logistica_entrega,qualidade_negociacao,comentario_livre) VALUES (1514,1,4,5,'');
INSERT INTO vendas (id_venda,id_cooperativa,id_comprador,data_venda,valor_total) VALUES (1515,27,75,'2025-10-26 02:43:39',0);
INSERT INTO vendas_itens (id_venda,id_material_base,id_material_catalogo,quantidade_kg,preco_por_kg) VALUES (1515,1,2,130.50,3.00);
INSERT INTO vendas (id_venda,id_cooperativa,id_comprador,data_venda,valor_total) VALUES (1516,11,94,'2025-05-14 02:43:39',0);
INSERT INTO vendas_itens (id_venda,id_material_base,id_material_catalogo,quantidade_kg,preco_por_kg) VALUES (1516,3,9,149.26,7.22);
INSERT INTO vendas (id_venda,id_cooperativa,id_comprador,data_venda,valor_total) VALUES (1517,30,77,'2025-11-12 02:43:39',0);
INSERT INTO vendas_itens (id_venda,id_material_base,id_material_catalogo,quantidade_kg,preco_por_kg) VALUES (1517,2,6,54.33,1.03);
INSERT INTO avaliacoes_compradores (id_venda,pontualidade_pagamento,logistica_entrega,qualidade_negociacao,comentario_livre) VALUES (1517,1,3,4,'');
INSERT INTO vendas (id_venda,id_cooperativa,id_comprador,data_venda,valor_total) VALUES (1518,49,47,'2025-02-28 02:43:39',0);
INSERT INTO vendas_itens (id_venda,id_material_base,id_material_catalogo,quantidade_kg,preco_por_kg) VALUES (1518,3,8,516.01,3.05);
INSERT INTO avaliacoes_compradores (id_venda,pontualidade_pagamento,logistica_entrega,qualidade_negociacao,comentario_livre) VALUES (1518,1,5,5,'');
INSERT INTO vendas (id_venda,id_cooperativa,id_comprador,data_venda,valor_total) VALUES (1519,48,56,'2025-09-07 02:43:39',0);
INSERT INTO vendas_itens (id_venda,id_material_base,id_material_catalogo,quantidade_kg,preco_por_kg) VALUES (1519,2,4,320.90,1.05);
INSERT INTO avaliacoes_compradores (id_venda,pontualidade_pagamento,logistica_entrega,qualidade_negociacao,comentario_livre) VALUES (1519,3,4,1,'');
INSERT INTO vendas (id_venda,id_cooperativa,id_comprador,data_venda,valor_total) VALUES (1520,45,34,'2025-07-26 02:43:39',0);
INSERT INTO vendas_itens (id_venda,id_material_base,id_material_catalogo,quantidade_kg,preco_por_kg) VALUES (1520,3,7,597.90,4.79);
INSERT INTO vendas_itens (id_venda,id_material_base,id_material_catalogo,quantidade_kg,preco_por_kg) VALUES (1520,3,8,374.46,4.81);
INSERT INTO avaliacoes_compradores (id_venda,pontualidade_pagamento,logistica_entrega,qualidade_negociacao,comentario_livre) VALUES (1520,3,2,2,'');
INSERT INTO vendas (id_venda,id_cooperativa,id_comprador,data_venda,valor_total) VALUES (1521,27,78,'2025-04-28 02:43:39',0);
INSERT INTO vendas_itens (id_venda,id_material_base,id_material_catalogo,quantidade_kg,preco_por_kg) VALUES (1521,3,8,577.17,3.90);
INSERT INTO vendas_itens (id_venda,id_material_base,id_material_catalogo,quantidade_kg,preco_por_kg) VALUES (1521,1,2,253.31,1.25);
INSERT INTO vendas_itens (id_venda,id_material_base,id_material_catalogo,quantidade_kg,preco_por_kg) VALUES (1521,1,1,184.02,2.15);
INSERT INTO avaliacoes_compradores (id_venda,pontualidade_pagamento,logistica_entrega,qualidade_negociacao,comentario_livre) VALUES (1521,3,3,5,'');
INSERT INTO vendas (id_venda,id_cooperativa,id_comprador,data_venda,valor_total) VALUES (1522,40,67,'2025-10-05 02:43:39',0);
INSERT INTO vendas_itens (id_venda,id_material_base,id_material_catalogo,quantidade_kg,preco_por_kg) VALUES (1522,1,3,131.05,3.78);
INSERT INTO vendas (id_venda,id_cooperativa,id_comprador,data_venda,valor_total) VALUES (1523,4,100,'2025-09-08 02:43:39',0);
INSERT INTO vendas_itens (id_venda,id_material_base,id_material_catalogo,quantidade_kg,preco_por_kg) VALUES (1523,3,7,151.25,3.86);
INSERT INTO avaliacoes_compradores (id_venda,pontualidade_pagamento,logistica_entrega,qualidade_negociacao,comentario_livre) VALUES (1523,5,1,5,'');
INSERT INTO vendas (id_venda,id_cooperativa,id_comprador,data_venda,valor_total) VALUES (1524,16,52,'2025-02-01 02:43:39',0);
INSERT INTO vendas_itens (id_venda,id_material_base,id_material_catalogo,quantidade_kg,preco_por_kg) VALUES (1524,2,6,306.39,1.03);
INSERT INTO vendas_itens (id_venda,id_material_base,id_material_catalogo,quantidade_kg,preco_por_kg) VALUES (1524,2,4,493.16,1.34);
INSERT INTO avaliacoes_compradores (id_venda,pontualidade_pagamento,logistica_entrega,qualidade_negociacao,comentario_livre) VALUES (1524,1,2,5,'');
INSERT INTO vendas (id_venda,id_cooperativa,id_comprador,data_venda,valor_total) VALUES (1525,20,42,'2025-01-15 02:43:39',0);
INSERT INTO vendas_itens (id_venda,id_material_base,id_material_catalogo,quantidade_kg,preco_por_kg) VALUES (1525,3,8,138.50,7.16);
INSERT INTO vendas_itens (id_venda,id_material_base,id_material_catalogo,quantidade_kg,preco_por_kg) VALUES (1525,3,7,163.16,5.72);
INSERT INTO vendas (id_venda,id_cooperativa,id_comprador,data_venda,valor_total) VALUES (1526,25,38,'2024-12-20 02:43:39',0);
INSERT INTO vendas_itens (id_venda,id_material_base,id_material_catalogo,quantidade_kg,preco_por_kg) VALUES (1526,3,8,217.09,5.49);
INSERT INTO vendas_itens (id_venda,id_material_base,id_material_catalogo,quantidade_kg,preco_por_kg) VALUES (1526,2,6,523.66,0.80);
INSERT INTO vendas (id_venda,id_cooperativa,id_comprador,data_venda,valor_total) VALUES (1527,19,58,'2025-04-06 02:43:39',0);
INSERT INTO vendas_itens (id_venda,id_material_base,id_material_catalogo,quantidade_kg,preco_por_kg) VALUES (1527,3,8,147.38,4.64);
INSERT INTO avaliacoes_compradores (id_venda,pontualidade_pagamento,logistica_entrega,qualidade_negociacao,comentario_livre) VALUES (1527,1,1,5,'');
INSERT INTO vendas (id_venda,id_cooperativa,id_comprador,data_venda,valor_total) VALUES (1528,45,40,'2024-12-29 02:43:39',0);
INSERT INTO vendas_itens (id_venda,id_material_base,id_material_catalogo,quantidade_kg,preco_por_kg) VALUES (1528,2,5,443.74,1.67);
INSERT INTO avaliacoes_compradores (id_venda,pontualidade_pagamento,logistica_entrega,qualidade_negociacao,comentario_livre) VALUES (1528,3,5,4,'');
INSERT INTO avaliacao_feedback_selecionado (id_avaliacao,id_feedback_tag) SELECT id_avaliacao,2 FROM avaliacoes_compradores WHERE id_venda=1528;
INSERT INTO vendas (id_venda,id_cooperativa,id_comprador,data_venda,valor_total) VALUES (1529,9,49,'2025-01-16 02:43:39',0);
INSERT INTO vendas_itens (id_venda,id_material_base,id_material_catalogo,quantidade_kg,preco_por_kg) VALUES (1529,3,8,578.42,6.54);
INSERT INTO vendas_itens (id_venda,id_material_base,id_material_catalogo,quantidade_kg,preco_por_kg) VALUES (1529,1,2,76.21,3.40);
INSERT INTO vendas_itens (id_venda,id_material_base,id_material_catalogo,quantidade_kg,preco_por_kg) VALUES (1529,3,9,217.59,5.55);
INSERT INTO avaliacoes_compradores (id_venda,pontualidade_pagamento,logistica_entrega,qualidade_negociacao,comentario_livre) VALUES (1529,3,2,5,'');
INSERT INTO vendas (id_venda,id_cooperativa,id_comprador,data_venda,valor_total) VALUES (1530,28,60,'2025-01-15 02:43:39',0);
INSERT INTO vendas_itens (id_venda,id_material_base,id_material_catalogo,quantidade_kg,preco_por_kg) VALUES (1530,1,1,275.63,3.20);
INSERT INTO vendas_itens (id_venda,id_material_base,id_material_catalogo,quantidade_kg,preco_por_kg) VALUES (1530,3,9,172.10,4.86);
INSERT INTO avaliacoes_compradores (id_venda,pontualidade_pagamento,logistica_entrega,qualidade_negociacao,comentario_livre) VALUES (1530,3,4,5,'');
INSERT INTO avaliacao_feedback_selecionado (id_avaliacao,id_feedback_tag) SELECT id_avaliacao,4 FROM avaliacoes_compradores WHERE id_venda=1530;
INSERT INTO vendas (id_venda,id_cooperativa,id_comprador,data_venda,valor_total) VALUES (1531,29,50,'2024-12-24 02:43:39',0);
INSERT INTO vendas_itens (id_venda,id_material_base,id_material_catalogo,quantidade_kg,preco_por_kg) VALUES (1531,1,1,484.74,1.78);
INSERT INTO vendas_itens (id_venda,id_material_base,id_material_catalogo,quantidade_kg,preco_por_kg) VALUES (1531,2,5,520.13,1.17);
INSERT INTO vendas (id_venda,id_cooperativa,id_comprador,data_venda,valor_total) VALUES (1532,17,41,'2025-11-12 02:43:39',0);
INSERT INTO vendas_itens (id_venda,id_material_base,id_material_catalogo,quantidade_kg,preco_por_kg) VALUES (1532,1,2,68.02,1.25);
INSERT INTO vendas_itens (id_venda,id_material_base,id_material_catalogo,quantidade_kg,preco_por_kg) VALUES (1532,1,3,249.55,3.46);
INSERT INTO vendas_itens (id_venda,id_material_base,id_material_catalogo,quantidade_kg,preco_por_kg) VALUES (1532,1,3,207.47,2.22);
INSERT INTO avaliacoes_compradores (id_venda,pontualidade_pagamento,logistica_entrega,qualidade_negociacao,comentario_livre) VALUES (1532,3,4,5,'');
INSERT INTO avaliacao_feedback_selecionado (id_avaliacao,id_feedback_tag) SELECT id_avaliacao,5 FROM avaliacoes_compradores WHERE id_venda=1532;
INSERT INTO vendas (id_venda,id_cooperativa,id_comprador,data_venda,valor_total) VALUES (1533,23,20,'2025-07-21 02:43:39',0);
INSERT INTO vendas_itens (id_venda,id_material_base,id_material_catalogo,quantidade_kg,preco_por_kg) VALUES (1533,3,8,160.37,4.33);
INSERT INTO vendas_itens (id_venda,id_material_base,id_material_catalogo,quantidade_kg,preco_por_kg) VALUES (1533,3,9,52.99,7.55);
INSERT INTO avaliacoes_compradores (id_venda,pontualidade_pagamento,logistica_entrega,qualidade_negociacao,comentario_livre) VALUES (1533,1,4,1,'');
INSERT INTO avaliacao_feedback_selecionado (id_avaliacao,id_feedback_tag) SELECT id_avaliacao,15 FROM avaliacoes_compradores WHERE id_venda=1533;
INSERT INTO avaliacao_feedback_selecionado (id_avaliacao,id_feedback_tag) SELECT id_avaliacao,20 FROM avaliacoes_compradores WHERE id_venda=1533;
INSERT INTO avaliacao_feedback_selecionado (id_avaliacao,id_feedback_tag) SELECT id_avaliacao,22 FROM avaliacoes_compradores WHERE id_venda=1533;
INSERT INTO vendas (id_venda,id_cooperativa,id_comprador,data_venda,valor_total) VALUES (1534,39,4,'2025-03-18 02:43:39',0);
INSERT INTO vendas_itens (id_venda,id_material_base,id_material_catalogo,quantidade_kg,preco_por_kg) VALUES (1534,2,5,303.88,1.01);
INSERT INTO vendas_itens (id_venda,id_material_base,id_material_catalogo,quantidade_kg,preco_por_kg) VALUES (1534,3,7,508.25,4.59);
INSERT INTO vendas_itens (id_venda,id_material_base,id_material_catalogo,quantidade_kg,preco_por_kg) VALUES (1534,2,5,324.11,1.23);
INSERT INTO avaliacoes_compradores (id_venda,pontualidade_pagamento,logistica_entrega,qualidade_negociacao,comentario_livre) VALUES (1534,5,2,3,'');
INSERT INTO vendas (id_venda,id_cooperativa,id_comprador,data_venda,valor_total) VALUES (1535,7,73,'2025-10-10 02:43:39',0);
INSERT INTO vendas_itens (id_venda,id_material_base,id_material_catalogo,quantidade_kg,preco_por_kg) VALUES (1535,2,4,255.39,1.48);
INSERT INTO vendas (id_venda,id_cooperativa,id_comprador,data_venda,valor_total) VALUES (1536,35,84,'2025-06-20 02:43:39',0);
INSERT INTO vendas_itens (id_venda,id_material_base,id_material_catalogo,quantidade_kg,preco_por_kg) VALUES (1536,1,2,275.54,2.03);
INSERT INTO avaliacoes_compradores (id_venda,pontualidade_pagamento,logistica_entrega,qualidade_negociacao,comentario_livre) VALUES (1536,5,4,1,'');
INSERT INTO vendas (id_venda,id_cooperativa,id_comprador,data_venda,valor_total) VALUES (1537,18,87,'2025-08-23 02:43:39',0);
INSERT INTO vendas_itens (id_venda,id_material_base,id_material_catalogo,quantidade_kg,preco_por_kg) VALUES (1537,1,3,306.67,2.33);
INSERT INTO vendas_itens (id_venda,id_material_base,id_material_catalogo,quantidade_kg,preco_por_kg) VALUES (1537,3,9,532.48,6.44);
INSERT INTO avaliacoes_compradores (id_venda,pontualidade_pagamento,logistica_entrega,qualidade_negociacao,comentario_livre) VALUES (1537,3,3,1,'');
INSERT INTO vendas (id_venda,id_cooperativa,id_comprador,data_venda,valor_total) VALUES (1538,13,34,'2025-04-26 02:43:39',0);
INSERT INTO vendas_itens (id_venda,id_material_base,id_material_catalogo,quantidade_kg,preco_por_kg) VALUES (1538,2,5,95.30,1.66);
INSERT INTO vendas_itens (id_venda,id_material_base,id_material_catalogo,quantidade_kg,preco_por_kg) VALUES (1538,3,8,322.47,7.90);
INSERT INTO vendas (id_venda,id_cooperativa,id_comprador,data_venda,valor_total) VALUES (1539,49,53,'2025-01-23 02:43:39',0);
INSERT INTO vendas_itens (id_venda,id_material_base,id_material_catalogo,quantidade_kg,preco_por_kg) VALUES (1539,3,8,501.36,5.00);
INSERT INTO vendas (id_venda,id_cooperativa,id_comprador,data_venda,valor_total) VALUES (1540,20,90,'2025-10-10 02:43:39',0);
INSERT INTO vendas_itens (id_venda,id_material_base,id_material_catalogo,quantidade_kg,preco_por_kg) VALUES (1540,2,6,521.56,0.85);
INSERT INTO vendas_itens (id_venda,id_material_base,id_material_catalogo,quantidade_kg,preco_por_kg) VALUES (1540,2,4,267.07,0.62);
INSERT INTO vendas_itens (id_venda,id_material_base,id_material_catalogo,quantidade_kg,preco_por_kg) VALUES (1540,1,3,500.71,3.20);
INSERT INTO avaliacoes_compradores (id_venda,pontualidade_pagamento,logistica_entrega,qualidade_negociacao,comentario_livre) VALUES (1540,2,5,4,'');
INSERT INTO vendas (id_venda,id_cooperativa,id_comprador,data_venda,valor_total) VALUES (1541,8,13,'2025-07-23 02:43:39',0);
INSERT INTO vendas_itens (id_venda,id_material_base,id_material_catalogo,quantidade_kg,preco_por_kg) VALUES (1541,1,3,435.57,3.37);
INSERT INTO vendas_itens (id_venda,id_material_base,id_material_catalogo,quantidade_kg,preco_por_kg) VALUES (1541,1,3,384.57,1.24);
INSERT INTO vendas_itens (id_venda,id_material_base,id_material_catalogo,quantidade_kg,preco_por_kg) VALUES (1541,1,1,63.01,1.97);
INSERT INTO avaliacoes_compradores (id_venda,pontualidade_pagamento,logistica_entrega,qualidade_negociacao,comentario_livre) VALUES (1541,3,5,2,'');
INSERT INTO vendas (id_venda,id_cooperativa,id_comprador,data_venda,valor_total) VALUES (1542,19,41,'2025-05-23 02:43:39',0);
INSERT INTO vendas_itens (id_venda,id_material_base,id_material_catalogo,quantidade_kg,preco_por_kg) VALUES (1542,2,4,387.56,1.19);
INSERT INTO vendas_itens (id_venda,id_material_base,id_material_catalogo,quantidade_kg,preco_por_kg) VALUES (1542,2,6,191.54,0.84);
INSERT INTO vendas_itens (id_venda,id_material_base,id_material_catalogo,quantidade_kg,preco_por_kg) VALUES (1542,3,9,575.77,6.54);
INSERT INTO vendas (id_venda,id_cooperativa,id_comprador,data_venda,valor_total) VALUES (1543,17,17,'2025-06-25 02:43:39',0);
INSERT INTO vendas_itens (id_venda,id_material_base,id_material_catalogo,quantidade_kg,preco_por_kg) VALUES (1543,3,8,223.79,6.90);
INSERT INTO vendas_itens (id_venda,id_material_base,id_material_catalogo,quantidade_kg,preco_por_kg) VALUES (1543,2,6,580.18,1.07);
INSERT INTO avaliacoes_compradores (id_venda,pontualidade_pagamento,logistica_entrega,qualidade_negociacao,comentario_livre) VALUES (1543,5,4,3,'');
INSERT INTO avaliacao_feedback_selecionado (id_avaliacao,id_feedback_tag) SELECT id_avaliacao,5 FROM avaliacoes_compradores WHERE id_venda=1543;
INSERT INTO avaliacao_feedback_selecionado (id_avaliacao,id_feedback_tag) SELECT id_avaliacao,2 FROM avaliacoes_compradores WHERE id_venda=1543;
INSERT INTO avaliacao_feedback_selecionado (id_avaliacao,id_feedback_tag) SELECT id_avaliacao,8 FROM avaliacoes_compradores WHERE id_venda=1543;
INSERT INTO vendas (id_venda,id_cooperativa,id_comprador,data_venda,valor_total) VALUES (1544,47,43,'2025-04-16 02:43:39',0);
INSERT INTO vendas_itens (id_venda,id_material_base,id_material_catalogo,quantidade_kg,preco_por_kg) VALUES (1544,3,9,180.53,6.00);
INSERT INTO vendas_itens (id_venda,id_material_base,id_material_catalogo,quantidade_kg,preco_por_kg) VALUES (1544,1,2,179.99,2.95);
INSERT INTO avaliacoes_compradores (id_venda,pontualidade_pagamento,logistica_entrega,qualidade_negociacao,comentario_livre) VALUES (1544,2,2,1,'');
INSERT INTO avaliacao_feedback_selecionado (id_avaliacao,id_feedback_tag) SELECT id_avaliacao,13 FROM avaliacoes_compradores WHERE id_venda=1544;
INSERT INTO vendas (id_venda,id_cooperativa,id_comprador,data_venda,valor_total) VALUES (1545,14,25,'2025-06-08 02:43:39',0);
INSERT INTO vendas_itens (id_venda,id_material_base,id_material_catalogo,quantidade_kg,preco_por_kg) VALUES (1545,1,1,230.30,3.47);
INSERT INTO vendas_itens (id_venda,id_material_base,id_material_catalogo,quantidade_kg,preco_por_kg) VALUES (1545,3,8,397.15,5.21);
INSERT INTO vendas (id_venda,id_cooperativa,id_comprador,data_venda,valor_total) VALUES (1546,42,33,'2025-05-25 02:43:39',0);
INSERT INTO vendas_itens (id_venda,id_material_base,id_material_catalogo,quantidade_kg,preco_por_kg) VALUES (1546,3,7,435.36,4.10);
INSERT INTO vendas_itens (id_venda,id_material_base,id_material_catalogo,quantidade_kg,preco_por_kg) VALUES (1546,3,7,458.76,5.39);
INSERT INTO avaliacoes_compradores (id_venda,pontualidade_pagamento,logistica_entrega,qualidade_negociacao,comentario_livre) VALUES (1546,3,5,3,'');
INSERT INTO vendas (id_venda,id_cooperativa,id_comprador,data_venda,valor_total) VALUES (1547,34,14,'2025-11-07 02:43:39',0);
INSERT INTO vendas_itens (id_venda,id_material_base,id_material_catalogo,quantidade_kg,preco_por_kg) VALUES (1547,3,9,488.03,3.63);
INSERT INTO vendas_itens (id_venda,id_material_base,id_material_catalogo,quantidade_kg,preco_por_kg) VALUES (1547,1,3,186.29,3.07);
INSERT INTO vendas_itens (id_venda,id_material_base,id_material_catalogo,quantidade_kg,preco_por_kg) VALUES (1547,3,7,199.41,7.06);
INSERT INTO avaliacoes_compradores (id_venda,pontualidade_pagamento,logistica_entrega,qualidade_negociacao,comentario_livre) VALUES (1547,3,5,5,'');
INSERT INTO avaliacao_feedback_selecionado (id_avaliacao,id_feedback_tag) SELECT id_avaliacao,10 FROM avaliacoes_compradores WHERE id_venda=1547;
INSERT INTO avaliacao_feedback_selecionado (id_avaliacao,id_feedback_tag) SELECT id_avaliacao,2 FROM avaliacoes_compradores WHERE id_venda=1547;
INSERT INTO avaliacao_feedback_selecionado (id_avaliacao,id_feedback_tag) SELECT id_avaliacao,1 FROM avaliacoes_compradores WHERE id_venda=1547;
INSERT INTO vendas (id_venda,id_cooperativa,id_comprador,data_venda,valor_total) VALUES (1548,29,15,'2025-07-25 02:43:39',0);
INSERT INTO vendas_itens (id_venda,id_material_base,id_material_catalogo,quantidade_kg,preco_por_kg) VALUES (1548,3,7,424.09,4.87);
INSERT INTO avaliacoes_compradores (id_venda,pontualidade_pagamento,logistica_entrega,qualidade_negociacao,comentario_livre) VALUES (1548,4,5,5,'');
INSERT INTO avaliacao_feedback_selecionado (id_avaliacao,id_feedback_tag) SELECT id_avaliacao,2 FROM avaliacoes_compradores WHERE id_venda=1548;
INSERT INTO avaliacao_feedback_selecionado (id_avaliacao,id_feedback_tag) SELECT id_avaliacao,6 FROM avaliacoes_compradores WHERE id_venda=1548;
INSERT INTO vendas (id_venda,id_cooperativa,id_comprador,data_venda,valor_total) VALUES (1549,39,64,'2024-11-22 02:43:39',0);
INSERT INTO vendas_itens (id_venda,id_material_base,id_material_catalogo,quantidade_kg,preco_por_kg) VALUES (1549,2,4,427.43,1.10);
INSERT INTO vendas_itens (id_venda,id_material_base,id_material_catalogo,quantidade_kg,preco_por_kg) VALUES (1549,3,9,511.75,4.45);
INSERT INTO vendas (id_venda,id_cooperativa,id_comprador,data_venda,valor_total) VALUES (1550,11,47,'2025-06-10 02:43:39',0);
INSERT INTO vendas_itens (id_venda,id_material_base,id_material_catalogo,quantidade_kg,preco_por_kg) VALUES (1550,3,7,287.94,2.52);
INSERT INTO vendas_itens (id_venda,id_material_base,id_material_catalogo,quantidade_kg,preco_por_kg) VALUES (1550,3,8,384.24,3.17);
INSERT INTO vendas (id_venda,id_cooperativa,id_comprador,data_venda,valor_total) VALUES (1551,47,82,'2025-05-08 02:43:39',0);
INSERT INTO vendas_itens (id_venda,id_material_base,id_material_catalogo,quantidade_kg,preco_por_kg) VALUES (1551,3,9,265.71,3.42);
INSERT INTO vendas_itens (id_venda,id_material_base,id_material_catalogo,quantidade_kg,preco_por_kg) VALUES (1551,1,2,134.03,3.74);
INSERT INTO avaliacoes_compradores (id_venda,pontualidade_pagamento,logistica_entrega,qualidade_negociacao,comentario_livre) VALUES (1551,1,4,4,'');
INSERT INTO vendas (id_venda,id_cooperativa,id_comprador,data_venda,valor_total) VALUES (1552,35,16,'2024-11-18 02:43:39',0);
INSERT INTO vendas_itens (id_venda,id_material_base,id_material_catalogo,quantidade_kg,preco_por_kg) VALUES (1552,2,4,369.29,0.53);
INSERT INTO vendas (id_venda,id_cooperativa,id_comprador,data_venda,valor_total) VALUES (1553,44,52,'2025-06-17 02:43:39',0);
INSERT INTO vendas_itens (id_venda,id_material_base,id_material_catalogo,quantidade_kg,preco_por_kg) VALUES (1553,3,8,484.77,2.69);
INSERT INTO vendas_itens (id_venda,id_material_base,id_material_catalogo,quantidade_kg,preco_por_kg) VALUES (1553,3,8,417.07,6.58);
INSERT INTO vendas (id_venda,id_cooperativa,id_comprador,data_venda,valor_total) VALUES (1554,13,52,'2025-07-09 02:43:39',0);
INSERT INTO vendas_itens (id_venda,id_material_base,id_material_catalogo,quantidade_kg,preco_por_kg) VALUES (1554,1,1,474.45,2.92);
INSERT INTO vendas_itens (id_venda,id_material_base,id_material_catalogo,quantidade_kg,preco_por_kg) VALUES (1554,2,4,306.15,1.59);
INSERT INTO avaliacoes_compradores (id_venda,pontualidade_pagamento,logistica_entrega,qualidade_negociacao,comentario_livre) VALUES (1554,5,3,3,'');
INSERT INTO vendas (id_venda,id_cooperativa,id_comprador,data_venda,valor_total) VALUES (1555,33,56,'2025-06-26 02:43:39',0);
INSERT INTO vendas_itens (id_venda,id_material_base,id_material_catalogo,quantidade_kg,preco_por_kg) VALUES (1555,1,3,100.53,3.25);
INSERT INTO avaliacoes_compradores (id_venda,pontualidade_pagamento,logistica_entrega,qualidade_negociacao,comentario_livre) VALUES (1555,4,4,3,'');
INSERT INTO vendas (id_venda,id_cooperativa,id_comprador,data_venda,valor_total) VALUES (1556,45,77,'2024-11-17 02:43:39',0);
INSERT INTO vendas_itens (id_venda,id_material_base,id_material_catalogo,quantidade_kg,preco_por_kg) VALUES (1556,1,3,54.20,2.50);
INSERT INTO avaliacoes_compradores (id_venda,pontualidade_pagamento,logistica_entrega,qualidade_negociacao,comentario_livre) VALUES (1556,5,2,5,'');
INSERT INTO avaliacao_feedback_selecionado (id_avaliacao,id_feedback_tag) SELECT id_avaliacao,10 FROM avaliacoes_compradores WHERE id_venda=1556;
INSERT INTO vendas (id_venda,id_cooperativa,id_comprador,data_venda,valor_total) VALUES (1557,21,21,'2025-08-13 02:43:39',0);
INSERT INTO vendas_itens (id_venda,id_material_base,id_material_catalogo,quantidade_kg,preco_por_kg) VALUES (1557,2,5,525.02,0.52);
INSERT INTO avaliacoes_compradores (id_venda,pontualidade_pagamento,logistica_entrega,qualidade_negociacao,comentario_livre) VALUES (1557,4,3,5,'');
INSERT INTO avaliacao_feedback_selecionado (id_avaliacao,id_feedback_tag) SELECT id_avaliacao,3 FROM avaliacoes_compradores WHERE id_venda=1557;
INSERT INTO avaliacao_feedback_selecionado (id_avaliacao,id_feedback_tag) SELECT id_avaliacao,7 FROM avaliacoes_compradores WHERE id_venda=1557;
INSERT INTO vendas (id_venda,id_cooperativa,id_comprador,data_venda,valor_total) VALUES (1558,23,8,'2025-03-09 02:43:39',0);
INSERT INTO vendas_itens (id_venda,id_material_base,id_material_catalogo,quantidade_kg,preco_por_kg) VALUES (1558,1,3,498.81,3.67);
INSERT INTO vendas_itens (id_venda,id_material_base,id_material_catalogo,quantidade_kg,preco_por_kg) VALUES (1558,3,8,341.75,2.94);
INSERT INTO avaliacoes_compradores (id_venda,pontualidade_pagamento,logistica_entrega,qualidade_negociacao,comentario_livre) VALUES (1558,4,3,1,'');
INSERT INTO vendas (id_venda,id_cooperativa,id_comprador,data_venda,valor_total) VALUES (1559,14,32,'2025-04-11 02:43:39',0);
INSERT INTO vendas_itens (id_venda,id_material_base,id_material_catalogo,quantidade_kg,preco_por_kg) VALUES (1559,1,2,165.45,1.33);
INSERT INTO vendas_itens (id_venda,id_material_base,id_material_catalogo,quantidade_kg,preco_por_kg) VALUES (1559,2,4,476.80,0.73);
INSERT INTO vendas_itens (id_venda,id_material_base,id_material_catalogo,quantidade_kg,preco_por_kg) VALUES (1559,2,4,396.14,1.07);
INSERT INTO avaliacoes_compradores (id_venda,pontualidade_pagamento,logistica_entrega,qualidade_negociacao,comentario_livre) VALUES (1559,2,4,1,'');
INSERT INTO vendas (id_venda,id_cooperativa,id_comprador,data_venda,valor_total) VALUES (1560,29,36,'2024-12-29 02:43:39',0);
INSERT INTO vendas_itens (id_venda,id_material_base,id_material_catalogo,quantidade_kg,preco_por_kg) VALUES (1560,1,2,387.97,3.80);
INSERT INTO vendas_itens (id_venda,id_material_base,id_material_catalogo,quantidade_kg,preco_por_kg) VALUES (1560,1,3,44.95,1.69);
INSERT INTO avaliacoes_compradores (id_venda,pontualidade_pagamento,logistica_entrega,qualidade_negociacao,comentario_livre) VALUES (1560,3,4,2,'');
INSERT INTO vendas (id_venda,id_cooperativa,id_comprador,data_venda,valor_total) VALUES (1561,46,40,'2025-11-09 02:43:39',0);
INSERT INTO vendas_itens (id_venda,id_material_base,id_material_catalogo,quantidade_kg,preco_por_kg) VALUES (1561,3,8,483.32,3.60);
INSERT INTO vendas_itens (id_venda,id_material_base,id_material_catalogo,quantidade_kg,preco_por_kg) VALUES (1561,1,1,131.92,2.56);
INSERT INTO vendas_itens (id_venda,id_material_base,id_material_catalogo,quantidade_kg,preco_por_kg) VALUES (1561,3,9,38.59,7.51);
INSERT INTO avaliacoes_compradores (id_venda,pontualidade_pagamento,logistica_entrega,qualidade_negociacao,comentario_livre) VALUES (1561,4,1,4,'');
INSERT INTO vendas (id_venda,id_cooperativa,id_comprador,data_venda,valor_total) VALUES (1562,33,57,'2025-01-07 02:43:39',0);
INSERT INTO vendas_itens (id_venda,id_material_base,id_material_catalogo,quantidade_kg,preco_por_kg) VALUES (1562,2,5,453.12,1.69);
INSERT INTO vendas_itens (id_venda,id_material_base,id_material_catalogo,quantidade_kg,preco_por_kg) VALUES (1562,3,9,411.16,7.23);
INSERT INTO avaliacoes_compradores (id_venda,pontualidade_pagamento,logistica_entrega,qualidade_negociacao,comentario_livre) VALUES (1562,2,1,4,'');
INSERT INTO vendas (id_venda,id_cooperativa,id_comprador,data_venda,valor_total) VALUES (1563,18,21,'2025-01-08 02:43:39',0);
INSERT INTO vendas_itens (id_venda,id_material_base,id_material_catalogo,quantidade_kg,preco_por_kg) VALUES (1563,1,3,567.64,3.77);
INSERT INTO vendas_itens (id_venda,id_material_base,id_material_catalogo,quantidade_kg,preco_por_kg) VALUES (1563,2,6,99.23,0.76);
INSERT INTO vendas (id_venda,id_cooperativa,id_comprador,data_venda,valor_total) VALUES (1564,9,65,'2025-02-01 02:43:39',0);
INSERT INTO vendas_itens (id_venda,id_material_base,id_material_catalogo,quantidade_kg,preco_por_kg) VALUES (1564,1,3,486.79,2.02);
INSERT INTO vendas (id_venda,id_cooperativa,id_comprador,data_venda,valor_total) VALUES (1565,16,74,'2025-02-23 02:43:39',0);
INSERT INTO vendas_itens (id_venda,id_material_base,id_material_catalogo,quantidade_kg,preco_por_kg) VALUES (1565,2,4,522.35,1.52);
INSERT INTO vendas_itens (id_venda,id_material_base,id_material_catalogo,quantidade_kg,preco_por_kg) VALUES (1565,1,2,447.94,1.35);
INSERT INTO vendas_itens (id_venda,id_material_base,id_material_catalogo,quantidade_kg,preco_por_kg) VALUES (1565,2,6,192.33,1.15);
INSERT INTO avaliacoes_compradores (id_venda,pontualidade_pagamento,logistica_entrega,qualidade_negociacao,comentario_livre) VALUES (1565,2,5,5,'');
INSERT INTO avaliacao_feedback_selecionado (id_avaliacao,id_feedback_tag) SELECT id_avaliacao,5 FROM avaliacoes_compradores WHERE id_venda=1565;
INSERT INTO avaliacao_feedback_selecionado (id_avaliacao,id_feedback_tag) SELECT id_avaliacao,7 FROM avaliacoes_compradores WHERE id_venda=1565;
INSERT INTO avaliacao_feedback_selecionado (id_avaliacao,id_feedback_tag) SELECT id_avaliacao,8 FROM avaliacoes_compradores WHERE id_venda=1565;
INSERT INTO vendas (id_venda,id_cooperativa,id_comprador,data_venda,valor_total) VALUES (1566,23,94,'2025-04-01 02:43:39',0);
INSERT INTO vendas_itens (id_venda,id_material_base,id_material_catalogo,quantidade_kg,preco_por_kg) VALUES (1566,2,4,262.82,0.88);
INSERT INTO vendas_itens (id_venda,id_material_base,id_material_catalogo,quantidade_kg,preco_por_kg) VALUES (1566,3,8,422.80,6.82);
INSERT INTO vendas_itens (id_venda,id_material_base,id_material_catalogo,quantidade_kg,preco_por_kg) VALUES (1566,1,2,396.22,2.87);
INSERT INTO vendas (id_venda,id_cooperativa,id_comprador,data_venda,valor_total) VALUES (1567,20,22,'2025-09-08 02:43:39',0);
INSERT INTO vendas_itens (id_venda,id_material_base,id_material_catalogo,quantidade_kg,preco_por_kg) VALUES (1567,3,8,553.49,4.73);
INSERT INTO vendas_itens (id_venda,id_material_base,id_material_catalogo,quantidade_kg,preco_por_kg) VALUES (1567,2,6,268.76,1.34);
INSERT INTO avaliacoes_compradores (id_venda,pontualidade_pagamento,logistica_entrega,qualidade_negociacao,comentario_livre) VALUES (1567,2,1,5,'');
INSERT INTO vendas (id_venda,id_cooperativa,id_comprador,data_venda,valor_total) VALUES (1568,28,35,'2025-04-03 02:43:39',0);
INSERT INTO vendas_itens (id_venda,id_material_base,id_material_catalogo,quantidade_kg,preco_por_kg) VALUES (1568,2,6,158.20,0.87);
INSERT INTO vendas_itens (id_venda,id_material_base,id_material_catalogo,quantidade_kg,preco_por_kg) VALUES (1568,3,9,562.47,2.91);
INSERT INTO avaliacoes_compradores (id_venda,pontualidade_pagamento,logistica_entrega,qualidade_negociacao,comentario_livre) VALUES (1568,4,3,2,'');
INSERT INTO vendas (id_venda,id_cooperativa,id_comprador,data_venda,valor_total) VALUES (1569,20,81,'2025-07-30 02:43:39',0);
INSERT INTO vendas_itens (id_venda,id_material_base,id_material_catalogo,quantidade_kg,preco_por_kg) VALUES (1569,1,2,171.01,3.98);
INSERT INTO vendas (id_venda,id_cooperativa,id_comprador,data_venda,valor_total) VALUES (1570,45,52,'2025-08-15 02:43:39',0);
INSERT INTO vendas_itens (id_venda,id_material_base,id_material_catalogo,quantidade_kg,preco_por_kg) VALUES (1570,3,7,221.87,7.89);
INSERT INTO vendas_itens (id_venda,id_material_base,id_material_catalogo,quantidade_kg,preco_por_kg) VALUES (1570,3,9,145.12,6.37);
INSERT INTO avaliacoes_compradores (id_venda,pontualidade_pagamento,logistica_entrega,qualidade_negociacao,comentario_livre) VALUES (1570,3,4,1,'');
INSERT INTO vendas (id_venda,id_cooperativa,id_comprador,data_venda,valor_total) VALUES (1571,49,83,'2025-11-17 02:43:39',0);
INSERT INTO vendas_itens (id_venda,id_material_base,id_material_catalogo,quantidade_kg,preco_por_kg) VALUES (1571,1,3,305.99,2.19);
INSERT INTO vendas_itens (id_venda,id_material_base,id_material_catalogo,quantidade_kg,preco_por_kg) VALUES (1571,1,2,128.86,1.34);
INSERT INTO avaliacoes_compradores (id_venda,pontualidade_pagamento,logistica_entrega,qualidade_negociacao,comentario_livre) VALUES (1571,3,5,4,'');
INSERT INTO avaliacao_feedback_selecionado (id_avaliacao,id_feedback_tag) SELECT id_avaliacao,8 FROM avaliacoes_compradores WHERE id_venda=1571;
INSERT INTO avaliacao_feedback_selecionado (id_avaliacao,id_feedback_tag) SELECT id_avaliacao,7 FROM avaliacoes_compradores WHERE id_venda=1571;
INSERT INTO avaliacao_feedback_selecionado (id_avaliacao,id_feedback_tag) SELECT id_avaliacao,5 FROM avaliacoes_compradores WHERE id_venda=1571;
INSERT INTO vendas (id_venda,id_cooperativa,id_comprador,data_venda,valor_total) VALUES (1572,21,32,'2025-10-20 02:43:39',0);
INSERT INTO vendas_itens (id_venda,id_material_base,id_material_catalogo,quantidade_kg,preco_por_kg) VALUES (1572,2,6,174.02,1.18);
INSERT INTO vendas (id_venda,id_cooperativa,id_comprador,data_venda,valor_total) VALUES (1573,50,14,'2025-04-05 02:43:39',0);
INSERT INTO vendas_itens (id_venda,id_material_base,id_material_catalogo,quantidade_kg,preco_por_kg) VALUES (1573,3,8,133.57,7.72);
INSERT INTO vendas_itens (id_venda,id_material_base,id_material_catalogo,quantidade_kg,preco_por_kg) VALUES (1573,2,4,248.59,1.36);
INSERT INTO vendas_itens (id_venda,id_material_base,id_material_catalogo,quantidade_kg,preco_por_kg) VALUES (1573,1,3,488.88,1.32);
INSERT INTO vendas (id_venda,id_cooperativa,id_comprador,data_venda,valor_total) VALUES (1574,42,62,'2025-03-09 02:43:39',0);
INSERT INTO vendas_itens (id_venda,id_material_base,id_material_catalogo,quantidade_kg,preco_por_kg) VALUES (1574,3,7,54.74,4.77);
INSERT INTO vendas_itens (id_venda,id_material_base,id_material_catalogo,quantidade_kg,preco_por_kg) VALUES (1574,2,5,55.33,1.14);
INSERT INTO vendas_itens (id_venda,id_material_base,id_material_catalogo,quantidade_kg,preco_por_kg) VALUES (1574,1,1,492.95,2.22);
INSERT INTO avaliacoes_compradores (id_venda,pontualidade_pagamento,logistica_entrega,qualidade_negociacao,comentario_livre) VALUES (1574,5,1,1,'');
INSERT INTO vendas (id_venda,id_cooperativa,id_comprador,data_venda,valor_total) VALUES (1575,30,35,'2025-01-30 02:43:39',0);
INSERT INTO vendas_itens (id_venda,id_material_base,id_material_catalogo,quantidade_kg,preco_por_kg) VALUES (1575,2,4,234.75,1.16);
INSERT INTO avaliacoes_compradores (id_venda,pontualidade_pagamento,logistica_entrega,qualidade_negociacao,comentario_livre) VALUES (1575,3,3,5,'');
INSERT INTO vendas (id_venda,id_cooperativa,id_comprador,data_venda,valor_total) VALUES (1576,11,94,'2025-07-01 02:43:39',0);
INSERT INTO vendas_itens (id_venda,id_material_base,id_material_catalogo,quantidade_kg,preco_por_kg) VALUES (1576,1,3,592.63,1.54);
INSERT INTO vendas_itens (id_venda,id_material_base,id_material_catalogo,quantidade_kg,preco_por_kg) VALUES (1576,1,2,553.68,1.69);
INSERT INTO vendas_itens (id_venda,id_material_base,id_material_catalogo,quantidade_kg,preco_por_kg) VALUES (1576,1,1,411.51,2.91);
INSERT INTO vendas (id_venda,id_cooperativa,id_comprador,data_venda,valor_total) VALUES (1577,11,42,'2025-01-07 02:43:39',0);
INSERT INTO vendas_itens (id_venda,id_material_base,id_material_catalogo,quantidade_kg,preco_por_kg) VALUES (1577,1,1,555.91,1.39);
INSERT INTO vendas_itens (id_venda,id_material_base,id_material_catalogo,quantidade_kg,preco_por_kg) VALUES (1577,3,8,539.27,5.91);
INSERT INTO vendas (id_venda,id_cooperativa,id_comprador,data_venda,valor_total) VALUES (1578,41,86,'2025-01-09 02:43:39',0);
INSERT INTO vendas_itens (id_venda,id_material_base,id_material_catalogo,quantidade_kg,preco_por_kg) VALUES (1578,2,4,138.43,0.93);
INSERT INTO vendas_itens (id_venda,id_material_base,id_material_catalogo,quantidade_kg,preco_por_kg) VALUES (1578,1,1,326.34,2.17);
INSERT INTO avaliacoes_compradores (id_venda,pontualidade_pagamento,logistica_entrega,qualidade_negociacao,comentario_livre) VALUES (1578,3,3,1,'');
INSERT INTO vendas (id_venda,id_cooperativa,id_comprador,data_venda,valor_total) VALUES (1579,28,46,'2025-08-11 02:43:39',0);
INSERT INTO vendas_itens (id_venda,id_material_base,id_material_catalogo,quantidade_kg,preco_por_kg) VALUES (1579,1,3,427.51,2.68);
INSERT INTO vendas (id_venda,id_cooperativa,id_comprador,data_venda,valor_total) VALUES (1580,28,23,'2025-01-15 02:43:39',0);
INSERT INTO vendas_itens (id_venda,id_material_base,id_material_catalogo,quantidade_kg,preco_por_kg) VALUES (1580,2,6,228.07,0.66);
INSERT INTO vendas_itens (id_venda,id_material_base,id_material_catalogo,quantidade_kg,preco_por_kg) VALUES (1580,3,8,106.69,4.08);
INSERT INTO vendas_itens (id_venda,id_material_base,id_material_catalogo,quantidade_kg,preco_por_kg) VALUES (1580,2,6,58.48,0.96);
INSERT INTO avaliacoes_compradores (id_venda,pontualidade_pagamento,logistica_entrega,qualidade_negociacao,comentario_livre) VALUES (1580,4,5,2,'');
INSERT INTO vendas (id_venda,id_cooperativa,id_comprador,data_venda,valor_total) VALUES (1581,16,84,'2024-12-12 02:43:39',0);
INSERT INTO vendas_itens (id_venda,id_material_base,id_material_catalogo,quantidade_kg,preco_por_kg) VALUES (1581,1,3,319.40,3.43);
INSERT INTO vendas_itens (id_venda,id_material_base,id_material_catalogo,quantidade_kg,preco_por_kg) VALUES (1581,2,4,35.40,0.74);
INSERT INTO vendas_itens (id_venda,id_material_base,id_material_catalogo,quantidade_kg,preco_por_kg) VALUES (1581,3,8,244.34,4.12);
INSERT INTO vendas (id_venda,id_cooperativa,id_comprador,data_venda,valor_total) VALUES (1582,23,46,'2024-12-23 02:43:39',0);
INSERT INTO vendas_itens (id_venda,id_material_base,id_material_catalogo,quantidade_kg,preco_por_kg) VALUES (1582,3,8,415.07,7.79);
INSERT INTO vendas_itens (id_venda,id_material_base,id_material_catalogo,quantidade_kg,preco_por_kg) VALUES (1582,2,5,477.02,1.45);
INSERT INTO avaliacoes_compradores (id_venda,pontualidade_pagamento,logistica_entrega,qualidade_negociacao,comentario_livre) VALUES (1582,1,4,2,'');
INSERT INTO vendas (id_venda,id_cooperativa,id_comprador,data_venda,valor_total) VALUES (1583,14,43,'2025-05-19 02:43:39',0);
INSERT INTO vendas_itens (id_venda,id_material_base,id_material_catalogo,quantidade_kg,preco_por_kg) VALUES (1583,1,1,544.16,3.98);
INSERT INTO vendas_itens (id_venda,id_material_base,id_material_catalogo,quantidade_kg,preco_por_kg) VALUES (1583,1,1,376.72,2.72);
INSERT INTO vendas_itens (id_venda,id_material_base,id_material_catalogo,quantidade_kg,preco_por_kg) VALUES (1583,2,4,327.69,1.43);
INSERT INTO vendas (id_venda,id_cooperativa,id_comprador,data_venda,valor_total) VALUES (1584,1,29,'2025-03-29 02:43:39',0);
INSERT INTO vendas_itens (id_venda,id_material_base,id_material_catalogo,quantidade_kg,preco_por_kg) VALUES (1584,3,7,296.59,2.96);
INSERT INTO vendas (id_venda,id_cooperativa,id_comprador,data_venda,valor_total) VALUES (1585,35,40,'2025-08-21 02:43:39',0);
INSERT INTO vendas_itens (id_venda,id_material_base,id_material_catalogo,quantidade_kg,preco_por_kg) VALUES (1585,2,5,273.91,0.57);
INSERT INTO vendas_itens (id_venda,id_material_base,id_material_catalogo,quantidade_kg,preco_por_kg) VALUES (1585,2,5,398.40,0.75);
INSERT INTO avaliacoes_compradores (id_venda,pontualidade_pagamento,logistica_entrega,qualidade_negociacao,comentario_livre) VALUES (1585,5,2,5,'');
INSERT INTO avaliacao_feedback_selecionado (id_avaliacao,id_feedback_tag) SELECT id_avaliacao,2 FROM avaliacoes_compradores WHERE id_venda=1585;
INSERT INTO avaliacao_feedback_selecionado (id_avaliacao,id_feedback_tag) SELECT id_avaliacao,7 FROM avaliacoes_compradores WHERE id_venda=1585;
INSERT INTO vendas (id_venda,id_cooperativa,id_comprador,data_venda,valor_total) VALUES (1586,21,43,'2025-10-19 02:43:39',0);
INSERT INTO vendas_itens (id_venda,id_material_base,id_material_catalogo,quantidade_kg,preco_por_kg) VALUES (1586,2,5,49.02,1.58);
INSERT INTO vendas_itens (id_venda,id_material_base,id_material_catalogo,quantidade_kg,preco_por_kg) VALUES (1586,1,1,369.39,1.28);
INSERT INTO vendas_itens (id_venda,id_material_base,id_material_catalogo,quantidade_kg,preco_por_kg) VALUES (1586,2,6,235.10,0.62);
INSERT INTO vendas (id_venda,id_cooperativa,id_comprador,data_venda,valor_total) VALUES (1587,33,17,'2025-05-05 02:43:39',0);
INSERT INTO vendas_itens (id_venda,id_material_base,id_material_catalogo,quantidade_kg,preco_por_kg) VALUES (1587,2,4,122.49,1.28);
INSERT INTO vendas_itens (id_venda,id_material_base,id_material_catalogo,quantidade_kg,preco_por_kg) VALUES (1587,3,9,39.58,2.80);
INSERT INTO vendas (id_venda,id_cooperativa,id_comprador,data_venda,valor_total) VALUES (1588,28,5,'2025-03-13 02:43:39',0);
INSERT INTO vendas_itens (id_venda,id_material_base,id_material_catalogo,quantidade_kg,preco_por_kg) VALUES (1588,2,6,599.60,1.04);
INSERT INTO vendas_itens (id_venda,id_material_base,id_material_catalogo,quantidade_kg,preco_por_kg) VALUES (1588,2,4,325.79,0.52);
INSERT INTO avaliacoes_compradores (id_venda,pontualidade_pagamento,logistica_entrega,qualidade_negociacao,comentario_livre) VALUES (1588,2,5,3,'');
INSERT INTO vendas (id_venda,id_cooperativa,id_comprador,data_venda,valor_total) VALUES (1589,36,3,'2025-06-30 02:43:39',0);
INSERT INTO vendas_itens (id_venda,id_material_base,id_material_catalogo,quantidade_kg,preco_por_kg) VALUES (1589,3,7,344.88,3.75);
INSERT INTO vendas_itens (id_venda,id_material_base,id_material_catalogo,quantidade_kg,preco_por_kg) VALUES (1589,1,2,377.83,2.39);
INSERT INTO avaliacoes_compradores (id_venda,pontualidade_pagamento,logistica_entrega,qualidade_negociacao,comentario_livre) VALUES (1589,4,2,2,'');
INSERT INTO vendas (id_venda,id_cooperativa,id_comprador,data_venda,valor_total) VALUES (1590,4,80,'2025-08-12 02:43:39',0);
INSERT INTO vendas_itens (id_venda,id_material_base,id_material_catalogo,quantidade_kg,preco_por_kg) VALUES (1590,2,5,281.45,0.51);
INSERT INTO vendas_itens (id_venda,id_material_base,id_material_catalogo,quantidade_kg,preco_por_kg) VALUES (1590,3,7,403.63,7.46);
INSERT INTO vendas (id_venda,id_cooperativa,id_comprador,data_venda,valor_total) VALUES (1591,41,28,'2024-12-31 02:43:39',0);
INSERT INTO vendas_itens (id_venda,id_material_base,id_material_catalogo,quantidade_kg,preco_por_kg) VALUES (1591,2,5,523.16,0.68);
INSERT INTO avaliacoes_compradores (id_venda,pontualidade_pagamento,logistica_entrega,qualidade_negociacao,comentario_livre) VALUES (1591,2,5,3,'');
INSERT INTO vendas (id_venda,id_cooperativa,id_comprador,data_venda,valor_total) VALUES (1592,22,87,'2025-01-15 02:43:39',0);
INSERT INTO vendas_itens (id_venda,id_material_base,id_material_catalogo,quantidade_kg,preco_por_kg) VALUES (1592,3,9,333.05,7.12);
INSERT INTO vendas_itens (id_venda,id_material_base,id_material_catalogo,quantidade_kg,preco_por_kg) VALUES (1592,3,8,301.22,6.82);
INSERT INTO vendas_itens (id_venda,id_material_base,id_material_catalogo,quantidade_kg,preco_por_kg) VALUES (1592,1,3,579.04,2.35);
INSERT INTO avaliacoes_compradores (id_venda,pontualidade_pagamento,logistica_entrega,qualidade_negociacao,comentario_livre) VALUES (1592,2,3,5,'');
INSERT INTO vendas (id_venda,id_cooperativa,id_comprador,data_venda,valor_total) VALUES (1593,23,56,'2025-08-04 02:43:39',0);
INSERT INTO vendas_itens (id_venda,id_material_base,id_material_catalogo,quantidade_kg,preco_por_kg) VALUES (1593,2,5,520.88,1.16);
INSERT INTO vendas (id_venda,id_cooperativa,id_comprador,data_venda,valor_total) VALUES (1594,25,37,'2025-02-15 02:43:39',0);
INSERT INTO vendas_itens (id_venda,id_material_base,id_material_catalogo,quantidade_kg,preco_por_kg) VALUES (1594,1,3,510.19,2.99);
INSERT INTO vendas (id_venda,id_cooperativa,id_comprador,data_venda,valor_total) VALUES (1595,29,72,'2025-09-09 02:43:39',0);
INSERT INTO vendas_itens (id_venda,id_material_base,id_material_catalogo,quantidade_kg,preco_por_kg) VALUES (1595,3,8,234.97,5.52);
INSERT INTO avaliacoes_compradores (id_venda,pontualidade_pagamento,logistica_entrega,qualidade_negociacao,comentario_livre) VALUES (1595,4,3,4,'');
INSERT INTO vendas (id_venda,id_cooperativa,id_comprador,data_venda,valor_total) VALUES (1596,26,3,'2025-08-07 02:43:39',0);
INSERT INTO vendas_itens (id_venda,id_material_base,id_material_catalogo,quantidade_kg,preco_por_kg) VALUES (1596,3,9,32.51,4.38);
INSERT INTO avaliacoes_compradores (id_venda,pontualidade_pagamento,logistica_entrega,qualidade_negociacao,comentario_livre) VALUES (1596,5,5,5,'');
INSERT INTO avaliacao_feedback_selecionado (id_avaliacao,id_feedback_tag) SELECT id_avaliacao,7 FROM avaliacoes_compradores WHERE id_venda=1596;
INSERT INTO vendas (id_venda,id_cooperativa,id_comprador,data_venda,valor_total) VALUES (1597,5,69,'2025-10-01 02:43:39',0);
INSERT INTO vendas_itens (id_venda,id_material_base,id_material_catalogo,quantidade_kg,preco_por_kg) VALUES (1597,2,6,183.47,0.94);
INSERT INTO vendas (id_venda,id_cooperativa,id_comprador,data_venda,valor_total) VALUES (1598,23,20,'2025-08-22 02:43:39',0);
INSERT INTO vendas_itens (id_venda,id_material_base,id_material_catalogo,quantidade_kg,preco_por_kg) VALUES (1598,1,3,557.57,1.69);
INSERT INTO vendas_itens (id_venda,id_material_base,id_material_catalogo,quantidade_kg,preco_por_kg) VALUES (1598,2,5,67.62,1.36);
INSERT INTO vendas_itens (id_venda,id_material_base,id_material_catalogo,quantidade_kg,preco_por_kg) VALUES (1598,2,5,51.74,1.58);
INSERT INTO vendas (id_venda,id_cooperativa,id_comprador,data_venda,valor_total) VALUES (1599,39,47,'2025-09-20 02:43:39',0);
INSERT INTO vendas_itens (id_venda,id_material_base,id_material_catalogo,quantidade_kg,preco_por_kg) VALUES (1599,3,7,505.57,7.58);
INSERT INTO vendas_itens (id_venda,id_material_base,id_material_catalogo,quantidade_kg,preco_por_kg) VALUES (1599,3,7,402.66,3.32);
INSERT INTO vendas (id_venda,id_cooperativa,id_comprador,data_venda,valor_total) VALUES (1600,24,42,'2024-11-26 02:43:39',0);
INSERT INTO vendas_itens (id_venda,id_material_base,id_material_catalogo,quantidade_kg,preco_por_kg) VALUES (1600,1,3,443.27,3.05);
INSERT INTO vendas_itens (id_venda,id_material_base,id_material_catalogo,quantidade_kg,preco_por_kg) VALUES (1600,2,5,274.32,1.00);
INSERT INTO vendas (id_venda,id_cooperativa,id_comprador,data_venda,valor_total) VALUES (1601,18,41,'2025-06-30 02:43:39',0);
INSERT INTO vendas_itens (id_venda,id_material_base,id_material_catalogo,quantidade_kg,preco_por_kg) VALUES (1601,3,8,492.98,5.85);
INSERT INTO vendas_itens (id_venda,id_material_base,id_material_catalogo,quantidade_kg,preco_por_kg) VALUES (1601,3,9,80.46,7.31);
INSERT INTO vendas (id_venda,id_cooperativa,id_comprador,data_venda,valor_total) VALUES (1602,10,39,'2025-03-24 02:43:39',0);
INSERT INTO vendas_itens (id_venda,id_material_base,id_material_catalogo,quantidade_kg,preco_por_kg) VALUES (1602,2,5,45.10,1.78);
INSERT INTO avaliacoes_compradores (id_venda,pontualidade_pagamento,logistica_entrega,qualidade_negociacao,comentario_livre) VALUES (1602,3,4,3,'');
INSERT INTO vendas (id_venda,id_cooperativa,id_comprador,data_venda,valor_total) VALUES (1603,35,26,'2025-11-10 02:43:39',0);
INSERT INTO vendas_itens (id_venda,id_material_base,id_material_catalogo,quantidade_kg,preco_por_kg) VALUES (1603,3,7,334.35,3.75);
INSERT INTO vendas_itens (id_venda,id_material_base,id_material_catalogo,quantidade_kg,preco_por_kg) VALUES (1603,3,8,590.64,6.75);
INSERT INTO avaliacoes_compradores (id_venda,pontualidade_pagamento,logistica_entrega,qualidade_negociacao,comentario_livre) VALUES (1603,5,3,4,'');
INSERT INTO avaliacao_feedback_selecionado (id_avaliacao,id_feedback_tag) SELECT id_avaliacao,2 FROM avaliacoes_compradores WHERE id_venda=1603;
INSERT INTO vendas (id_venda,id_cooperativa,id_comprador,data_venda,valor_total) VALUES (1604,20,92,'2025-08-08 02:43:39',0);
INSERT INTO vendas_itens (id_venda,id_material_base,id_material_catalogo,quantidade_kg,preco_por_kg) VALUES (1604,1,1,55.35,2.89);
INSERT INTO vendas_itens (id_venda,id_material_base,id_material_catalogo,quantidade_kg,preco_por_kg) VALUES (1604,2,4,419.68,0.84);
INSERT INTO vendas (id_venda,id_cooperativa,id_comprador,data_venda,valor_total) VALUES (1605,8,55,'2025-02-28 02:43:39',0);
INSERT INTO vendas_itens (id_venda,id_material_base,id_material_catalogo,quantidade_kg,preco_por_kg) VALUES (1605,3,9,87.80,7.12);
INSERT INTO vendas_itens (id_venda,id_material_base,id_material_catalogo,quantidade_kg,preco_por_kg) VALUES (1605,2,5,189.77,1.31);
INSERT INTO avaliacoes_compradores (id_venda,pontualidade_pagamento,logistica_entrega,qualidade_negociacao,comentario_livre) VALUES (1605,4,2,5,'');
INSERT INTO vendas (id_venda,id_cooperativa,id_comprador,data_venda,valor_total) VALUES (1606,30,22,'2025-07-20 02:43:39',0);
INSERT INTO vendas_itens (id_venda,id_material_base,id_material_catalogo,quantidade_kg,preco_por_kg) VALUES (1606,1,1,166.38,3.67);
INSERT INTO avaliacoes_compradores (id_venda,pontualidade_pagamento,logistica_entrega,qualidade_negociacao,comentario_livre) VALUES (1606,1,3,5,'');
INSERT INTO vendas (id_venda,id_cooperativa,id_comprador,data_venda,valor_total) VALUES (1607,19,92,'2025-10-12 02:43:39',0);
INSERT INTO vendas_itens (id_venda,id_material_base,id_material_catalogo,quantidade_kg,preco_por_kg) VALUES (1607,1,1,157.07,3.05);
INSERT INTO vendas_itens (id_venda,id_material_base,id_material_catalogo,quantidade_kg,preco_por_kg) VALUES (1607,1,1,182.76,1.91);
INSERT INTO avaliacoes_compradores (id_venda,pontualidade_pagamento,logistica_entrega,qualidade_negociacao,comentario_livre) VALUES (1607,5,1,5,'');
INSERT INTO vendas (id_venda,id_cooperativa,id_comprador,data_venda,valor_total) VALUES (1608,19,11,'2025-04-14 02:43:39',0);
INSERT INTO vendas_itens (id_venda,id_material_base,id_material_catalogo,quantidade_kg,preco_por_kg) VALUES (1608,3,8,362.65,2.56);
INSERT INTO vendas_itens (id_venda,id_material_base,id_material_catalogo,quantidade_kg,preco_por_kg) VALUES (1608,3,7,310.99,4.22);
INSERT INTO vendas_itens (id_venda,id_material_base,id_material_catalogo,quantidade_kg,preco_por_kg) VALUES (1608,3,8,593.53,3.33);
INSERT INTO avaliacoes_compradores (id_venda,pontualidade_pagamento,logistica_entrega,qualidade_negociacao,comentario_livre) VALUES (1608,4,2,2,'');
INSERT INTO vendas (id_venda,id_cooperativa,id_comprador,data_venda,valor_total) VALUES (1609,31,79,'2024-12-04 02:43:39',0);
INSERT INTO vendas_itens (id_venda,id_material_base,id_material_catalogo,quantidade_kg,preco_por_kg) VALUES (1609,1,1,522.05,3.40);
INSERT INTO vendas_itens (id_venda,id_material_base,id_material_catalogo,quantidade_kg,preco_por_kg) VALUES (1609,3,8,375.35,3.50);
INSERT INTO vendas_itens (id_venda,id_material_base,id_material_catalogo,quantidade_kg,preco_por_kg) VALUES (1609,2,6,119.09,1.24);
INSERT INTO avaliacoes_compradores (id_venda,pontualidade_pagamento,logistica_entrega,qualidade_negociacao,comentario_livre) VALUES (1609,3,4,5,'');
INSERT INTO avaliacao_feedback_selecionado (id_avaliacao,id_feedback_tag) SELECT id_avaliacao,3 FROM avaliacoes_compradores WHERE id_venda=1609;
INSERT INTO vendas (id_venda,id_cooperativa,id_comprador,data_venda,valor_total) VALUES (1610,50,52,'2025-01-31 02:43:39',0);
INSERT INTO vendas_itens (id_venda,id_material_base,id_material_catalogo,quantidade_kg,preco_por_kg) VALUES (1610,1,2,489.75,3.07);
INSERT INTO vendas (id_venda,id_cooperativa,id_comprador,data_venda,valor_total) VALUES (1611,43,66,'2025-09-06 02:43:39',0);
INSERT INTO vendas_itens (id_venda,id_material_base,id_material_catalogo,quantidade_kg,preco_por_kg) VALUES (1611,2,4,521.53,0.73);
INSERT INTO vendas_itens (id_venda,id_material_base,id_material_catalogo,quantidade_kg,preco_por_kg) VALUES (1611,3,7,361.64,6.47);
INSERT INTO vendas_itens (id_venda,id_material_base,id_material_catalogo,quantidade_kg,preco_por_kg) VALUES (1611,2,5,99.01,0.96);
INSERT INTO avaliacoes_compradores (id_venda,pontualidade_pagamento,logistica_entrega,qualidade_negociacao,comentario_livre) VALUES (1611,4,4,5,'');
INSERT INTO avaliacao_feedback_selecionado (id_avaliacao,id_feedback_tag) SELECT id_avaliacao,3 FROM avaliacoes_compradores WHERE id_venda=1611;
INSERT INTO avaliacao_feedback_selecionado (id_avaliacao,id_feedback_tag) SELECT id_avaliacao,7 FROM avaliacoes_compradores WHERE id_venda=1611;
INSERT INTO avaliacao_feedback_selecionado (id_avaliacao,id_feedback_tag) SELECT id_avaliacao,6 FROM avaliacoes_compradores WHERE id_venda=1611;
INSERT INTO vendas (id_venda,id_cooperativa,id_comprador,data_venda,valor_total) VALUES (1612,45,87,'2025-05-19 02:43:39',0);
INSERT INTO vendas_itens (id_venda,id_material_base,id_material_catalogo,quantidade_kg,preco_por_kg) VALUES (1612,2,5,101.52,1.56);
INSERT INTO vendas_itens (id_venda,id_material_base,id_material_catalogo,quantidade_kg,preco_por_kg) VALUES (1612,2,6,123.29,0.84);
INSERT INTO vendas (id_venda,id_cooperativa,id_comprador,data_venda,valor_total) VALUES (1613,32,72,'2025-07-12 02:43:39',0);
INSERT INTO vendas_itens (id_venda,id_material_base,id_material_catalogo,quantidade_kg,preco_por_kg) VALUES (1613,2,5,540.69,0.51);
INSERT INTO vendas_itens (id_venda,id_material_base,id_material_catalogo,quantidade_kg,preco_por_kg) VALUES (1613,3,8,404.00,4.99);
INSERT INTO vendas_itens (id_venda,id_material_base,id_material_catalogo,quantidade_kg,preco_por_kg) VALUES (1613,3,8,515.83,5.01);
INSERT INTO avaliacoes_compradores (id_venda,pontualidade_pagamento,logistica_entrega,qualidade_negociacao,comentario_livre) VALUES (1613,5,4,5,'');
INSERT INTO avaliacao_feedback_selecionado (id_avaliacao,id_feedback_tag) SELECT id_avaliacao,11 FROM avaliacoes_compradores WHERE id_venda=1613;
INSERT INTO avaliacao_feedback_selecionado (id_avaliacao,id_feedback_tag) SELECT id_avaliacao,2 FROM avaliacoes_compradores WHERE id_venda=1613;
INSERT INTO avaliacao_feedback_selecionado (id_avaliacao,id_feedback_tag) SELECT id_avaliacao,9 FROM avaliacoes_compradores WHERE id_venda=1613;
INSERT INTO vendas (id_venda,id_cooperativa,id_comprador,data_venda,valor_total) VALUES (1614,40,93,'2025-02-19 02:43:39',0);
INSERT INTO vendas_itens (id_venda,id_material_base,id_material_catalogo,quantidade_kg,preco_por_kg) VALUES (1614,2,4,345.09,1.45);
INSERT INTO vendas_itens (id_venda,id_material_base,id_material_catalogo,quantidade_kg,preco_por_kg) VALUES (1614,2,6,121.71,1.56);
INSERT INTO vendas_itens (id_venda,id_material_base,id_material_catalogo,quantidade_kg,preco_por_kg) VALUES (1614,1,3,203.17,1.99);
INSERT INTO vendas (id_venda,id_cooperativa,id_comprador,data_venda,valor_total) VALUES (1615,24,37,'2025-11-07 02:43:39',0);
INSERT INTO vendas_itens (id_venda,id_material_base,id_material_catalogo,quantidade_kg,preco_por_kg) VALUES (1615,2,4,138.49,1.50);
INSERT INTO vendas_itens (id_venda,id_material_base,id_material_catalogo,quantidade_kg,preco_por_kg) VALUES (1615,3,8,548.57,7.11);
INSERT INTO avaliacoes_compradores (id_venda,pontualidade_pagamento,logistica_entrega,qualidade_negociacao,comentario_livre) VALUES (1615,1,5,5,'');
INSERT INTO vendas (id_venda,id_cooperativa,id_comprador,data_venda,valor_total) VALUES (1616,27,79,'2025-08-15 02:43:39',0);
INSERT INTO vendas_itens (id_venda,id_material_base,id_material_catalogo,quantidade_kg,preco_por_kg) VALUES (1616,3,9,174.52,6.09);
INSERT INTO vendas_itens (id_venda,id_material_base,id_material_catalogo,quantidade_kg,preco_por_kg) VALUES (1616,1,3,459.87,3.75);
INSERT INTO avaliacoes_compradores (id_venda,pontualidade_pagamento,logistica_entrega,qualidade_negociacao,comentario_livre) VALUES (1616,2,5,1,'');
INSERT INTO vendas (id_venda,id_cooperativa,id_comprador,data_venda,valor_total) VALUES (1617,39,26,'2025-04-17 02:43:39',0);
INSERT INTO vendas_itens (id_venda,id_material_base,id_material_catalogo,quantidade_kg,preco_por_kg) VALUES (1617,2,6,202.64,1.04);
INSERT INTO vendas_itens (id_venda,id_material_base,id_material_catalogo,quantidade_kg,preco_por_kg) VALUES (1617,1,1,291.32,3.55);
INSERT INTO vendas_itens (id_venda,id_material_base,id_material_catalogo,quantidade_kg,preco_por_kg) VALUES (1617,3,7,78.04,6.32);
INSERT INTO avaliacoes_compradores (id_venda,pontualidade_pagamento,logistica_entrega,qualidade_negociacao,comentario_livre) VALUES (1617,1,3,2,'');
INSERT INTO avaliacao_feedback_selecionado (id_avaliacao,id_feedback_tag) SELECT id_avaliacao,15 FROM avaliacoes_compradores WHERE id_venda=1617;
INSERT INTO avaliacao_feedback_selecionado (id_avaliacao,id_feedback_tag) SELECT id_avaliacao,21 FROM avaliacoes_compradores WHERE id_venda=1617;
INSERT INTO vendas (id_venda,id_cooperativa,id_comprador,data_venda,valor_total) VALUES (1618,14,22,'2025-04-02 02:43:39',0);
INSERT INTO vendas_itens (id_venda,id_material_base,id_material_catalogo,quantidade_kg,preco_por_kg) VALUES (1618,3,8,293.17,6.81);
INSERT INTO vendas_itens (id_venda,id_material_base,id_material_catalogo,quantidade_kg,preco_por_kg) VALUES (1618,3,9,440.98,4.14);
INSERT INTO avaliacoes_compradores (id_venda,pontualidade_pagamento,logistica_entrega,qualidade_negociacao,comentario_livre) VALUES (1618,2,2,2,'');
INSERT INTO avaliacao_feedback_selecionado (id_avaliacao,id_feedback_tag) SELECT id_avaliacao,23 FROM avaliacoes_compradores WHERE id_venda=1618;
INSERT INTO avaliacao_feedback_selecionado (id_avaliacao,id_feedback_tag) SELECT id_avaliacao,14 FROM avaliacoes_compradores WHERE id_venda=1618;
INSERT INTO avaliacao_feedback_selecionado (id_avaliacao,id_feedback_tag) SELECT id_avaliacao,18 FROM avaliacoes_compradores WHERE id_venda=1618;
INSERT INTO vendas (id_venda,id_cooperativa,id_comprador,data_venda,valor_total) VALUES (1619,44,97,'2025-05-22 02:43:39',0);
INSERT INTO vendas_itens (id_venda,id_material_base,id_material_catalogo,quantidade_kg,preco_por_kg) VALUES (1619,3,7,315.22,4.02);
INSERT INTO vendas_itens (id_venda,id_material_base,id_material_catalogo,quantidade_kg,preco_por_kg) VALUES (1619,3,9,108.32,5.82);
INSERT INTO avaliacoes_compradores (id_venda,pontualidade_pagamento,logistica_entrega,qualidade_negociacao,comentario_livre) VALUES (1619,3,5,3,'');
INSERT INTO vendas (id_venda,id_cooperativa,id_comprador,data_venda,valor_total) VALUES (1620,26,56,'2025-10-26 02:43:39',0);
INSERT INTO vendas_itens (id_venda,id_material_base,id_material_catalogo,quantidade_kg,preco_por_kg) VALUES (1620,2,6,463.02,1.64);
INSERT INTO vendas_itens (id_venda,id_material_base,id_material_catalogo,quantidade_kg,preco_por_kg) VALUES (1620,2,6,402.19,0.54);
INSERT INTO vendas (id_venda,id_cooperativa,id_comprador,data_venda,valor_total) VALUES (1621,13,99,'2025-10-07 02:43:39',0);
INSERT INTO vendas_itens (id_venda,id_material_base,id_material_catalogo,quantidade_kg,preco_por_kg) VALUES (1621,3,7,118.17,4.00);
INSERT INTO vendas_itens (id_venda,id_material_base,id_material_catalogo,quantidade_kg,preco_por_kg) VALUES (1621,1,2,285.31,3.36);
INSERT INTO vendas_itens (id_venda,id_material_base,id_material_catalogo,quantidade_kg,preco_por_kg) VALUES (1621,2,4,204.73,1.28);
INSERT INTO vendas (id_venda,id_cooperativa,id_comprador,data_venda,valor_total) VALUES (1622,35,61,'2025-02-18 02:43:39',0);
INSERT INTO vendas_itens (id_venda,id_material_base,id_material_catalogo,quantidade_kg,preco_por_kg) VALUES (1622,2,6,535.91,1.22);
INSERT INTO vendas_itens (id_venda,id_material_base,id_material_catalogo,quantidade_kg,preco_por_kg) VALUES (1622,2,5,216.00,1.56);
INSERT INTO vendas_itens (id_venda,id_material_base,id_material_catalogo,quantidade_kg,preco_por_kg) VALUES (1622,2,4,449.98,0.55);
INSERT INTO avaliacoes_compradores (id_venda,pontualidade_pagamento,logistica_entrega,qualidade_negociacao,comentario_livre) VALUES (1622,5,3,2,'');
INSERT INTO vendas (id_venda,id_cooperativa,id_comprador,data_venda,valor_total) VALUES (1623,18,63,'2025-06-04 02:43:39',0);
INSERT INTO vendas_itens (id_venda,id_material_base,id_material_catalogo,quantidade_kg,preco_por_kg) VALUES (1623,3,7,406.53,2.60);
INSERT INTO vendas_itens (id_venda,id_material_base,id_material_catalogo,quantidade_kg,preco_por_kg) VALUES (1623,2,4,35.94,0.84);
INSERT INTO avaliacoes_compradores (id_venda,pontualidade_pagamento,logistica_entrega,qualidade_negociacao,comentario_livre) VALUES (1623,2,4,5,'');
INSERT INTO vendas (id_venda,id_cooperativa,id_comprador,data_venda,valor_total) VALUES (1624,37,78,'2025-01-08 02:43:39',0);
INSERT INTO vendas_itens (id_venda,id_material_base,id_material_catalogo,quantidade_kg,preco_por_kg) VALUES (1624,2,4,445.67,0.78);
INSERT INTO vendas_itens (id_venda,id_material_base,id_material_catalogo,quantidade_kg,preco_por_kg) VALUES (1624,3,7,54.95,7.50);
INSERT INTO vendas_itens (id_venda,id_material_base,id_material_catalogo,quantidade_kg,preco_por_kg) VALUES (1624,2,4,577.68,0.95);
INSERT INTO avaliacoes_compradores (id_venda,pontualidade_pagamento,logistica_entrega,qualidade_negociacao,comentario_livre) VALUES (1624,5,5,5,'');
INSERT INTO avaliacao_feedback_selecionado (id_avaliacao,id_feedback_tag) SELECT id_avaliacao,8 FROM avaliacoes_compradores WHERE id_venda=1624;
INSERT INTO vendas (id_venda,id_cooperativa,id_comprador,data_venda,valor_total) VALUES (1625,44,91,'2025-03-14 02:43:39',0);
INSERT INTO vendas_itens (id_venda,id_material_base,id_material_catalogo,quantidade_kg,preco_por_kg) VALUES (1625,1,2,491.96,2.56);
INSERT INTO vendas (id_venda,id_cooperativa,id_comprador,data_venda,valor_total) VALUES (1626,6,77,'2025-01-10 02:43:39',0);
INSERT INTO vendas_itens (id_venda,id_material_base,id_material_catalogo,quantidade_kg,preco_por_kg) VALUES (1626,3,9,133.50,5.68);
INSERT INTO vendas_itens (id_venda,id_material_base,id_material_catalogo,quantidade_kg,preco_por_kg) VALUES (1626,1,3,331.28,3.80);
INSERT INTO avaliacoes_compradores (id_venda,pontualidade_pagamento,logistica_entrega,qualidade_negociacao,comentario_livre) VALUES (1626,2,3,3,'');
INSERT INTO vendas (id_venda,id_cooperativa,id_comprador,data_venda,valor_total) VALUES (1627,3,62,'2025-01-03 02:43:39',0);
INSERT INTO vendas_itens (id_venda,id_material_base,id_material_catalogo,quantidade_kg,preco_por_kg) VALUES (1627,2,6,232.65,1.02);
INSERT INTO vendas_itens (id_venda,id_material_base,id_material_catalogo,quantidade_kg,preco_por_kg) VALUES (1627,3,8,413.23,3.72);
INSERT INTO avaliacoes_compradores (id_venda,pontualidade_pagamento,logistica_entrega,qualidade_negociacao,comentario_livre) VALUES (1627,5,1,2,'');
INSERT INTO vendas (id_venda,id_cooperativa,id_comprador,data_venda,valor_total) VALUES (1628,42,59,'2025-01-07 02:43:39',0);
INSERT INTO vendas_itens (id_venda,id_material_base,id_material_catalogo,quantidade_kg,preco_por_kg) VALUES (1628,2,5,119.86,1.17);
INSERT INTO vendas_itens (id_venda,id_material_base,id_material_catalogo,quantidade_kg,preco_por_kg) VALUES (1628,2,6,571.10,0.51);
INSERT INTO vendas_itens (id_venda,id_material_base,id_material_catalogo,quantidade_kg,preco_por_kg) VALUES (1628,2,5,586.66,1.72);
INSERT INTO vendas (id_venda,id_cooperativa,id_comprador,data_venda,valor_total) VALUES (1629,12,70,'2024-12-01 02:43:39',0);
INSERT INTO vendas_itens (id_venda,id_material_base,id_material_catalogo,quantidade_kg,preco_por_kg) VALUES (1629,1,1,352.33,2.29);
INSERT INTO vendas (id_venda,id_cooperativa,id_comprador,data_venda,valor_total) VALUES (1630,33,73,'2025-01-25 02:43:39',0);
INSERT INTO vendas_itens (id_venda,id_material_base,id_material_catalogo,quantidade_kg,preco_por_kg) VALUES (1630,3,9,227.19,5.67);
INSERT INTO vendas_itens (id_venda,id_material_base,id_material_catalogo,quantidade_kg,preco_por_kg) VALUES (1630,1,1,298.76,2.27);
INSERT INTO avaliacoes_compradores (id_venda,pontualidade_pagamento,logistica_entrega,qualidade_negociacao,comentario_livre) VALUES (1630,4,2,5,'');
INSERT INTO vendas (id_venda,id_cooperativa,id_comprador,data_venda,valor_total) VALUES (1631,47,11,'2025-09-22 02:43:39',0);
INSERT INTO vendas_itens (id_venda,id_material_base,id_material_catalogo,quantidade_kg,preco_por_kg) VALUES (1631,2,5,133.97,0.68);
INSERT INTO vendas_itens (id_venda,id_material_base,id_material_catalogo,quantidade_kg,preco_por_kg) VALUES (1631,3,8,550.07,4.74);
INSERT INTO vendas_itens (id_venda,id_material_base,id_material_catalogo,quantidade_kg,preco_por_kg) VALUES (1631,1,3,55.05,3.60);
INSERT INTO avaliacoes_compradores (id_venda,pontualidade_pagamento,logistica_entrega,qualidade_negociacao,comentario_livre) VALUES (1631,2,3,4,'');
INSERT INTO vendas (id_venda,id_cooperativa,id_comprador,data_venda,valor_total) VALUES (1632,22,50,'2025-01-03 02:43:39',0);
INSERT INTO vendas_itens (id_venda,id_material_base,id_material_catalogo,quantidade_kg,preco_por_kg) VALUES (1632,3,7,144.65,5.31);
INSERT INTO vendas_itens (id_venda,id_material_base,id_material_catalogo,quantidade_kg,preco_por_kg) VALUES (1632,1,2,257.42,1.45);
INSERT INTO vendas_itens (id_venda,id_material_base,id_material_catalogo,quantidade_kg,preco_por_kg) VALUES (1632,3,9,448.05,3.33);
INSERT INTO vendas (id_venda,id_cooperativa,id_comprador,data_venda,valor_total) VALUES (1633,43,30,'2025-01-05 02:43:39',0);
INSERT INTO vendas_itens (id_venda,id_material_base,id_material_catalogo,quantidade_kg,preco_por_kg) VALUES (1633,2,4,291.29,0.76);
INSERT INTO avaliacoes_compradores (id_venda,pontualidade_pagamento,logistica_entrega,qualidade_negociacao,comentario_livre) VALUES (1633,1,4,4,'');
INSERT INTO vendas (id_venda,id_cooperativa,id_comprador,data_venda,valor_total) VALUES (1634,19,97,'2025-04-11 02:43:39',0);
INSERT INTO vendas_itens (id_venda,id_material_base,id_material_catalogo,quantidade_kg,preco_por_kg) VALUES (1634,2,4,432.37,1.22);
INSERT INTO avaliacoes_compradores (id_venda,pontualidade_pagamento,logistica_entrega,qualidade_negociacao,comentario_livre) VALUES (1634,4,1,5,'');
INSERT INTO vendas (id_venda,id_cooperativa,id_comprador,data_venda,valor_total) VALUES (1635,12,7,'2025-06-27 02:43:39',0);
INSERT INTO vendas_itens (id_venda,id_material_base,id_material_catalogo,quantidade_kg,preco_por_kg) VALUES (1635,2,6,103.19,1.52);
INSERT INTO vendas_itens (id_venda,id_material_base,id_material_catalogo,quantidade_kg,preco_por_kg) VALUES (1635,3,9,48.42,4.63);
INSERT INTO vendas_itens (id_venda,id_material_base,id_material_catalogo,quantidade_kg,preco_por_kg) VALUES (1635,1,3,70.07,1.48);
INSERT INTO vendas (id_venda,id_cooperativa,id_comprador,data_venda,valor_total) VALUES (1636,27,43,'2025-10-20 02:43:39',0);
INSERT INTO vendas_itens (id_venda,id_material_base,id_material_catalogo,quantidade_kg,preco_por_kg) VALUES (1636,3,9,84.61,3.81);
INSERT INTO vendas_itens (id_venda,id_material_base,id_material_catalogo,quantidade_kg,preco_por_kg) VALUES (1636,1,2,352.59,2.09);
INSERT INTO vendas_itens (id_venda,id_material_base,id_material_catalogo,quantidade_kg,preco_por_kg) VALUES (1636,3,9,32.48,3.24);
INSERT INTO avaliacoes_compradores (id_venda,pontualidade_pagamento,logistica_entrega,qualidade_negociacao,comentario_livre) VALUES (1636,2,3,2,'');
INSERT INTO vendas (id_venda,id_cooperativa,id_comprador,data_venda,valor_total) VALUES (1637,3,94,'2025-06-13 02:43:39',0);
INSERT INTO vendas_itens (id_venda,id_material_base,id_material_catalogo,quantidade_kg,preco_por_kg) VALUES (1637,2,6,69.26,1.28);
INSERT INTO avaliacoes_compradores (id_venda,pontualidade_pagamento,logistica_entrega,qualidade_negociacao,comentario_livre) VALUES (1637,3,4,2,'');
INSERT INTO vendas (id_venda,id_cooperativa,id_comprador,data_venda,valor_total) VALUES (1638,27,93,'2025-11-17 02:43:39',0);
INSERT INTO vendas_itens (id_venda,id_material_base,id_material_catalogo,quantidade_kg,preco_por_kg) VALUES (1638,1,3,491.47,3.45);
INSERT INTO avaliacoes_compradores (id_venda,pontualidade_pagamento,logistica_entrega,qualidade_negociacao,comentario_livre) VALUES (1638,3,1,2,'');
INSERT INTO avaliacao_feedback_selecionado (id_avaliacao,id_feedback_tag) SELECT id_avaliacao,21 FROM avaliacoes_compradores WHERE id_venda=1638;
INSERT INTO avaliacao_feedback_selecionado (id_avaliacao,id_feedback_tag) SELECT id_avaliacao,17 FROM avaliacoes_compradores WHERE id_venda=1638;
INSERT INTO avaliacao_feedback_selecionado (id_avaliacao,id_feedback_tag) SELECT id_avaliacao,16 FROM avaliacoes_compradores WHERE id_venda=1638;
INSERT INTO vendas (id_venda,id_cooperativa,id_comprador,data_venda,valor_total) VALUES (1639,25,11,'2025-09-08 02:43:39',0);
INSERT INTO vendas_itens (id_venda,id_material_base,id_material_catalogo,quantidade_kg,preco_por_kg) VALUES (1639,2,4,167.61,1.36);
INSERT INTO vendas_itens (id_venda,id_material_base,id_material_catalogo,quantidade_kg,preco_por_kg) VALUES (1639,2,5,142.06,0.90);
INSERT INTO avaliacoes_compradores (id_venda,pontualidade_pagamento,logistica_entrega,qualidade_negociacao,comentario_livre) VALUES (1639,4,2,4,'');
INSERT INTO vendas (id_venda,id_cooperativa,id_comprador,data_venda,valor_total) VALUES (1640,39,73,'2025-07-19 02:43:39',0);
INSERT INTO vendas_itens (id_venda,id_material_base,id_material_catalogo,quantidade_kg,preco_por_kg) VALUES (1640,2,6,47.04,1.49);
INSERT INTO vendas_itens (id_venda,id_material_base,id_material_catalogo,quantidade_kg,preco_por_kg) VALUES (1640,2,4,109.24,1.59);
INSERT INTO avaliacoes_compradores (id_venda,pontualidade_pagamento,logistica_entrega,qualidade_negociacao,comentario_livre) VALUES (1640,4,2,1,'');
INSERT INTO vendas (id_venda,id_cooperativa,id_comprador,data_venda,valor_total) VALUES (1641,18,63,'2024-12-21 02:43:39',0);
INSERT INTO vendas_itens (id_venda,id_material_base,id_material_catalogo,quantidade_kg,preco_por_kg) VALUES (1641,2,6,405.64,0.95);
INSERT INTO avaliacoes_compradores (id_venda,pontualidade_pagamento,logistica_entrega,qualidade_negociacao,comentario_livre) VALUES (1641,3,4,4,'');
INSERT INTO vendas (id_venda,id_cooperativa,id_comprador,data_venda,valor_total) VALUES (1642,42,94,'2025-11-07 02:43:39',0);
INSERT INTO vendas_itens (id_venda,id_material_base,id_material_catalogo,quantidade_kg,preco_por_kg) VALUES (1642,3,7,571.56,5.42);
INSERT INTO vendas_itens (id_venda,id_material_base,id_material_catalogo,quantidade_kg,preco_por_kg) VALUES (1642,2,5,57.67,0.65);
INSERT INTO avaliacoes_compradores (id_venda,pontualidade_pagamento,logistica_entrega,qualidade_negociacao,comentario_livre) VALUES (1642,3,2,5,'');
INSERT INTO vendas (id_venda,id_cooperativa,id_comprador,data_venda,valor_total) VALUES (1643,41,40,'2025-01-14 02:43:39',0);
INSERT INTO vendas_itens (id_venda,id_material_base,id_material_catalogo,quantidade_kg,preco_por_kg) VALUES (1643,2,4,315.41,0.56);
INSERT INTO avaliacoes_compradores (id_venda,pontualidade_pagamento,logistica_entrega,qualidade_negociacao,comentario_livre) VALUES (1643,5,4,3,'');
INSERT INTO avaliacao_feedback_selecionado (id_avaliacao,id_feedback_tag) SELECT id_avaliacao,5 FROM avaliacoes_compradores WHERE id_venda=1643;
INSERT INTO avaliacao_feedback_selecionado (id_avaliacao,id_feedback_tag) SELECT id_avaliacao,7 FROM avaliacoes_compradores WHERE id_venda=1643;
INSERT INTO vendas (id_venda,id_cooperativa,id_comprador,data_venda,valor_total) VALUES (1644,21,61,'2025-06-07 02:43:39',0);
INSERT INTO vendas_itens (id_venda,id_material_base,id_material_catalogo,quantidade_kg,preco_por_kg) VALUES (1644,2,5,253.56,1.59);
INSERT INTO vendas_itens (id_venda,id_material_base,id_material_catalogo,quantidade_kg,preco_por_kg) VALUES (1644,1,1,206.33,2.29);
INSERT INTO vendas (id_venda,id_cooperativa,id_comprador,data_venda,valor_total) VALUES (1645,31,3,'2025-05-27 02:43:39',0);
INSERT INTO vendas_itens (id_venda,id_material_base,id_material_catalogo,quantidade_kg,preco_por_kg) VALUES (1645,2,5,271.52,1.67);
INSERT INTO vendas_itens (id_venda,id_material_base,id_material_catalogo,quantidade_kg,preco_por_kg) VALUES (1645,3,8,425.20,5.72);
INSERT INTO vendas (id_venda,id_cooperativa,id_comprador,data_venda,valor_total) VALUES (1646,36,61,'2025-07-02 02:43:39',0);
INSERT INTO vendas_itens (id_venda,id_material_base,id_material_catalogo,quantidade_kg,preco_por_kg) VALUES (1646,3,8,102.31,3.45);
INSERT INTO vendas_itens (id_venda,id_material_base,id_material_catalogo,quantidade_kg,preco_por_kg) VALUES (1646,2,6,563.03,1.02);
INSERT INTO vendas (id_venda,id_cooperativa,id_comprador,data_venda,valor_total) VALUES (1647,23,47,'2025-05-16 02:43:39',0);
INSERT INTO vendas_itens (id_venda,id_material_base,id_material_catalogo,quantidade_kg,preco_por_kg) VALUES (1647,1,1,138.60,3.98);
INSERT INTO avaliacoes_compradores (id_venda,pontualidade_pagamento,logistica_entrega,qualidade_negociacao,comentario_livre) VALUES (1647,4,4,3,'');
INSERT INTO vendas (id_venda,id_cooperativa,id_comprador,data_venda,valor_total) VALUES (1648,26,39,'2025-06-27 02:43:39',0);
INSERT INTO vendas_itens (id_venda,id_material_base,id_material_catalogo,quantidade_kg,preco_por_kg) VALUES (1648,2,5,104.20,1.64);
INSERT INTO avaliacoes_compradores (id_venda,pontualidade_pagamento,logistica_entrega,qualidade_negociacao,comentario_livre) VALUES (1648,3,3,3,'');
INSERT INTO vendas (id_venda,id_cooperativa,id_comprador,data_venda,valor_total) VALUES (1649,33,89,'2025-03-28 02:43:39',0);
INSERT INTO vendas_itens (id_venda,id_material_base,id_material_catalogo,quantidade_kg,preco_por_kg) VALUES (1649,2,6,583.97,1.45);
INSERT INTO avaliacoes_compradores (id_venda,pontualidade_pagamento,logistica_entrega,qualidade_negociacao,comentario_livre) VALUES (1649,1,4,3,'');
INSERT INTO vendas (id_venda,id_cooperativa,id_comprador,data_venda,valor_total) VALUES (1650,30,58,'2025-06-04 02:43:39',0);
INSERT INTO vendas_itens (id_venda,id_material_base,id_material_catalogo,quantidade_kg,preco_por_kg) VALUES (1650,3,9,473.49,2.96);
INSERT INTO vendas_itens (id_venda,id_material_base,id_material_catalogo,quantidade_kg,preco_por_kg) VALUES (1650,1,2,377.66,1.85);
INSERT INTO vendas (id_venda,id_cooperativa,id_comprador,data_venda,valor_total) VALUES (1651,41,83,'2024-12-11 02:43:39',0);
INSERT INTO vendas_itens (id_venda,id_material_base,id_material_catalogo,quantidade_kg,preco_por_kg) VALUES (1651,1,3,352.75,3.14);
INSERT INTO vendas (id_venda,id_cooperativa,id_comprador,data_venda,valor_total) VALUES (1652,15,30,'2024-11-23 02:43:39',0);
INSERT INTO vendas_itens (id_venda,id_material_base,id_material_catalogo,quantidade_kg,preco_por_kg) VALUES (1652,2,4,476.61,1.39);
INSERT INTO vendas_itens (id_venda,id_material_base,id_material_catalogo,quantidade_kg,preco_por_kg) VALUES (1652,2,4,360.66,1.36);
INSERT INTO vendas (id_venda,id_cooperativa,id_comprador,data_venda,valor_total) VALUES (1653,33,65,'2025-09-22 02:43:39',0);
INSERT INTO vendas_itens (id_venda,id_material_base,id_material_catalogo,quantidade_kg,preco_por_kg) VALUES (1653,3,9,185.16,5.80);
INSERT INTO avaliacoes_compradores (id_venda,pontualidade_pagamento,logistica_entrega,qualidade_negociacao,comentario_livre) VALUES (1653,1,1,1,'');
INSERT INTO avaliacao_feedback_selecionado (id_avaliacao,id_feedback_tag) SELECT id_avaliacao,19 FROM avaliacoes_compradores WHERE id_venda=1653;
INSERT INTO vendas (id_venda,id_cooperativa,id_comprador,data_venda,valor_total) VALUES (1654,42,45,'2025-01-04 02:43:39',0);
INSERT INTO vendas_itens (id_venda,id_material_base,id_material_catalogo,quantidade_kg,preco_por_kg) VALUES (1654,2,4,483.80,1.29);
INSERT INTO avaliacoes_compradores (id_venda,pontualidade_pagamento,logistica_entrega,qualidade_negociacao,comentario_livre) VALUES (1654,2,3,1,'');
INSERT INTO avaliacao_feedback_selecionado (id_avaliacao,id_feedback_tag) SELECT id_avaliacao,20 FROM avaliacoes_compradores WHERE id_venda=1654;
INSERT INTO avaliacao_feedback_selecionado (id_avaliacao,id_feedback_tag) SELECT id_avaliacao,17 FROM avaliacoes_compradores WHERE id_venda=1654;
INSERT INTO vendas (id_venda,id_cooperativa,id_comprador,data_venda,valor_total) VALUES (1655,45,3,'2024-12-14 02:43:39',0);
INSERT INTO vendas_itens (id_venda,id_material_base,id_material_catalogo,quantidade_kg,preco_por_kg) VALUES (1655,1,3,295.73,1.94);
INSERT INTO vendas_itens (id_venda,id_material_base,id_material_catalogo,quantidade_kg,preco_por_kg) VALUES (1655,3,7,425.42,7.11);
INSERT INTO avaliacoes_compradores (id_venda,pontualidade_pagamento,logistica_entrega,qualidade_negociacao,comentario_livre) VALUES (1655,1,1,4,'');
INSERT INTO avaliacao_feedback_selecionado (id_avaliacao,id_feedback_tag) SELECT id_avaliacao,14 FROM avaliacoes_compradores WHERE id_venda=1655;
INSERT INTO vendas (id_venda,id_cooperativa,id_comprador,data_venda,valor_total) VALUES (1656,12,76,'2025-03-30 02:43:39',0);
INSERT INTO vendas_itens (id_venda,id_material_base,id_material_catalogo,quantidade_kg,preco_por_kg) VALUES (1656,1,3,162.38,1.43);
INSERT INTO avaliacoes_compradores (id_venda,pontualidade_pagamento,logistica_entrega,qualidade_negociacao,comentario_livre) VALUES (1656,5,2,4,'');
INSERT INTO vendas (id_venda,id_cooperativa,id_comprador,data_venda,valor_total) VALUES (1657,14,50,'2025-03-18 02:43:39',0);
INSERT INTO vendas_itens (id_venda,id_material_base,id_material_catalogo,quantidade_kg,preco_por_kg) VALUES (1657,2,4,71.69,1.37);
INSERT INTO vendas (id_venda,id_cooperativa,id_comprador,data_venda,valor_total) VALUES (1658,36,2,'2024-11-20 02:43:39',0);
INSERT INTO vendas_itens (id_venda,id_material_base,id_material_catalogo,quantidade_kg,preco_por_kg) VALUES (1658,2,4,285.93,0.92);
INSERT INTO vendas_itens (id_venda,id_material_base,id_material_catalogo,quantidade_kg,preco_por_kg) VALUES (1658,3,8,378.00,5.28);
INSERT INTO avaliacoes_compradores (id_venda,pontualidade_pagamento,logistica_entrega,qualidade_negociacao,comentario_livre) VALUES (1658,1,3,1,'');
INSERT INTO avaliacao_feedback_selecionado (id_avaliacao,id_feedback_tag) SELECT id_avaliacao,18 FROM avaliacoes_compradores WHERE id_venda=1658;
INSERT INTO avaliacao_feedback_selecionado (id_avaliacao,id_feedback_tag) SELECT id_avaliacao,16 FROM avaliacoes_compradores WHERE id_venda=1658;
INSERT INTO avaliacao_feedback_selecionado (id_avaliacao,id_feedback_tag) SELECT id_avaliacao,17 FROM avaliacoes_compradores WHERE id_venda=1658;
INSERT INTO vendas (id_venda,id_cooperativa,id_comprador,data_venda,valor_total) VALUES (1659,42,5,'2025-11-17 02:43:39',0);
INSERT INTO vendas_itens (id_venda,id_material_base,id_material_catalogo,quantidade_kg,preco_por_kg) VALUES (1659,2,6,215.14,1.69);
INSERT INTO vendas_itens (id_venda,id_material_base,id_material_catalogo,quantidade_kg,preco_por_kg) VALUES (1659,3,8,231.55,7.93);
INSERT INTO vendas_itens (id_venda,id_material_base,id_material_catalogo,quantidade_kg,preco_por_kg) VALUES (1659,3,7,165.75,3.91);
INSERT INTO vendas (id_venda,id_cooperativa,id_comprador,data_venda,valor_total) VALUES (1660,49,44,'2025-05-05 02:43:39',0);
INSERT INTO vendas_itens (id_venda,id_material_base,id_material_catalogo,quantidade_kg,preco_por_kg) VALUES (1660,3,9,560.65,6.06);
INSERT INTO vendas_itens (id_venda,id_material_base,id_material_catalogo,quantidade_kg,preco_por_kg) VALUES (1660,3,8,506.20,7.58);
INSERT INTO vendas_itens (id_venda,id_material_base,id_material_catalogo,quantidade_kg,preco_por_kg) VALUES (1660,1,3,149.90,2.53);
INSERT INTO avaliacoes_compradores (id_venda,pontualidade_pagamento,logistica_entrega,qualidade_negociacao,comentario_livre) VALUES (1660,1,1,3,'');
INSERT INTO avaliacao_feedback_selecionado (id_avaliacao,id_feedback_tag) SELECT id_avaliacao,17 FROM avaliacoes_compradores WHERE id_venda=1660;
INSERT INTO avaliacao_feedback_selecionado (id_avaliacao,id_feedback_tag) SELECT id_avaliacao,15 FROM avaliacoes_compradores WHERE id_venda=1660;
INSERT INTO avaliacao_feedback_selecionado (id_avaliacao,id_feedback_tag) SELECT id_avaliacao,12 FROM avaliacoes_compradores WHERE id_venda=1660;
INSERT INTO vendas (id_venda,id_cooperativa,id_comprador,data_venda,valor_total) VALUES (1661,6,83,'2025-03-07 02:43:39',0);
INSERT INTO vendas_itens (id_venda,id_material_base,id_material_catalogo,quantidade_kg,preco_por_kg) VALUES (1661,3,9,33.12,3.61);
INSERT INTO vendas (id_venda,id_cooperativa,id_comprador,data_venda,valor_total) VALUES (1662,37,98,'2025-07-30 02:43:39',0);
INSERT INTO vendas_itens (id_venda,id_material_base,id_material_catalogo,quantidade_kg,preco_por_kg) VALUES (1662,2,4,510.35,0.88);
INSERT INTO vendas_itens (id_venda,id_material_base,id_material_catalogo,quantidade_kg,preco_por_kg) VALUES (1662,2,4,263.35,1.79);
INSERT INTO vendas_itens (id_venda,id_material_base,id_material_catalogo,quantidade_kg,preco_por_kg) VALUES (1662,1,1,266.96,3.93);
INSERT INTO avaliacoes_compradores (id_venda,pontualidade_pagamento,logistica_entrega,qualidade_negociacao,comentario_livre) VALUES (1662,2,5,1,'');
INSERT INTO vendas (id_venda,id_cooperativa,id_comprador,data_venda,valor_total) VALUES (1663,45,47,'2025-11-14 02:43:39',0);
INSERT INTO vendas_itens (id_venda,id_material_base,id_material_catalogo,quantidade_kg,preco_por_kg) VALUES (1663,1,3,389.41,1.91);
INSERT INTO avaliacoes_compradores (id_venda,pontualidade_pagamento,logistica_entrega,qualidade_negociacao,comentario_livre) VALUES (1663,5,2,1,'');
INSERT INTO vendas (id_venda,id_cooperativa,id_comprador,data_venda,valor_total) VALUES (1664,42,65,'2025-03-18 02:43:39',0);
INSERT INTO vendas_itens (id_venda,id_material_base,id_material_catalogo,quantidade_kg,preco_por_kg) VALUES (1664,1,3,168.61,2.64);
INSERT INTO vendas_itens (id_venda,id_material_base,id_material_catalogo,quantidade_kg,preco_por_kg) VALUES (1664,2,6,588.78,1.37);
INSERT INTO vendas_itens (id_venda,id_material_base,id_material_catalogo,quantidade_kg,preco_por_kg) VALUES (1664,3,8,114.00,5.44);
INSERT INTO vendas (id_venda,id_cooperativa,id_comprador,data_venda,valor_total) VALUES (1665,43,2,'2024-11-23 02:43:39',0);
INSERT INTO vendas_itens (id_venda,id_material_base,id_material_catalogo,quantidade_kg,preco_por_kg) VALUES (1665,3,8,508.34,5.64);
INSERT INTO avaliacoes_compradores (id_venda,pontualidade_pagamento,logistica_entrega,qualidade_negociacao,comentario_livre) VALUES (1665,4,4,3,'');
INSERT INTO vendas (id_venda,id_cooperativa,id_comprador,data_venda,valor_total) VALUES (1666,29,72,'2025-01-11 02:43:39',0);
INSERT INTO vendas_itens (id_venda,id_material_base,id_material_catalogo,quantidade_kg,preco_por_kg) VALUES (1666,3,8,57.86,2.90);
INSERT INTO vendas_itens (id_venda,id_material_base,id_material_catalogo,quantidade_kg,preco_por_kg) VALUES (1666,3,9,319.95,3.28);
INSERT INTO vendas_itens (id_venda,id_material_base,id_material_catalogo,quantidade_kg,preco_por_kg) VALUES (1666,1,3,486.96,1.39);
INSERT INTO vendas (id_venda,id_cooperativa,id_comprador,data_venda,valor_total) VALUES (1667,50,58,'2025-10-02 02:43:39',0);
INSERT INTO vendas_itens (id_venda,id_material_base,id_material_catalogo,quantidade_kg,preco_por_kg) VALUES (1667,2,5,320.90,0.53);
INSERT INTO vendas_itens (id_venda,id_material_base,id_material_catalogo,quantidade_kg,preco_por_kg) VALUES (1667,3,9,304.75,7.21);
INSERT INTO vendas (id_venda,id_cooperativa,id_comprador,data_venda,valor_total) VALUES (1668,40,20,'2025-01-18 02:43:39',0);
INSERT INTO vendas_itens (id_venda,id_material_base,id_material_catalogo,quantidade_kg,preco_por_kg) VALUES (1668,2,4,298.30,1.33);
INSERT INTO vendas (id_venda,id_cooperativa,id_comprador,data_venda,valor_total) VALUES (1669,1,57,'2025-11-07 02:43:39',0);
INSERT INTO vendas_itens (id_venda,id_material_base,id_material_catalogo,quantidade_kg,preco_por_kg) VALUES (1669,1,1,95.86,2.53);
INSERT INTO vendas_itens (id_venda,id_material_base,id_material_catalogo,quantidade_kg,preco_por_kg) VALUES (1669,1,1,574.40,2.70);
INSERT INTO vendas (id_venda,id_cooperativa,id_comprador,data_venda,valor_total) VALUES (1670,13,72,'2025-09-19 02:43:39',0);
INSERT INTO vendas_itens (id_venda,id_material_base,id_material_catalogo,quantidade_kg,preco_por_kg) VALUES (1670,2,5,147.53,1.69);
INSERT INTO vendas_itens (id_venda,id_material_base,id_material_catalogo,quantidade_kg,preco_por_kg) VALUES (1670,1,1,425.01,2.99);
INSERT INTO vendas (id_venda,id_cooperativa,id_comprador,data_venda,valor_total) VALUES (1671,50,52,'2025-04-14 02:43:39',0);
INSERT INTO vendas_itens (id_venda,id_material_base,id_material_catalogo,quantidade_kg,preco_por_kg) VALUES (1671,3,7,65.10,4.26);
INSERT INTO vendas_itens (id_venda,id_material_base,id_material_catalogo,quantidade_kg,preco_por_kg) VALUES (1671,3,8,365.14,6.32);
INSERT INTO vendas (id_venda,id_cooperativa,id_comprador,data_venda,valor_total) VALUES (1672,43,57,'2025-03-19 02:43:39',0);
INSERT INTO vendas_itens (id_venda,id_material_base,id_material_catalogo,quantidade_kg,preco_por_kg) VALUES (1672,2,6,58.63,1.17);
INSERT INTO vendas_itens (id_venda,id_material_base,id_material_catalogo,quantidade_kg,preco_por_kg) VALUES (1672,3,9,524.53,4.04);
INSERT INTO vendas_itens (id_venda,id_material_base,id_material_catalogo,quantidade_kg,preco_por_kg) VALUES (1672,3,9,562.00,6.34);
INSERT INTO avaliacoes_compradores (id_venda,pontualidade_pagamento,logistica_entrega,qualidade_negociacao,comentario_livre) VALUES (1672,5,3,3,'');
INSERT INTO vendas (id_venda,id_cooperativa,id_comprador,data_venda,valor_total) VALUES (1673,24,16,'2025-10-11 02:43:39',0);
INSERT INTO vendas_itens (id_venda,id_material_base,id_material_catalogo,quantidade_kg,preco_por_kg) VALUES (1673,1,3,97.45,2.64);
INSERT INTO vendas_itens (id_venda,id_material_base,id_material_catalogo,quantidade_kg,preco_por_kg) VALUES (1673,1,2,296.23,3.12);
INSERT INTO vendas (id_venda,id_cooperativa,id_comprador,data_venda,valor_total) VALUES (1674,34,16,'2025-09-03 02:43:39',0);
INSERT INTO vendas_itens (id_venda,id_material_base,id_material_catalogo,quantidade_kg,preco_por_kg) VALUES (1674,1,2,526.22,2.55);
INSERT INTO avaliacoes_compradores (id_venda,pontualidade_pagamento,logistica_entrega,qualidade_negociacao,comentario_livre) VALUES (1674,4,3,2,'');
INSERT INTO vendas (id_venda,id_cooperativa,id_comprador,data_venda,valor_total) VALUES (1675,14,97,'2025-10-20 02:43:39',0);
INSERT INTO vendas_itens (id_venda,id_material_base,id_material_catalogo,quantidade_kg,preco_por_kg) VALUES (1675,3,8,379.40,5.31);
INSERT INTO vendas_itens (id_venda,id_material_base,id_material_catalogo,quantidade_kg,preco_por_kg) VALUES (1675,3,7,102.15,3.30);
INSERT INTO vendas_itens (id_venda,id_material_base,id_material_catalogo,quantidade_kg,preco_por_kg) VALUES (1675,1,1,401.83,1.50);
INSERT INTO vendas (id_venda,id_cooperativa,id_comprador,data_venda,valor_total) VALUES (1676,39,75,'2025-09-22 02:43:39',0);
INSERT INTO vendas_itens (id_venda,id_material_base,id_material_catalogo,quantidade_kg,preco_por_kg) VALUES (1676,3,7,88.60,2.85);
INSERT INTO vendas_itens (id_venda,id_material_base,id_material_catalogo,quantidade_kg,preco_por_kg) VALUES (1676,2,5,509.86,1.14);
INSERT INTO vendas_itens (id_venda,id_material_base,id_material_catalogo,quantidade_kg,preco_por_kg) VALUES (1676,2,4,299.14,0.95);
INSERT INTO avaliacoes_compradores (id_venda,pontualidade_pagamento,logistica_entrega,qualidade_negociacao,comentario_livre) VALUES (1676,1,4,3,'');
INSERT INTO vendas (id_venda,id_cooperativa,id_comprador,data_venda,valor_total) VALUES (1677,8,60,'2025-09-14 02:43:39',0);
INSERT INTO vendas_itens (id_venda,id_material_base,id_material_catalogo,quantidade_kg,preco_por_kg) VALUES (1677,3,8,420.22,7.67);
INSERT INTO vendas_itens (id_venda,id_material_base,id_material_catalogo,quantidade_kg,preco_por_kg) VALUES (1677,2,6,174.35,1.25);
INSERT INTO avaliacoes_compradores (id_venda,pontualidade_pagamento,logistica_entrega,qualidade_negociacao,comentario_livre) VALUES (1677,3,2,3,'');
INSERT INTO vendas (id_venda,id_cooperativa,id_comprador,data_venda,valor_total) VALUES (1678,36,79,'2025-03-19 02:43:39',0);
INSERT INTO vendas_itens (id_venda,id_material_base,id_material_catalogo,quantidade_kg,preco_por_kg) VALUES (1678,3,9,286.57,5.20);
INSERT INTO vendas (id_venda,id_cooperativa,id_comprador,data_venda,valor_total) VALUES (1679,24,71,'2025-06-24 02:43:39',0);
INSERT INTO vendas_itens (id_venda,id_material_base,id_material_catalogo,quantidade_kg,preco_por_kg) VALUES (1679,2,5,583.00,1.57);
INSERT INTO vendas_itens (id_venda,id_material_base,id_material_catalogo,quantidade_kg,preco_por_kg) VALUES (1679,2,6,467.63,1.51);
INSERT INTO avaliacoes_compradores (id_venda,pontualidade_pagamento,logistica_entrega,qualidade_negociacao,comentario_livre) VALUES (1679,3,4,2,'');
INSERT INTO vendas (id_venda,id_cooperativa,id_comprador,data_venda,valor_total) VALUES (1680,35,89,'2025-07-13 02:43:39',0);
INSERT INTO vendas_itens (id_venda,id_material_base,id_material_catalogo,quantidade_kg,preco_por_kg) VALUES (1680,2,6,88.32,1.30);
INSERT INTO avaliacoes_compradores (id_venda,pontualidade_pagamento,logistica_entrega,qualidade_negociacao,comentario_livre) VALUES (1680,4,3,5,'');
INSERT INTO avaliacao_feedback_selecionado (id_avaliacao,id_feedback_tag) SELECT id_avaliacao,4 FROM avaliacoes_compradores WHERE id_venda=1680;
INSERT INTO vendas (id_venda,id_cooperativa,id_comprador,data_venda,valor_total) VALUES (1681,21,68,'2025-09-21 02:43:39',0);
INSERT INTO vendas_itens (id_venda,id_material_base,id_material_catalogo,quantidade_kg,preco_por_kg) VALUES (1681,3,9,419.69,5.67);
INSERT INTO vendas_itens (id_venda,id_material_base,id_material_catalogo,quantidade_kg,preco_por_kg) VALUES (1681,2,6,557.44,0.72);
INSERT INTO avaliacoes_compradores (id_venda,pontualidade_pagamento,logistica_entrega,qualidade_negociacao,comentario_livre) VALUES (1681,2,5,2,'');
INSERT INTO vendas (id_venda,id_cooperativa,id_comprador,data_venda,valor_total) VALUES (1682,5,54,'2025-06-16 02:43:39',0);
INSERT INTO vendas_itens (id_venda,id_material_base,id_material_catalogo,quantidade_kg,preco_por_kg) VALUES (1682,1,1,223.47,3.17);
INSERT INTO avaliacoes_compradores (id_venda,pontualidade_pagamento,logistica_entrega,qualidade_negociacao,comentario_livre) VALUES (1682,3,4,3,'');
INSERT INTO vendas (id_venda,id_cooperativa,id_comprador,data_venda,valor_total) VALUES (1683,27,28,'2025-08-11 02:43:39',0);
INSERT INTO vendas_itens (id_venda,id_material_base,id_material_catalogo,quantidade_kg,preco_por_kg) VALUES (1683,3,7,72.89,2.62);
INSERT INTO avaliacoes_compradores (id_venda,pontualidade_pagamento,logistica_entrega,qualidade_negociacao,comentario_livre) VALUES (1683,5,3,3,'');
INSERT INTO vendas (id_venda,id_cooperativa,id_comprador,data_venda,valor_total) VALUES (1684,42,22,'2025-11-16 02:43:39',0);
INSERT INTO vendas_itens (id_venda,id_material_base,id_material_catalogo,quantidade_kg,preco_por_kg) VALUES (1684,3,9,572.47,7.55);
INSERT INTO vendas_itens (id_venda,id_material_base,id_material_catalogo,quantidade_kg,preco_por_kg) VALUES (1684,3,9,343.53,6.70);
INSERT INTO avaliacoes_compradores (id_venda,pontualidade_pagamento,logistica_entrega,qualidade_negociacao,comentario_livre) VALUES (1684,5,4,3,'');
INSERT INTO avaliacao_feedback_selecionado (id_avaliacao,id_feedback_tag) SELECT id_avaliacao,2 FROM avaliacoes_compradores WHERE id_venda=1684;
INSERT INTO avaliacao_feedback_selecionado (id_avaliacao,id_feedback_tag) SELECT id_avaliacao,5 FROM avaliacoes_compradores WHERE id_venda=1684;
INSERT INTO avaliacao_feedback_selecionado (id_avaliacao,id_feedback_tag) SELECT id_avaliacao,11 FROM avaliacoes_compradores WHERE id_venda=1684;
INSERT INTO vendas (id_venda,id_cooperativa,id_comprador,data_venda,valor_total) VALUES (1685,25,17,'2025-02-14 02:43:39',0);
INSERT INTO vendas_itens (id_venda,id_material_base,id_material_catalogo,quantidade_kg,preco_por_kg) VALUES (1685,3,7,526.57,7.23);
INSERT INTO vendas_itens (id_venda,id_material_base,id_material_catalogo,quantidade_kg,preco_por_kg) VALUES (1685,1,1,539.31,2.92);
INSERT INTO vendas_itens (id_venda,id_material_base,id_material_catalogo,quantidade_kg,preco_por_kg) VALUES (1685,3,9,331.48,3.30);
INSERT INTO avaliacoes_compradores (id_venda,pontualidade_pagamento,logistica_entrega,qualidade_negociacao,comentario_livre) VALUES (1685,3,5,2,'');
INSERT INTO vendas (id_venda,id_cooperativa,id_comprador,data_venda,valor_total) VALUES (1686,24,2,'2025-08-02 02:43:39',0);
INSERT INTO vendas_itens (id_venda,id_material_base,id_material_catalogo,quantidade_kg,preco_por_kg) VALUES (1686,3,7,368.60,6.51);
INSERT INTO vendas_itens (id_venda,id_material_base,id_material_catalogo,quantidade_kg,preco_por_kg) VALUES (1686,3,9,545.82,6.54);
INSERT INTO vendas_itens (id_venda,id_material_base,id_material_catalogo,quantidade_kg,preco_por_kg) VALUES (1686,3,7,236.78,5.94);
INSERT INTO vendas (id_venda,id_cooperativa,id_comprador,data_venda,valor_total) VALUES (1687,46,88,'2024-11-28 02:43:39',0);
INSERT INTO vendas_itens (id_venda,id_material_base,id_material_catalogo,quantidade_kg,preco_por_kg) VALUES (1687,1,1,277.48,3.91);
INSERT INTO vendas_itens (id_venda,id_material_base,id_material_catalogo,quantidade_kg,preco_por_kg) VALUES (1687,3,8,420.22,3.57);
INSERT INTO vendas_itens (id_venda,id_material_base,id_material_catalogo,quantidade_kg,preco_por_kg) VALUES (1687,2,5,72.46,1.31);
INSERT INTO avaliacoes_compradores (id_venda,pontualidade_pagamento,logistica_entrega,qualidade_negociacao,comentario_livre) VALUES (1687,5,3,4,'');
INSERT INTO avaliacao_feedback_selecionado (id_avaliacao,id_feedback_tag) SELECT id_avaliacao,6 FROM avaliacoes_compradores WHERE id_venda=1687;
INSERT INTO vendas (id_venda,id_cooperativa,id_comprador,data_venda,valor_total) VALUES (1688,26,23,'2025-09-10 02:43:39',0);
INSERT INTO vendas_itens (id_venda,id_material_base,id_material_catalogo,quantidade_kg,preco_por_kg) VALUES (1688,3,8,227.07,7.34);
INSERT INTO vendas_itens (id_venda,id_material_base,id_material_catalogo,quantidade_kg,preco_por_kg) VALUES (1688,3,8,83.11,3.80);
INSERT INTO vendas_itens (id_venda,id_material_base,id_material_catalogo,quantidade_kg,preco_por_kg) VALUES (1688,1,2,58.07,3.70);
INSERT INTO avaliacoes_compradores (id_venda,pontualidade_pagamento,logistica_entrega,qualidade_negociacao,comentario_livre) VALUES (1688,4,2,1,'');
INSERT INTO vendas (id_venda,id_cooperativa,id_comprador,data_venda,valor_total) VALUES (1689,2,8,'2025-09-23 02:43:39',0);
INSERT INTO vendas_itens (id_venda,id_material_base,id_material_catalogo,quantidade_kg,preco_por_kg) VALUES (1689,1,2,344.94,2.91);
INSERT INTO vendas_itens (id_venda,id_material_base,id_material_catalogo,quantidade_kg,preco_por_kg) VALUES (1689,3,8,354.32,6.79);
INSERT INTO vendas_itens (id_venda,id_material_base,id_material_catalogo,quantidade_kg,preco_por_kg) VALUES (1689,3,9,141.70,2.84);
INSERT INTO vendas (id_venda,id_cooperativa,id_comprador,data_venda,valor_total) VALUES (1690,14,95,'2025-04-17 02:43:39',0);
INSERT INTO vendas_itens (id_venda,id_material_base,id_material_catalogo,quantidade_kg,preco_por_kg) VALUES (1690,1,1,492.02,2.06);
INSERT INTO vendas (id_venda,id_cooperativa,id_comprador,data_venda,valor_total) VALUES (1691,13,14,'2025-02-07 02:43:39',0);
INSERT INTO vendas_itens (id_venda,id_material_base,id_material_catalogo,quantidade_kg,preco_por_kg) VALUES (1691,1,2,134.40,2.07);
INSERT INTO vendas_itens (id_venda,id_material_base,id_material_catalogo,quantidade_kg,preco_por_kg) VALUES (1691,1,3,226.13,3.05);
INSERT INTO vendas (id_venda,id_cooperativa,id_comprador,data_venda,valor_total) VALUES (1692,34,84,'2025-03-20 02:43:39',0);
INSERT INTO vendas_itens (id_venda,id_material_base,id_material_catalogo,quantidade_kg,preco_por_kg) VALUES (1692,3,7,592.24,6.05);
INSERT INTO vendas_itens (id_venda,id_material_base,id_material_catalogo,quantidade_kg,preco_por_kg) VALUES (1692,3,7,473.42,3.70);
INSERT INTO avaliacoes_compradores (id_venda,pontualidade_pagamento,logistica_entrega,qualidade_negociacao,comentario_livre) VALUES (1692,5,3,1,'');
INSERT INTO vendas (id_venda,id_cooperativa,id_comprador,data_venda,valor_total) VALUES (1693,34,18,'2025-01-22 02:43:39',0);
INSERT INTO vendas_itens (id_venda,id_material_base,id_material_catalogo,quantidade_kg,preco_por_kg) VALUES (1693,3,8,339.00,6.12);
INSERT INTO vendas_itens (id_venda,id_material_base,id_material_catalogo,quantidade_kg,preco_por_kg) VALUES (1693,2,6,537.46,1.50);
INSERT INTO vendas_itens (id_venda,id_material_base,id_material_catalogo,quantidade_kg,preco_por_kg) VALUES (1693,1,1,293.04,3.66);
INSERT INTO vendas (id_venda,id_cooperativa,id_comprador,data_venda,valor_total) VALUES (1694,41,31,'2025-09-22 02:43:39',0);
INSERT INTO vendas_itens (id_venda,id_material_base,id_material_catalogo,quantidade_kg,preco_por_kg) VALUES (1694,2,4,213.23,1.24);
INSERT INTO avaliacoes_compradores (id_venda,pontualidade_pagamento,logistica_entrega,qualidade_negociacao,comentario_livre) VALUES (1694,5,3,2,'');
INSERT INTO vendas (id_venda,id_cooperativa,id_comprador,data_venda,valor_total) VALUES (1695,31,81,'2025-04-14 02:43:39',0);
INSERT INTO vendas_itens (id_venda,id_material_base,id_material_catalogo,quantidade_kg,preco_por_kg) VALUES (1695,3,7,402.52,7.50);
INSERT INTO avaliacoes_compradores (id_venda,pontualidade_pagamento,logistica_entrega,qualidade_negociacao,comentario_livre) VALUES (1695,3,4,4,'');
INSERT INTO vendas (id_venda,id_cooperativa,id_comprador,data_venda,valor_total) VALUES (1696,31,48,'2025-11-17 02:43:39',0);
INSERT INTO vendas_itens (id_venda,id_material_base,id_material_catalogo,quantidade_kg,preco_por_kg) VALUES (1696,3,8,516.46,2.77);
INSERT INTO vendas_itens (id_venda,id_material_base,id_material_catalogo,quantidade_kg,preco_por_kg) VALUES (1696,3,8,60.19,4.87);
INSERT INTO vendas_itens (id_venda,id_material_base,id_material_catalogo,quantidade_kg,preco_por_kg) VALUES (1696,1,3,157.50,1.49);
INSERT INTO avaliacoes_compradores (id_venda,pontualidade_pagamento,logistica_entrega,qualidade_negociacao,comentario_livre) VALUES (1696,4,1,3,'');
INSERT INTO vendas (id_venda,id_cooperativa,id_comprador,data_venda,valor_total) VALUES (1697,26,20,'2025-02-17 02:43:39',0);
INSERT INTO vendas_itens (id_venda,id_material_base,id_material_catalogo,quantidade_kg,preco_por_kg) VALUES (1697,1,2,521.74,1.28);
INSERT INTO vendas_itens (id_venda,id_material_base,id_material_catalogo,quantidade_kg,preco_por_kg) VALUES (1697,2,4,468.23,1.51);
INSERT INTO vendas_itens (id_venda,id_material_base,id_material_catalogo,quantidade_kg,preco_por_kg) VALUES (1697,1,2,541.36,3.15);
INSERT INTO avaliacoes_compradores (id_venda,pontualidade_pagamento,logistica_entrega,qualidade_negociacao,comentario_livre) VALUES (1697,3,3,4,'');
INSERT INTO vendas (id_venda,id_cooperativa,id_comprador,data_venda,valor_total) VALUES (1698,29,91,'2025-07-04 02:43:39',0);
INSERT INTO vendas_itens (id_venda,id_material_base,id_material_catalogo,quantidade_kg,preco_por_kg) VALUES (1698,1,1,342.40,1.84);
INSERT INTO vendas_itens (id_venda,id_material_base,id_material_catalogo,quantidade_kg,preco_por_kg) VALUES (1698,2,6,123.84,0.64);
INSERT INTO vendas_itens (id_venda,id_material_base,id_material_catalogo,quantidade_kg,preco_por_kg) VALUES (1698,2,5,151.41,1.43);
INSERT INTO vendas (id_venda,id_cooperativa,id_comprador,data_venda,valor_total) VALUES (1699,2,38,'2025-05-26 02:43:39',0);
INSERT INTO vendas_itens (id_venda,id_material_base,id_material_catalogo,quantidade_kg,preco_por_kg) VALUES (1699,2,6,196.93,1.39);
INSERT INTO vendas_itens (id_venda,id_material_base,id_material_catalogo,quantidade_kg,preco_por_kg) VALUES (1699,2,5,318.92,1.26);
INSERT INTO vendas_itens (id_venda,id_material_base,id_material_catalogo,quantidade_kg,preco_por_kg) VALUES (1699,3,9,418.02,4.75);
INSERT INTO vendas (id_venda,id_cooperativa,id_comprador,data_venda,valor_total) VALUES (1700,1,77,'2025-11-16 02:43:39',0);
INSERT INTO vendas_itens (id_venda,id_material_base,id_material_catalogo,quantidade_kg,preco_por_kg) VALUES (1700,1,2,352.70,2.25);
INSERT INTO avaliacoes_compradores (id_venda,pontualidade_pagamento,logistica_entrega,qualidade_negociacao,comentario_livre) VALUES (1700,3,3,4,'');
INSERT INTO vendas (id_venda,id_cooperativa,id_comprador,data_venda,valor_total) VALUES (1701,42,27,'2025-04-28 02:43:39',0);
INSERT INTO vendas_itens (id_venda,id_material_base,id_material_catalogo,quantidade_kg,preco_por_kg) VALUES (1701,3,9,338.95,6.04);
INSERT INTO vendas_itens (id_venda,id_material_base,id_material_catalogo,quantidade_kg,preco_por_kg) VALUES (1701,1,1,223.74,2.31);
INSERT INTO vendas_itens (id_venda,id_material_base,id_material_catalogo,quantidade_kg,preco_por_kg) VALUES (1701,1,2,81.88,3.88);
INSERT INTO vendas (id_venda,id_cooperativa,id_comprador,data_venda,valor_total) VALUES (1702,29,71,'2025-05-21 02:43:39',0);
INSERT INTO vendas_itens (id_venda,id_material_base,id_material_catalogo,quantidade_kg,preco_por_kg) VALUES (1702,3,7,422.16,6.78);
INSERT INTO vendas_itens (id_venda,id_material_base,id_material_catalogo,quantidade_kg,preco_por_kg) VALUES (1702,2,4,549.56,1.15);
INSERT INTO vendas_itens (id_venda,id_material_base,id_material_catalogo,quantidade_kg,preco_por_kg) VALUES (1702,2,5,329.85,1.74);
INSERT INTO avaliacoes_compradores (id_venda,pontualidade_pagamento,logistica_entrega,qualidade_negociacao,comentario_livre) VALUES (1702,1,5,2,'');
INSERT INTO vendas (id_venda,id_cooperativa,id_comprador,data_venda,valor_total) VALUES (1703,30,71,'2025-01-28 02:43:39',0);
INSERT INTO vendas_itens (id_venda,id_material_base,id_material_catalogo,quantidade_kg,preco_por_kg) VALUES (1703,2,5,464.29,1.52);
INSERT INTO vendas_itens (id_venda,id_material_base,id_material_catalogo,quantidade_kg,preco_por_kg) VALUES (1703,1,3,483.72,2.51);
INSERT INTO vendas_itens (id_venda,id_material_base,id_material_catalogo,quantidade_kg,preco_por_kg) VALUES (1703,3,7,581.34,5.27);
INSERT INTO vendas (id_venda,id_cooperativa,id_comprador,data_venda,valor_total) VALUES (1704,17,75,'2025-04-14 02:43:39',0);
INSERT INTO vendas_itens (id_venda,id_material_base,id_material_catalogo,quantidade_kg,preco_por_kg) VALUES (1704,1,2,149.59,1.57);
INSERT INTO vendas_itens (id_venda,id_material_base,id_material_catalogo,quantidade_kg,preco_por_kg) VALUES (1704,3,7,343.18,2.67);
INSERT INTO vendas (id_venda,id_cooperativa,id_comprador,data_venda,valor_total) VALUES (1705,21,39,'2025-11-12 02:43:39',0);
INSERT INTO vendas_itens (id_venda,id_material_base,id_material_catalogo,quantidade_kg,preco_por_kg) VALUES (1705,2,4,438.75,0.86);
INSERT INTO vendas_itens (id_venda,id_material_base,id_material_catalogo,quantidade_kg,preco_por_kg) VALUES (1705,3,8,206.00,3.18);
INSERT INTO avaliacoes_compradores (id_venda,pontualidade_pagamento,logistica_entrega,qualidade_negociacao,comentario_livre) VALUES (1705,4,4,5,'');
INSERT INTO avaliacao_feedback_selecionado (id_avaliacao,id_feedback_tag) SELECT id_avaliacao,6 FROM avaliacoes_compradores WHERE id_venda=1705;
INSERT INTO avaliacao_feedback_selecionado (id_avaliacao,id_feedback_tag) SELECT id_avaliacao,11 FROM avaliacoes_compradores WHERE id_venda=1705;
INSERT INTO vendas (id_venda,id_cooperativa,id_comprador,data_venda,valor_total) VALUES (1706,1,53,'2025-11-09 02:43:39',0);
INSERT INTO vendas_itens (id_venda,id_material_base,id_material_catalogo,quantidade_kg,preco_por_kg) VALUES (1706,1,2,440.54,3.38);
INSERT INTO avaliacoes_compradores (id_venda,pontualidade_pagamento,logistica_entrega,qualidade_negociacao,comentario_livre) VALUES (1706,5,5,4,'');
INSERT INTO avaliacao_feedback_selecionado (id_avaliacao,id_feedback_tag) SELECT id_avaliacao,9 FROM avaliacoes_compradores WHERE id_venda=1706;
INSERT INTO vendas (id_venda,id_cooperativa,id_comprador,data_venda,valor_total) VALUES (1707,47,46,'2025-06-05 02:43:39',0);
INSERT INTO vendas_itens (id_venda,id_material_base,id_material_catalogo,quantidade_kg,preco_por_kg) VALUES (1707,3,9,500.99,7.72);
INSERT INTO vendas (id_venda,id_cooperativa,id_comprador,data_venda,valor_total) VALUES (1708,3,82,'2025-01-13 02:43:39',0);
INSERT INTO vendas_itens (id_venda,id_material_base,id_material_catalogo,quantidade_kg,preco_por_kg) VALUES (1708,1,1,159.74,3.48);
INSERT INTO vendas_itens (id_venda,id_material_base,id_material_catalogo,quantidade_kg,preco_por_kg) VALUES (1708,3,9,478.58,7.67);
INSERT INTO vendas (id_venda,id_cooperativa,id_comprador,data_venda,valor_total) VALUES (1709,27,70,'2025-07-22 02:43:39',0);
INSERT INTO vendas_itens (id_venda,id_material_base,id_material_catalogo,quantidade_kg,preco_por_kg) VALUES (1709,2,4,178.30,1.19);
INSERT INTO vendas_itens (id_venda,id_material_base,id_material_catalogo,quantidade_kg,preco_por_kg) VALUES (1709,1,1,340.02,3.08);
INSERT INTO vendas_itens (id_venda,id_material_base,id_material_catalogo,quantidade_kg,preco_por_kg) VALUES (1709,2,6,283.32,1.70);
INSERT INTO avaliacoes_compradores (id_venda,pontualidade_pagamento,logistica_entrega,qualidade_negociacao,comentario_livre) VALUES (1709,1,1,5,'');
INSERT INTO vendas (id_venda,id_cooperativa,id_comprador,data_venda,valor_total) VALUES (1710,42,94,'2025-02-09 02:43:39',0);
INSERT INTO vendas_itens (id_venda,id_material_base,id_material_catalogo,quantidade_kg,preco_por_kg) VALUES (1710,3,8,464.12,6.97);
INSERT INTO vendas_itens (id_venda,id_material_base,id_material_catalogo,quantidade_kg,preco_por_kg) VALUES (1710,3,8,344.76,5.86);
INSERT INTO vendas_itens (id_venda,id_material_base,id_material_catalogo,quantidade_kg,preco_por_kg) VALUES (1710,2,5,255.10,1.01);
INSERT INTO vendas (id_venda,id_cooperativa,id_comprador,data_venda,valor_total) VALUES (1711,46,78,'2025-10-30 02:43:39',0);
INSERT INTO vendas_itens (id_venda,id_material_base,id_material_catalogo,quantidade_kg,preco_por_kg) VALUES (1711,3,9,187.97,5.04);
INSERT INTO vendas_itens (id_venda,id_material_base,id_material_catalogo,quantidade_kg,preco_por_kg) VALUES (1711,3,7,322.21,5.95);
INSERT INTO avaliacoes_compradores (id_venda,pontualidade_pagamento,logistica_entrega,qualidade_negociacao,comentario_livre) VALUES (1711,4,2,1,'');
INSERT INTO vendas (id_venda,id_cooperativa,id_comprador,data_venda,valor_total) VALUES (1712,48,43,'2025-10-30 02:43:39',0);
INSERT INTO vendas_itens (id_venda,id_material_base,id_material_catalogo,quantidade_kg,preco_por_kg) VALUES (1712,2,6,187.00,0.95);
INSERT INTO vendas_itens (id_venda,id_material_base,id_material_catalogo,quantidade_kg,preco_por_kg) VALUES (1712,3,7,241.88,5.21);
INSERT INTO vendas_itens (id_venda,id_material_base,id_material_catalogo,quantidade_kg,preco_por_kg) VALUES (1712,1,2,330.04,3.44);
INSERT INTO vendas (id_venda,id_cooperativa,id_comprador,data_venda,valor_total) VALUES (1713,32,92,'2025-07-08 02:43:39',0);
INSERT INTO vendas_itens (id_venda,id_material_base,id_material_catalogo,quantidade_kg,preco_por_kg) VALUES (1713,3,7,171.03,7.53);
INSERT INTO avaliacoes_compradores (id_venda,pontualidade_pagamento,logistica_entrega,qualidade_negociacao,comentario_livre) VALUES (1713,1,3,1,'');
INSERT INTO avaliacao_feedback_selecionado (id_avaliacao,id_feedback_tag) SELECT id_avaliacao,23 FROM avaliacoes_compradores WHERE id_venda=1713;
INSERT INTO avaliacao_feedback_selecionado (id_avaliacao,id_feedback_tag) SELECT id_avaliacao,20 FROM avaliacoes_compradores WHERE id_venda=1713;
INSERT INTO avaliacao_feedback_selecionado (id_avaliacao,id_feedback_tag) SELECT id_avaliacao,19 FROM avaliacoes_compradores WHERE id_venda=1713;
INSERT INTO vendas (id_venda,id_cooperativa,id_comprador,data_venda,valor_total) VALUES (1714,21,35,'2025-04-03 02:43:39',0);
INSERT INTO vendas_itens (id_venda,id_material_base,id_material_catalogo,quantidade_kg,preco_por_kg) VALUES (1714,1,3,247.48,1.31);
INSERT INTO vendas_itens (id_venda,id_material_base,id_material_catalogo,quantidade_kg,preco_por_kg) VALUES (1714,2,5,143.73,0.95);
INSERT INTO vendas_itens (id_venda,id_material_base,id_material_catalogo,quantidade_kg,preco_por_kg) VALUES (1714,2,6,532.57,0.82);
INSERT INTO vendas (id_venda,id_cooperativa,id_comprador,data_venda,valor_total) VALUES (1715,11,16,'2025-10-24 02:43:39',0);
INSERT INTO vendas_itens (id_venda,id_material_base,id_material_catalogo,quantidade_kg,preco_por_kg) VALUES (1715,1,1,334.02,3.02);
INSERT INTO vendas_itens (id_venda,id_material_base,id_material_catalogo,quantidade_kg,preco_por_kg) VALUES (1715,1,2,316.06,1.98);
INSERT INTO vendas_itens (id_venda,id_material_base,id_material_catalogo,quantidade_kg,preco_por_kg) VALUES (1715,3,8,120.84,5.64);
INSERT INTO avaliacoes_compradores (id_venda,pontualidade_pagamento,logistica_entrega,qualidade_negociacao,comentario_livre) VALUES (1715,2,2,5,'');
INSERT INTO vendas (id_venda,id_cooperativa,id_comprador,data_venda,valor_total) VALUES (1716,23,16,'2025-04-24 02:43:39',0);
INSERT INTO vendas_itens (id_venda,id_material_base,id_material_catalogo,quantidade_kg,preco_por_kg) VALUES (1716,2,6,574.27,1.73);
INSERT INTO vendas_itens (id_venda,id_material_base,id_material_catalogo,quantidade_kg,preco_por_kg) VALUES (1716,2,4,362.23,1.31);
INSERT INTO vendas_itens (id_venda,id_material_base,id_material_catalogo,quantidade_kg,preco_por_kg) VALUES (1716,3,9,82.53,2.72);
INSERT INTO vendas (id_venda,id_cooperativa,id_comprador,data_venda,valor_total) VALUES (1717,30,35,'2025-09-05 02:43:39',0);
INSERT INTO vendas_itens (id_venda,id_material_base,id_material_catalogo,quantidade_kg,preco_por_kg) VALUES (1717,2,6,181.56,0.55);
INSERT INTO vendas (id_venda,id_cooperativa,id_comprador,data_venda,valor_total) VALUES (1718,34,65,'2025-04-10 02:43:39',0);
INSERT INTO vendas_itens (id_venda,id_material_base,id_material_catalogo,quantidade_kg,preco_por_kg) VALUES (1718,1,3,279.69,3.37);
INSERT INTO vendas_itens (id_venda,id_material_base,id_material_catalogo,quantidade_kg,preco_por_kg) VALUES (1718,3,7,106.75,7.66);
INSERT INTO vendas_itens (id_venda,id_material_base,id_material_catalogo,quantidade_kg,preco_por_kg) VALUES (1718,3,8,444.77,7.99);
INSERT INTO vendas (id_venda,id_cooperativa,id_comprador,data_venda,valor_total) VALUES (1719,49,26,'2025-06-05 02:43:39',0);
INSERT INTO vendas_itens (id_venda,id_material_base,id_material_catalogo,quantidade_kg,preco_por_kg) VALUES (1719,2,6,95.23,1.45);
INSERT INTO vendas_itens (id_venda,id_material_base,id_material_catalogo,quantidade_kg,preco_por_kg) VALUES (1719,1,1,327.89,3.56);
INSERT INTO vendas_itens (id_venda,id_material_base,id_material_catalogo,quantidade_kg,preco_por_kg) VALUES (1719,2,5,348.33,1.09);
INSERT INTO avaliacoes_compradores (id_venda,pontualidade_pagamento,logistica_entrega,qualidade_negociacao,comentario_livre) VALUES (1719,5,1,4,'');
INSERT INTO vendas (id_venda,id_cooperativa,id_comprador,data_venda,valor_total) VALUES (1720,36,46,'2025-10-30 02:43:39',0);
INSERT INTO vendas_itens (id_venda,id_material_base,id_material_catalogo,quantidade_kg,preco_por_kg) VALUES (1720,1,1,110.05,3.29);
INSERT INTO vendas (id_venda,id_cooperativa,id_comprador,data_venda,valor_total) VALUES (1721,16,72,'2025-08-24 02:43:39',0);
INSERT INTO vendas_itens (id_venda,id_material_base,id_material_catalogo,quantidade_kg,preco_por_kg) VALUES (1721,1,1,96.77,2.94);
INSERT INTO vendas_itens (id_venda,id_material_base,id_material_catalogo,quantidade_kg,preco_por_kg) VALUES (1721,2,4,571.51,1.61);
INSERT INTO avaliacoes_compradores (id_venda,pontualidade_pagamento,logistica_entrega,qualidade_negociacao,comentario_livre) VALUES (1721,5,1,4,'');
INSERT INTO vendas (id_venda,id_cooperativa,id_comprador,data_venda,valor_total) VALUES (1722,47,79,'2024-12-06 02:43:39',0);
INSERT INTO vendas_itens (id_venda,id_material_base,id_material_catalogo,quantidade_kg,preco_por_kg) VALUES (1722,3,8,434.49,3.02);
INSERT INTO vendas_itens (id_venda,id_material_base,id_material_catalogo,quantidade_kg,preco_por_kg) VALUES (1722,1,3,316.36,3.31);
INSERT INTO vendas (id_venda,id_cooperativa,id_comprador,data_venda,valor_total) VALUES (1723,26,27,'2025-04-02 02:43:39',0);
INSERT INTO vendas_itens (id_venda,id_material_base,id_material_catalogo,quantidade_kg,preco_por_kg) VALUES (1723,2,6,307.76,1.18);
INSERT INTO vendas_itens (id_venda,id_material_base,id_material_catalogo,quantidade_kg,preco_por_kg) VALUES (1723,1,1,333.95,3.79);
INSERT INTO vendas_itens (id_venda,id_material_base,id_material_catalogo,quantidade_kg,preco_por_kg) VALUES (1723,2,5,393.32,1.76);
INSERT INTO vendas (id_venda,id_cooperativa,id_comprador,data_venda,valor_total) VALUES (1724,35,2,'2025-07-20 02:43:39',0);
INSERT INTO vendas_itens (id_venda,id_material_base,id_material_catalogo,quantidade_kg,preco_por_kg) VALUES (1724,3,9,296.30,4.74);
INSERT INTO vendas_itens (id_venda,id_material_base,id_material_catalogo,quantidade_kg,preco_por_kg) VALUES (1724,1,3,312.20,2.98);
INSERT INTO avaliacoes_compradores (id_venda,pontualidade_pagamento,logistica_entrega,qualidade_negociacao,comentario_livre) VALUES (1724,3,1,5,'');
INSERT INTO vendas (id_venda,id_cooperativa,id_comprador,data_venda,valor_total) VALUES (1725,50,50,'2024-12-25 02:43:39',0);
INSERT INTO vendas_itens (id_venda,id_material_base,id_material_catalogo,quantidade_kg,preco_por_kg) VALUES (1725,3,8,502.68,7.44);
INSERT INTO vendas (id_venda,id_cooperativa,id_comprador,data_venda,valor_total) VALUES (1726,44,57,'2025-07-10 02:43:39',0);
INSERT INTO vendas_itens (id_venda,id_material_base,id_material_catalogo,quantidade_kg,preco_por_kg) VALUES (1726,1,1,212.69,3.70);
INSERT INTO vendas_itens (id_venda,id_material_base,id_material_catalogo,quantidade_kg,preco_por_kg) VALUES (1726,2,4,309.32,0.80);
INSERT INTO avaliacoes_compradores (id_venda,pontualidade_pagamento,logistica_entrega,qualidade_negociacao,comentario_livre) VALUES (1726,1,3,4,'');
INSERT INTO vendas (id_venda,id_cooperativa,id_comprador,data_venda,valor_total) VALUES (1727,47,66,'2025-04-11 02:43:39',0);
INSERT INTO vendas_itens (id_venda,id_material_base,id_material_catalogo,quantidade_kg,preco_por_kg) VALUES (1727,2,5,41.33,1.27);
INSERT INTO vendas (id_venda,id_cooperativa,id_comprador,data_venda,valor_total) VALUES (1728,3,59,'2024-11-25 02:43:39',0);
INSERT INTO vendas_itens (id_venda,id_material_base,id_material_catalogo,quantidade_kg,preco_por_kg) VALUES (1728,2,5,211.39,1.01);
INSERT INTO vendas_itens (id_venda,id_material_base,id_material_catalogo,quantidade_kg,preco_por_kg) VALUES (1728,2,6,189.77,1.53);
INSERT INTO vendas_itens (id_venda,id_material_base,id_material_catalogo,quantidade_kg,preco_por_kg) VALUES (1728,1,2,363.80,2.94);
INSERT INTO vendas (id_venda,id_cooperativa,id_comprador,data_venda,valor_total) VALUES (1729,48,17,'2025-07-02 02:43:39',0);
INSERT INTO vendas_itens (id_venda,id_material_base,id_material_catalogo,quantidade_kg,preco_por_kg) VALUES (1729,2,5,210.57,1.77);
INSERT INTO vendas_itens (id_venda,id_material_base,id_material_catalogo,quantidade_kg,preco_por_kg) VALUES (1729,2,4,43.94,1.03);
INSERT INTO vendas_itens (id_venda,id_material_base,id_material_catalogo,quantidade_kg,preco_por_kg) VALUES (1729,1,2,67.47,3.88);
INSERT INTO vendas (id_venda,id_cooperativa,id_comprador,data_venda,valor_total) VALUES (1730,23,97,'2025-03-03 02:43:39',0);
INSERT INTO vendas_itens (id_venda,id_material_base,id_material_catalogo,quantidade_kg,preco_por_kg) VALUES (1730,3,7,590.50,7.10);
INSERT INTO vendas_itens (id_venda,id_material_base,id_material_catalogo,quantidade_kg,preco_por_kg) VALUES (1730,2,5,444.60,0.87);
INSERT INTO vendas (id_venda,id_cooperativa,id_comprador,data_venda,valor_total) VALUES (1731,2,28,'2025-04-16 02:43:39',0);
INSERT INTO vendas_itens (id_venda,id_material_base,id_material_catalogo,quantidade_kg,preco_por_kg) VALUES (1731,3,9,508.22,5.51);
INSERT INTO vendas_itens (id_venda,id_material_base,id_material_catalogo,quantidade_kg,preco_por_kg) VALUES (1731,3,9,310.29,7.68);
INSERT INTO vendas_itens (id_venda,id_material_base,id_material_catalogo,quantidade_kg,preco_por_kg) VALUES (1731,2,4,557.48,1.72);
INSERT INTO avaliacoes_compradores (id_venda,pontualidade_pagamento,logistica_entrega,qualidade_negociacao,comentario_livre) VALUES (1731,5,5,2,'');
INSERT INTO avaliacao_feedback_selecionado (id_avaliacao,id_feedback_tag) SELECT id_avaliacao,10 FROM avaliacoes_compradores WHERE id_venda=1731;
INSERT INTO avaliacao_feedback_selecionado (id_avaliacao,id_feedback_tag) SELECT id_avaliacao,1 FROM avaliacoes_compradores WHERE id_venda=1731;
INSERT INTO vendas (id_venda,id_cooperativa,id_comprador,data_venda,valor_total) VALUES (1732,44,85,'2025-03-26 02:43:39',0);
INSERT INTO vendas_itens (id_venda,id_material_base,id_material_catalogo,quantidade_kg,preco_por_kg) VALUES (1732,2,6,349.88,0.88);
INSERT INTO vendas_itens (id_venda,id_material_base,id_material_catalogo,quantidade_kg,preco_por_kg) VALUES (1732,3,9,496.46,4.94);
INSERT INTO vendas_itens (id_venda,id_material_base,id_material_catalogo,quantidade_kg,preco_por_kg) VALUES (1732,1,1,522.39,2.93);
INSERT INTO avaliacoes_compradores (id_venda,pontualidade_pagamento,logistica_entrega,qualidade_negociacao,comentario_livre) VALUES (1732,1,3,4,'');
INSERT INTO vendas (id_venda,id_cooperativa,id_comprador,data_venda,valor_total) VALUES (1733,41,19,'2025-05-23 02:43:39',0);
INSERT INTO vendas_itens (id_venda,id_material_base,id_material_catalogo,quantidade_kg,preco_por_kg) VALUES (1733,1,1,382.02,1.85);
INSERT INTO vendas_itens (id_venda,id_material_base,id_material_catalogo,quantidade_kg,preco_por_kg) VALUES (1733,3,8,246.34,7.71);
INSERT INTO vendas_itens (id_venda,id_material_base,id_material_catalogo,quantidade_kg,preco_por_kg) VALUES (1733,2,6,417.64,0.63);
INSERT INTO vendas (id_venda,id_cooperativa,id_comprador,data_venda,valor_total) VALUES (1734,25,80,'2025-08-28 02:43:39',0);
INSERT INTO vendas_itens (id_venda,id_material_base,id_material_catalogo,quantidade_kg,preco_por_kg) VALUES (1734,3,7,359.15,7.52);
INSERT INTO vendas_itens (id_venda,id_material_base,id_material_catalogo,quantidade_kg,preco_por_kg) VALUES (1734,2,6,233.73,0.84);
INSERT INTO vendas (id_venda,id_cooperativa,id_comprador,data_venda,valor_total) VALUES (1735,43,46,'2025-02-14 02:43:39',0);
INSERT INTO vendas_itens (id_venda,id_material_base,id_material_catalogo,quantidade_kg,preco_por_kg) VALUES (1735,1,3,273.51,3.96);
INSERT INTO vendas_itens (id_venda,id_material_base,id_material_catalogo,quantidade_kg,preco_por_kg) VALUES (1735,1,1,385.05,3.95);
INSERT INTO avaliacoes_compradores (id_venda,pontualidade_pagamento,logistica_entrega,qualidade_negociacao,comentario_livre) VALUES (1735,3,4,1,'');
INSERT INTO vendas (id_venda,id_cooperativa,id_comprador,data_venda,valor_total) VALUES (1736,46,37,'2025-04-18 02:43:39',0);
INSERT INTO vendas_itens (id_venda,id_material_base,id_material_catalogo,quantidade_kg,preco_por_kg) VALUES (1736,1,1,511.05,1.37);
INSERT INTO avaliacoes_compradores (id_venda,pontualidade_pagamento,logistica_entrega,qualidade_negociacao,comentario_livre) VALUES (1736,1,1,5,'');
INSERT INTO vendas (id_venda,id_cooperativa,id_comprador,data_venda,valor_total) VALUES (1737,7,48,'2025-07-08 02:43:39',0);
INSERT INTO vendas_itens (id_venda,id_material_base,id_material_catalogo,quantidade_kg,preco_por_kg) VALUES (1737,1,1,32.46,3.74);
INSERT INTO vendas_itens (id_venda,id_material_base,id_material_catalogo,quantidade_kg,preco_por_kg) VALUES (1737,3,7,238.00,3.24);
INSERT INTO vendas (id_venda,id_cooperativa,id_comprador,data_venda,valor_total) VALUES (1738,49,48,'2025-08-23 02:43:39',0);
INSERT INTO vendas_itens (id_venda,id_material_base,id_material_catalogo,quantidade_kg,preco_por_kg) VALUES (1738,3,9,79.05,4.69);
INSERT INTO vendas_itens (id_venda,id_material_base,id_material_catalogo,quantidade_kg,preco_por_kg) VALUES (1738,3,9,415.06,4.75);
INSERT INTO avaliacoes_compradores (id_venda,pontualidade_pagamento,logistica_entrega,qualidade_negociacao,comentario_livre) VALUES (1738,5,1,4,'');
INSERT INTO vendas (id_venda,id_cooperativa,id_comprador,data_venda,valor_total) VALUES (1739,9,39,'2025-02-01 02:43:39',0);
INSERT INTO vendas_itens (id_venda,id_material_base,id_material_catalogo,quantidade_kg,preco_por_kg) VALUES (1739,3,7,417.06,7.32);
INSERT INTO vendas_itens (id_venda,id_material_base,id_material_catalogo,quantidade_kg,preco_por_kg) VALUES (1739,1,3,337.27,3.26);
INSERT INTO vendas_itens (id_venda,id_material_base,id_material_catalogo,quantidade_kg,preco_por_kg) VALUES (1739,1,3,512.56,3.93);
INSERT INTO avaliacoes_compradores (id_venda,pontualidade_pagamento,logistica_entrega,qualidade_negociacao,comentario_livre) VALUES (1739,2,4,2,'');
INSERT INTO vendas (id_venda,id_cooperativa,id_comprador,data_venda,valor_total) VALUES (1740,20,64,'2025-03-02 02:43:39',0);
INSERT INTO vendas_itens (id_venda,id_material_base,id_material_catalogo,quantidade_kg,preco_por_kg) VALUES (1740,1,2,567.77,2.39);
INSERT INTO vendas_itens (id_venda,id_material_base,id_material_catalogo,quantidade_kg,preco_por_kg) VALUES (1740,1,3,119.40,1.91);
INSERT INTO vendas_itens (id_venda,id_material_base,id_material_catalogo,quantidade_kg,preco_por_kg) VALUES (1740,2,4,49.06,0.96);
INSERT INTO vendas (id_venda,id_cooperativa,id_comprador,data_venda,valor_total) VALUES (1741,47,35,'2025-04-27 02:43:39',0);
INSERT INTO vendas_itens (id_venda,id_material_base,id_material_catalogo,quantidade_kg,preco_por_kg) VALUES (1741,3,8,402.16,6.04);
INSERT INTO vendas_itens (id_venda,id_material_base,id_material_catalogo,quantidade_kg,preco_por_kg) VALUES (1741,3,7,115.01,5.37);
INSERT INTO avaliacoes_compradores (id_venda,pontualidade_pagamento,logistica_entrega,qualidade_negociacao,comentario_livre) VALUES (1741,2,4,1,'');
INSERT INTO vendas (id_venda,id_cooperativa,id_comprador,data_venda,valor_total) VALUES (1742,45,86,'2025-09-27 02:43:39',0);
INSERT INTO vendas_itens (id_venda,id_material_base,id_material_catalogo,quantidade_kg,preco_por_kg) VALUES (1742,1,2,106.66,3.09);
INSERT INTO avaliacoes_compradores (id_venda,pontualidade_pagamento,logistica_entrega,qualidade_negociacao,comentario_livre) VALUES (1742,5,2,4,'');
INSERT INTO vendas (id_venda,id_cooperativa,id_comprador,data_venda,valor_total) VALUES (1743,45,14,'2025-08-05 02:43:39',0);
INSERT INTO vendas_itens (id_venda,id_material_base,id_material_catalogo,quantidade_kg,preco_por_kg) VALUES (1743,3,7,554.68,2.81);
INSERT INTO vendas_itens (id_venda,id_material_base,id_material_catalogo,quantidade_kg,preco_por_kg) VALUES (1743,3,9,545.54,5.77);
INSERT INTO vendas (id_venda,id_cooperativa,id_comprador,data_venda,valor_total) VALUES (1744,23,64,'2025-01-20 02:43:39',0);
INSERT INTO vendas_itens (id_venda,id_material_base,id_material_catalogo,quantidade_kg,preco_por_kg) VALUES (1744,3,7,83.04,6.94);
INSERT INTO vendas_itens (id_venda,id_material_base,id_material_catalogo,quantidade_kg,preco_por_kg) VALUES (1744,2,6,146.18,0.70);
INSERT INTO avaliacoes_compradores (id_venda,pontualidade_pagamento,logistica_entrega,qualidade_negociacao,comentario_livre) VALUES (1744,1,1,4,'');
INSERT INTO avaliacao_feedback_selecionado (id_avaliacao,id_feedback_tag) SELECT id_avaliacao,15 FROM avaliacoes_compradores WHERE id_venda=1744;
INSERT INTO avaliacao_feedback_selecionado (id_avaliacao,id_feedback_tag) SELECT id_avaliacao,22 FROM avaliacoes_compradores WHERE id_venda=1744;
INSERT INTO avaliacao_feedback_selecionado (id_avaliacao,id_feedback_tag) SELECT id_avaliacao,19 FROM avaliacoes_compradores WHERE id_venda=1744;
INSERT INTO vendas (id_venda,id_cooperativa,id_comprador,data_venda,valor_total) VALUES (1745,14,72,'2025-05-11 02:43:39',0);
INSERT INTO vendas_itens (id_venda,id_material_base,id_material_catalogo,quantidade_kg,preco_por_kg) VALUES (1745,1,1,161.52,2.33);
INSERT INTO vendas_itens (id_venda,id_material_base,id_material_catalogo,quantidade_kg,preco_por_kg) VALUES (1745,1,2,519.98,2.14);
INSERT INTO avaliacoes_compradores (id_venda,pontualidade_pagamento,logistica_entrega,qualidade_negociacao,comentario_livre) VALUES (1745,1,1,4,'');
INSERT INTO avaliacao_feedback_selecionado (id_avaliacao,id_feedback_tag) SELECT id_avaliacao,23 FROM avaliacoes_compradores WHERE id_venda=1745;
INSERT INTO vendas (id_venda,id_cooperativa,id_comprador,data_venda,valor_total) VALUES (1746,30,12,'2025-01-18 02:43:39',0);
INSERT INTO vendas_itens (id_venda,id_material_base,id_material_catalogo,quantidade_kg,preco_por_kg) VALUES (1746,1,2,87.39,1.85);
INSERT INTO vendas (id_venda,id_cooperativa,id_comprador,data_venda,valor_total) VALUES (1747,27,13,'2025-01-06 02:43:39',0);
INSERT INTO vendas_itens (id_venda,id_material_base,id_material_catalogo,quantidade_kg,preco_por_kg) VALUES (1747,2,4,86.30,0.75);
INSERT INTO vendas_itens (id_venda,id_material_base,id_material_catalogo,quantidade_kg,preco_por_kg) VALUES (1747,3,8,38.43,4.61);
INSERT INTO avaliacoes_compradores (id_venda,pontualidade_pagamento,logistica_entrega,qualidade_negociacao,comentario_livre) VALUES (1747,4,3,3,'');
INSERT INTO vendas (id_venda,id_cooperativa,id_comprador,data_venda,valor_total) VALUES (1748,45,53,'2025-08-17 02:43:39',0);
INSERT INTO vendas_itens (id_venda,id_material_base,id_material_catalogo,quantidade_kg,preco_por_kg) VALUES (1748,3,9,255.77,6.13);
INSERT INTO vendas_itens (id_venda,id_material_base,id_material_catalogo,quantidade_kg,preco_por_kg) VALUES (1748,1,2,107.63,1.99);
INSERT INTO avaliacoes_compradores (id_venda,pontualidade_pagamento,logistica_entrega,qualidade_negociacao,comentario_livre) VALUES (1748,2,5,1,'');
INSERT INTO vendas (id_venda,id_cooperativa,id_comprador,data_venda,valor_total) VALUES (1749,24,32,'2025-06-02 02:43:39',0);
INSERT INTO vendas_itens (id_venda,id_material_base,id_material_catalogo,quantidade_kg,preco_por_kg) VALUES (1749,1,3,413.87,2.57);
INSERT INTO vendas_itens (id_venda,id_material_base,id_material_catalogo,quantidade_kg,preco_por_kg) VALUES (1749,1,1,156.37,3.62);
INSERT INTO vendas_itens (id_venda,id_material_base,id_material_catalogo,quantidade_kg,preco_por_kg) VALUES (1749,1,3,336.79,2.54);
INSERT INTO vendas (id_venda,id_cooperativa,id_comprador,data_venda,valor_total) VALUES (1750,7,34,'2025-04-05 02:43:39',0);
INSERT INTO vendas_itens (id_venda,id_material_base,id_material_catalogo,quantidade_kg,preco_por_kg) VALUES (1750,1,1,570.05,3.68);
INSERT INTO vendas_itens (id_venda,id_material_base,id_material_catalogo,quantidade_kg,preco_por_kg) VALUES (1750,2,6,594.76,1.69);
INSERT INTO vendas_itens (id_venda,id_material_base,id_material_catalogo,quantidade_kg,preco_por_kg) VALUES (1750,1,2,590.38,2.91);
INSERT INTO avaliacoes_compradores (id_venda,pontualidade_pagamento,logistica_entrega,qualidade_negociacao,comentario_livre) VALUES (1750,5,4,4,'');
INSERT INTO avaliacao_feedback_selecionado (id_avaliacao,id_feedback_tag) SELECT id_avaliacao,9 FROM avaliacoes_compradores WHERE id_venda=1750;
INSERT INTO avaliacao_feedback_selecionado (id_avaliacao,id_feedback_tag) SELECT id_avaliacao,1 FROM avaliacoes_compradores WHERE id_venda=1750;
INSERT INTO avaliacao_feedback_selecionado (id_avaliacao,id_feedback_tag) SELECT id_avaliacao,5 FROM avaliacoes_compradores WHERE id_venda=1750;
INSERT INTO vendas (id_venda,id_cooperativa,id_comprador,data_venda,valor_total) VALUES (1751,37,75,'2025-04-06 02:43:39',0);
INSERT INTO vendas_itens (id_venda,id_material_base,id_material_catalogo,quantidade_kg,preco_por_kg) VALUES (1751,1,3,439.82,2.55);
INSERT INTO vendas (id_venda,id_cooperativa,id_comprador,data_venda,valor_total) VALUES (1752,35,98,'2025-10-04 02:43:39',0);
INSERT INTO vendas_itens (id_venda,id_material_base,id_material_catalogo,quantidade_kg,preco_por_kg) VALUES (1752,3,7,412.98,7.76);
INSERT INTO vendas_itens (id_venda,id_material_base,id_material_catalogo,quantidade_kg,preco_por_kg) VALUES (1752,1,1,112.93,2.29);
INSERT INTO avaliacoes_compradores (id_venda,pontualidade_pagamento,logistica_entrega,qualidade_negociacao,comentario_livre) VALUES (1752,4,2,1,'');
INSERT INTO vendas (id_venda,id_cooperativa,id_comprador,data_venda,valor_total) VALUES (1753,23,66,'2025-10-07 02:43:39',0);
INSERT INTO vendas_itens (id_venda,id_material_base,id_material_catalogo,quantidade_kg,preco_por_kg) VALUES (1753,3,7,567.76,6.87);
INSERT INTO vendas_itens (id_venda,id_material_base,id_material_catalogo,quantidade_kg,preco_por_kg) VALUES (1753,2,5,297.85,1.71);
INSERT INTO vendas_itens (id_venda,id_material_base,id_material_catalogo,quantidade_kg,preco_por_kg) VALUES (1753,3,9,284.74,3.51);
INSERT INTO avaliacoes_compradores (id_venda,pontualidade_pagamento,logistica_entrega,qualidade_negociacao,comentario_livre) VALUES (1753,2,1,4,'');
INSERT INTO vendas (id_venda,id_cooperativa,id_comprador,data_venda,valor_total) VALUES (1754,42,53,'2025-07-01 02:43:39',0);
INSERT INTO vendas_itens (id_venda,id_material_base,id_material_catalogo,quantidade_kg,preco_por_kg) VALUES (1754,2,6,103.75,0.82);
INSERT INTO vendas_itens (id_venda,id_material_base,id_material_catalogo,quantidade_kg,preco_por_kg) VALUES (1754,2,5,414.00,0.82);
INSERT INTO vendas (id_venda,id_cooperativa,id_comprador,data_venda,valor_total) VALUES (1755,9,50,'2025-10-11 02:43:39',0);
INSERT INTO vendas_itens (id_venda,id_material_base,id_material_catalogo,quantidade_kg,preco_por_kg) VALUES (1755,2,6,138.59,1.23);
INSERT INTO vendas_itens (id_venda,id_material_base,id_material_catalogo,quantidade_kg,preco_por_kg) VALUES (1755,1,2,206.04,3.81);
INSERT INTO avaliacoes_compradores (id_venda,pontualidade_pagamento,logistica_entrega,qualidade_negociacao,comentario_livre) VALUES (1755,3,5,4,'');
INSERT INTO avaliacao_feedback_selecionado (id_avaliacao,id_feedback_tag) SELECT id_avaliacao,4 FROM avaliacoes_compradores WHERE id_venda=1755;
INSERT INTO vendas (id_venda,id_cooperativa,id_comprador,data_venda,valor_total) VALUES (1756,17,54,'2025-11-16 02:43:39',0);
INSERT INTO vendas_itens (id_venda,id_material_base,id_material_catalogo,quantidade_kg,preco_por_kg) VALUES (1756,2,6,297.91,0.60);
INSERT INTO vendas_itens (id_venda,id_material_base,id_material_catalogo,quantidade_kg,preco_por_kg) VALUES (1756,3,7,40.28,5.00);
INSERT INTO avaliacoes_compradores (id_venda,pontualidade_pagamento,logistica_entrega,qualidade_negociacao,comentario_livre) VALUES (1756,5,3,2,'');
INSERT INTO vendas (id_venda,id_cooperativa,id_comprador,data_venda,valor_total) VALUES (1757,39,28,'2025-04-04 02:43:39',0);
INSERT INTO vendas_itens (id_venda,id_material_base,id_material_catalogo,quantidade_kg,preco_por_kg) VALUES (1757,3,7,250.16,2.68);
INSERT INTO vendas_itens (id_venda,id_material_base,id_material_catalogo,quantidade_kg,preco_por_kg) VALUES (1757,3,7,590.72,3.48);
INSERT INTO vendas_itens (id_venda,id_material_base,id_material_catalogo,quantidade_kg,preco_por_kg) VALUES (1757,2,4,186.89,0.73);
INSERT INTO vendas (id_venda,id_cooperativa,id_comprador,data_venda,valor_total) VALUES (1758,39,38,'2024-12-24 02:43:39',0);
INSERT INTO vendas_itens (id_venda,id_material_base,id_material_catalogo,quantidade_kg,preco_por_kg) VALUES (1758,3,8,523.98,6.12);
INSERT INTO vendas_itens (id_venda,id_material_base,id_material_catalogo,quantidade_kg,preco_por_kg) VALUES (1758,3,9,156.54,3.98);
INSERT INTO vendas_itens (id_venda,id_material_base,id_material_catalogo,quantidade_kg,preco_por_kg) VALUES (1758,2,4,528.14,1.34);
INSERT INTO avaliacoes_compradores (id_venda,pontualidade_pagamento,logistica_entrega,qualidade_negociacao,comentario_livre) VALUES (1758,5,2,3,'');
INSERT INTO vendas (id_venda,id_cooperativa,id_comprador,data_venda,valor_total) VALUES (1759,8,77,'2024-12-20 02:43:39',0);
INSERT INTO vendas_itens (id_venda,id_material_base,id_material_catalogo,quantidade_kg,preco_por_kg) VALUES (1759,1,3,412.17,2.30);
INSERT INTO avaliacoes_compradores (id_venda,pontualidade_pagamento,logistica_entrega,qualidade_negociacao,comentario_livre) VALUES (1759,2,4,4,'');
INSERT INTO vendas (id_venda,id_cooperativa,id_comprador,data_venda,valor_total) VALUES (1760,10,6,'2025-07-29 02:43:39',0);
INSERT INTO vendas_itens (id_venda,id_material_base,id_material_catalogo,quantidade_kg,preco_por_kg) VALUES (1760,1,2,410.26,1.71);
INSERT INTO vendas_itens (id_venda,id_material_base,id_material_catalogo,quantidade_kg,preco_por_kg) VALUES (1760,1,2,326.74,1.93);
INSERT INTO vendas_itens (id_venda,id_material_base,id_material_catalogo,quantidade_kg,preco_por_kg) VALUES (1760,1,3,62.87,2.01);
INSERT INTO vendas (id_venda,id_cooperativa,id_comprador,data_venda,valor_total) VALUES (1761,18,15,'2025-02-11 02:43:39',0);
INSERT INTO vendas_itens (id_venda,id_material_base,id_material_catalogo,quantidade_kg,preco_por_kg) VALUES (1761,1,3,58.29,1.48);
INSERT INTO vendas_itens (id_venda,id_material_base,id_material_catalogo,quantidade_kg,preco_por_kg) VALUES (1761,2,5,95.64,0.56);
INSERT INTO avaliacoes_compradores (id_venda,pontualidade_pagamento,logistica_entrega,qualidade_negociacao,comentario_livre) VALUES (1761,5,5,3,'');
INSERT INTO avaliacao_feedback_selecionado (id_avaliacao,id_feedback_tag) SELECT id_avaliacao,1 FROM avaliacoes_compradores WHERE id_venda=1761;
INSERT INTO vendas (id_venda,id_cooperativa,id_comprador,data_venda,valor_total) VALUES (1762,35,70,'2025-02-05 02:43:39',0);
INSERT INTO vendas_itens (id_venda,id_material_base,id_material_catalogo,quantidade_kg,preco_por_kg) VALUES (1762,3,7,232.61,5.24);
INSERT INTO vendas_itens (id_venda,id_material_base,id_material_catalogo,quantidade_kg,preco_por_kg) VALUES (1762,3,8,411.23,6.41);
INSERT INTO vendas (id_venda,id_cooperativa,id_comprador,data_venda,valor_total) VALUES (1763,13,53,'2025-07-29 02:43:39',0);
INSERT INTO vendas_itens (id_venda,id_material_base,id_material_catalogo,quantidade_kg,preco_por_kg) VALUES (1763,3,7,182.93,2.59);
INSERT INTO avaliacoes_compradores (id_venda,pontualidade_pagamento,logistica_entrega,qualidade_negociacao,comentario_livre) VALUES (1763,2,5,1,'');
INSERT INTO vendas (id_venda,id_cooperativa,id_comprador,data_venda,valor_total) VALUES (1764,46,51,'2025-05-18 02:43:39',0);
INSERT INTO vendas_itens (id_venda,id_material_base,id_material_catalogo,quantidade_kg,preco_por_kg) VALUES (1764,2,6,333.22,1.30);
INSERT INTO avaliacoes_compradores (id_venda,pontualidade_pagamento,logistica_entrega,qualidade_negociacao,comentario_livre) VALUES (1764,4,4,3,'');
INSERT INTO vendas (id_venda,id_cooperativa,id_comprador,data_venda,valor_total) VALUES (1765,40,65,'2025-03-26 02:43:39',0);
INSERT INTO vendas_itens (id_venda,id_material_base,id_material_catalogo,quantidade_kg,preco_por_kg) VALUES (1765,3,8,465.99,7.03);
INSERT INTO vendas_itens (id_venda,id_material_base,id_material_catalogo,quantidade_kg,preco_por_kg) VALUES (1765,2,4,499.82,0.54);
INSERT INTO vendas (id_venda,id_cooperativa,id_comprador,data_venda,valor_total) VALUES (1766,4,59,'2025-07-13 02:43:39',0);
INSERT INTO vendas_itens (id_venda,id_material_base,id_material_catalogo,quantidade_kg,preco_por_kg) VALUES (1766,2,5,325.12,1.68);
INSERT INTO vendas_itens (id_venda,id_material_base,id_material_catalogo,quantidade_kg,preco_por_kg) VALUES (1766,1,2,94.58,2.71);
INSERT INTO vendas_itens (id_venda,id_material_base,id_material_catalogo,quantidade_kg,preco_por_kg) VALUES (1766,1,3,249.90,3.40);
INSERT INTO vendas (id_venda,id_cooperativa,id_comprador,data_venda,valor_total) VALUES (1767,28,44,'2024-11-22 02:43:39',0);
INSERT INTO vendas_itens (id_venda,id_material_base,id_material_catalogo,quantidade_kg,preco_por_kg) VALUES (1767,1,1,59.96,3.67);
INSERT INTO vendas_itens (id_venda,id_material_base,id_material_catalogo,quantidade_kg,preco_por_kg) VALUES (1767,2,4,152.08,1.79);
INSERT INTO avaliacoes_compradores (id_venda,pontualidade_pagamento,logistica_entrega,qualidade_negociacao,comentario_livre) VALUES (1767,4,1,1,'');
INSERT INTO avaliacao_feedback_selecionado (id_avaliacao,id_feedback_tag) SELECT id_avaliacao,22 FROM avaliacoes_compradores WHERE id_venda=1767;
INSERT INTO vendas (id_venda,id_cooperativa,id_comprador,data_venda,valor_total) VALUES (1768,41,68,'2024-11-30 02:43:39',0);
INSERT INTO vendas_itens (id_venda,id_material_base,id_material_catalogo,quantidade_kg,preco_por_kg) VALUES (1768,2,6,305.17,1.63);
INSERT INTO vendas (id_venda,id_cooperativa,id_comprador,data_venda,valor_total) VALUES (1769,26,35,'2025-10-02 02:43:39',0);
INSERT INTO vendas_itens (id_venda,id_material_base,id_material_catalogo,quantidade_kg,preco_por_kg) VALUES (1769,1,2,342.78,2.90);
INSERT INTO avaliacoes_compradores (id_venda,pontualidade_pagamento,logistica_entrega,qualidade_negociacao,comentario_livre) VALUES (1769,3,1,5,'');
INSERT INTO vendas (id_venda,id_cooperativa,id_comprador,data_venda,valor_total) VALUES (1770,7,66,'2025-08-10 02:43:39',0);
INSERT INTO vendas_itens (id_venda,id_material_base,id_material_catalogo,quantidade_kg,preco_por_kg) VALUES (1770,1,3,532.59,3.63);
INSERT INTO vendas_itens (id_venda,id_material_base,id_material_catalogo,quantidade_kg,preco_por_kg) VALUES (1770,3,9,341.43,2.60);
INSERT INTO avaliacoes_compradores (id_venda,pontualidade_pagamento,logistica_entrega,qualidade_negociacao,comentario_livre) VALUES (1770,4,2,1,'');
INSERT INTO vendas (id_venda,id_cooperativa,id_comprador,data_venda,valor_total) VALUES (1771,3,23,'2025-03-08 02:43:39',0);
INSERT INTO vendas_itens (id_venda,id_material_base,id_material_catalogo,quantidade_kg,preco_por_kg) VALUES (1771,3,7,499.36,6.61);
INSERT INTO avaliacoes_compradores (id_venda,pontualidade_pagamento,logistica_entrega,qualidade_negociacao,comentario_livre) VALUES (1771,5,5,3,'');
INSERT INTO avaliacao_feedback_selecionado (id_avaliacao,id_feedback_tag) SELECT id_avaliacao,8 FROM avaliacoes_compradores WHERE id_venda=1771;
INSERT INTO avaliacao_feedback_selecionado (id_avaliacao,id_feedback_tag) SELECT id_avaliacao,3 FROM avaliacoes_compradores WHERE id_venda=1771;
INSERT INTO avaliacao_feedback_selecionado (id_avaliacao,id_feedback_tag) SELECT id_avaliacao,7 FROM avaliacoes_compradores WHERE id_venda=1771;
INSERT INTO vendas (id_venda,id_cooperativa,id_comprador,data_venda,valor_total) VALUES (1772,29,99,'2025-07-20 02:43:39',0);
INSERT INTO vendas_itens (id_venda,id_material_base,id_material_catalogo,quantidade_kg,preco_por_kg) VALUES (1772,1,1,293.50,1.32);
INSERT INTO avaliacoes_compradores (id_venda,pontualidade_pagamento,logistica_entrega,qualidade_negociacao,comentario_livre) VALUES (1772,1,2,5,'');
INSERT INTO vendas (id_venda,id_cooperativa,id_comprador,data_venda,valor_total) VALUES (1773,38,75,'2025-07-10 02:43:39',0);
INSERT INTO vendas_itens (id_venda,id_material_base,id_material_catalogo,quantidade_kg,preco_por_kg) VALUES (1773,2,5,61.48,0.69);
INSERT INTO vendas_itens (id_venda,id_material_base,id_material_catalogo,quantidade_kg,preco_por_kg) VALUES (1773,1,3,252.95,2.68);
INSERT INTO vendas_itens (id_venda,id_material_base,id_material_catalogo,quantidade_kg,preco_por_kg) VALUES (1773,3,8,107.27,6.38);
INSERT INTO avaliacoes_compradores (id_venda,pontualidade_pagamento,logistica_entrega,qualidade_negociacao,comentario_livre) VALUES (1773,3,3,5,'');
INSERT INTO vendas (id_venda,id_cooperativa,id_comprador,data_venda,valor_total) VALUES (1774,18,12,'2025-10-21 02:43:39',0);
INSERT INTO vendas_itens (id_venda,id_material_base,id_material_catalogo,quantidade_kg,preco_por_kg) VALUES (1774,2,4,215.15,0.76);
INSERT INTO avaliacoes_compradores (id_venda,pontualidade_pagamento,logistica_entrega,qualidade_negociacao,comentario_livre) VALUES (1774,5,1,4,'');
INSERT INTO vendas (id_venda,id_cooperativa,id_comprador,data_venda,valor_total) VALUES (1775,34,10,'2025-11-11 02:43:39',0);
INSERT INTO vendas_itens (id_venda,id_material_base,id_material_catalogo,quantidade_kg,preco_por_kg) VALUES (1775,1,1,414.56,1.23);
INSERT INTO vendas_itens (id_venda,id_material_base,id_material_catalogo,quantidade_kg,preco_por_kg) VALUES (1775,3,7,497.87,2.54);
INSERT INTO avaliacoes_compradores (id_venda,pontualidade_pagamento,logistica_entrega,qualidade_negociacao,comentario_livre) VALUES (1775,3,3,2,'');
INSERT INTO vendas (id_venda,id_cooperativa,id_comprador,data_venda,valor_total) VALUES (1776,24,6,'2025-01-11 02:43:39',0);
INSERT INTO vendas_itens (id_venda,id_material_base,id_material_catalogo,quantidade_kg,preco_por_kg) VALUES (1776,1,2,33.57,2.24);
INSERT INTO avaliacoes_compradores (id_venda,pontualidade_pagamento,logistica_entrega,qualidade_negociacao,comentario_livre) VALUES (1776,1,1,3,'');
INSERT INTO avaliacao_feedback_selecionado (id_avaliacao,id_feedback_tag) SELECT id_avaliacao,18 FROM avaliacoes_compradores WHERE id_venda=1776;
INSERT INTO avaliacao_feedback_selecionado (id_avaliacao,id_feedback_tag) SELECT id_avaliacao,23 FROM avaliacoes_compradores WHERE id_venda=1776;
INSERT INTO avaliacao_feedback_selecionado (id_avaliacao,id_feedback_tag) SELECT id_avaliacao,15 FROM avaliacoes_compradores WHERE id_venda=1776;
INSERT INTO vendas (id_venda,id_cooperativa,id_comprador,data_venda,valor_total) VALUES (1777,36,65,'2025-06-19 02:43:39',0);
INSERT INTO vendas_itens (id_venda,id_material_base,id_material_catalogo,quantidade_kg,preco_por_kg) VALUES (1777,2,5,103.74,1.51);
INSERT INTO vendas_itens (id_venda,id_material_base,id_material_catalogo,quantidade_kg,preco_por_kg) VALUES (1777,1,2,177.61,1.69);
INSERT INTO avaliacoes_compradores (id_venda,pontualidade_pagamento,logistica_entrega,qualidade_negociacao,comentario_livre) VALUES (1777,1,4,3,'');
INSERT INTO vendas (id_venda,id_cooperativa,id_comprador,data_venda,valor_total) VALUES (1778,12,63,'2024-12-24 02:43:39',0);
INSERT INTO vendas_itens (id_venda,id_material_base,id_material_catalogo,quantidade_kg,preco_por_kg) VALUES (1778,1,1,94.18,2.75);
INSERT INTO avaliacoes_compradores (id_venda,pontualidade_pagamento,logistica_entrega,qualidade_negociacao,comentario_livre) VALUES (1778,3,3,4,'');
INSERT INTO vendas (id_venda,id_cooperativa,id_comprador,data_venda,valor_total) VALUES (1779,17,50,'2025-06-22 02:43:39',0);
INSERT INTO vendas_itens (id_venda,id_material_base,id_material_catalogo,quantidade_kg,preco_por_kg) VALUES (1779,1,1,125.68,3.39);
INSERT INTO vendas_itens (id_venda,id_material_base,id_material_catalogo,quantidade_kg,preco_por_kg) VALUES (1779,2,5,360.12,0.79);
INSERT INTO vendas (id_venda,id_cooperativa,id_comprador,data_venda,valor_total) VALUES (1780,2,2,'2025-10-15 02:43:39',0);
INSERT INTO vendas_itens (id_venda,id_material_base,id_material_catalogo,quantidade_kg,preco_por_kg) VALUES (1780,3,8,442.84,3.34);
INSERT INTO vendas (id_venda,id_cooperativa,id_comprador,data_venda,valor_total) VALUES (1781,16,99,'2025-07-06 02:43:39',0);
INSERT INTO vendas_itens (id_venda,id_material_base,id_material_catalogo,quantidade_kg,preco_por_kg) VALUES (1781,1,3,99.61,2.96);
INSERT INTO vendas_itens (id_venda,id_material_base,id_material_catalogo,quantidade_kg,preco_por_kg) VALUES (1781,2,4,161.44,0.66);
INSERT INTO vendas_itens (id_venda,id_material_base,id_material_catalogo,quantidade_kg,preco_por_kg) VALUES (1781,3,7,148.39,6.74);
INSERT INTO avaliacoes_compradores (id_venda,pontualidade_pagamento,logistica_entrega,qualidade_negociacao,comentario_livre) VALUES (1781,2,2,5,'');
INSERT INTO vendas (id_venda,id_cooperativa,id_comprador,data_venda,valor_total) VALUES (1782,12,14,'2024-12-09 02:43:39',0);
INSERT INTO vendas_itens (id_venda,id_material_base,id_material_catalogo,quantidade_kg,preco_por_kg) VALUES (1782,3,8,395.97,6.97);
INSERT INTO vendas_itens (id_venda,id_material_base,id_material_catalogo,quantidade_kg,preco_por_kg) VALUES (1782,1,3,592.87,2.73);
INSERT INTO vendas_itens (id_venda,id_material_base,id_material_catalogo,quantidade_kg,preco_por_kg) VALUES (1782,1,1,568.68,2.89);
INSERT INTO vendas (id_venda,id_cooperativa,id_comprador,data_venda,valor_total) VALUES (1783,8,26,'2025-05-31 02:43:39',0);
INSERT INTO vendas_itens (id_venda,id_material_base,id_material_catalogo,quantidade_kg,preco_por_kg) VALUES (1783,2,6,41.81,1.66);
INSERT INTO vendas_itens (id_venda,id_material_base,id_material_catalogo,quantidade_kg,preco_por_kg) VALUES (1783,3,7,163.66,4.78);
INSERT INTO vendas_itens (id_venda,id_material_base,id_material_catalogo,quantidade_kg,preco_por_kg) VALUES (1783,1,2,72.44,1.97);
INSERT INTO avaliacoes_compradores (id_venda,pontualidade_pagamento,logistica_entrega,qualidade_negociacao,comentario_livre) VALUES (1783,2,4,5,'');
INSERT INTO vendas (id_venda,id_cooperativa,id_comprador,data_venda,valor_total) VALUES (1784,9,41,'2025-09-26 02:43:39',0);
INSERT INTO vendas_itens (id_venda,id_material_base,id_material_catalogo,quantidade_kg,preco_por_kg) VALUES (1784,3,8,250.95,3.58);
INSERT INTO vendas_itens (id_venda,id_material_base,id_material_catalogo,quantidade_kg,preco_por_kg) VALUES (1784,2,4,120.49,0.69);
INSERT INTO avaliacoes_compradores (id_venda,pontualidade_pagamento,logistica_entrega,qualidade_negociacao,comentario_livre) VALUES (1784,1,1,3,'');
INSERT INTO avaliacao_feedback_selecionado (id_avaliacao,id_feedback_tag) SELECT id_avaliacao,18 FROM avaliacoes_compradores WHERE id_venda=1784;
INSERT INTO avaliacao_feedback_selecionado (id_avaliacao,id_feedback_tag) SELECT id_avaliacao,12 FROM avaliacoes_compradores WHERE id_venda=1784;
INSERT INTO vendas (id_venda,id_cooperativa,id_comprador,data_venda,valor_total) VALUES (1785,21,11,'2024-11-26 02:43:39',0);
INSERT INTO vendas_itens (id_venda,id_material_base,id_material_catalogo,quantidade_kg,preco_por_kg) VALUES (1785,1,1,599.75,1.49);
INSERT INTO avaliacoes_compradores (id_venda,pontualidade_pagamento,logistica_entrega,qualidade_negociacao,comentario_livre) VALUES (1785,1,3,5,'');
INSERT INTO vendas (id_venda,id_cooperativa,id_comprador,data_venda,valor_total) VALUES (1786,46,41,'2025-11-11 02:43:39',0);
INSERT INTO vendas_itens (id_venda,id_material_base,id_material_catalogo,quantidade_kg,preco_por_kg) VALUES (1786,2,4,72.37,0.91);
INSERT INTO vendas_itens (id_venda,id_material_base,id_material_catalogo,quantidade_kg,preco_por_kg) VALUES (1786,1,3,599.26,1.86);
INSERT INTO vendas_itens (id_venda,id_material_base,id_material_catalogo,quantidade_kg,preco_por_kg) VALUES (1786,2,4,397.21,1.42);
INSERT INTO vendas (id_venda,id_cooperativa,id_comprador,data_venda,valor_total) VALUES (1787,48,47,'2025-03-16 02:43:39',0);
INSERT INTO vendas_itens (id_venda,id_material_base,id_material_catalogo,quantidade_kg,preco_por_kg) VALUES (1787,2,4,73.17,1.18);
INSERT INTO avaliacoes_compradores (id_venda,pontualidade_pagamento,logistica_entrega,qualidade_negociacao,comentario_livre) VALUES (1787,2,5,1,'');
INSERT INTO vendas (id_venda,id_cooperativa,id_comprador,data_venda,valor_total) VALUES (1788,43,98,'2025-03-25 02:43:39',0);
INSERT INTO vendas_itens (id_venda,id_material_base,id_material_catalogo,quantidade_kg,preco_por_kg) VALUES (1788,3,9,563.00,7.89);
INSERT INTO vendas_itens (id_venda,id_material_base,id_material_catalogo,quantidade_kg,preco_por_kg) VALUES (1788,1,2,158.82,2.69);
INSERT INTO vendas_itens (id_venda,id_material_base,id_material_catalogo,quantidade_kg,preco_por_kg) VALUES (1788,1,1,176.10,2.58);
INSERT INTO vendas (id_venda,id_cooperativa,id_comprador,data_venda,valor_total) VALUES (1789,41,58,'2024-12-13 02:43:39',0);
INSERT INTO vendas_itens (id_venda,id_material_base,id_material_catalogo,quantidade_kg,preco_por_kg) VALUES (1789,2,4,246.68,0.67);
INSERT INTO vendas_itens (id_venda,id_material_base,id_material_catalogo,quantidade_kg,preco_por_kg) VALUES (1789,1,2,59.67,3.42);
INSERT INTO avaliacoes_compradores (id_venda,pontualidade_pagamento,logistica_entrega,qualidade_negociacao,comentario_livre) VALUES (1789,3,4,5,'');
INSERT INTO avaliacao_feedback_selecionado (id_avaliacao,id_feedback_tag) SELECT id_avaliacao,3 FROM avaliacoes_compradores WHERE id_venda=1789;
INSERT INTO vendas (id_venda,id_cooperativa,id_comprador,data_venda,valor_total) VALUES (1790,44,27,'2025-10-14 02:43:39',0);
INSERT INTO vendas_itens (id_venda,id_material_base,id_material_catalogo,quantidade_kg,preco_por_kg) VALUES (1790,1,2,89.83,3.08);
INSERT INTO vendas_itens (id_venda,id_material_base,id_material_catalogo,quantidade_kg,preco_por_kg) VALUES (1790,1,1,257.78,3.70);
INSERT INTO vendas_itens (id_venda,id_material_base,id_material_catalogo,quantidade_kg,preco_por_kg) VALUES (1790,2,4,152.06,0.91);
INSERT INTO vendas (id_venda,id_cooperativa,id_comprador,data_venda,valor_total) VALUES (1791,47,36,'2025-01-22 02:43:39',0);
INSERT INTO vendas_itens (id_venda,id_material_base,id_material_catalogo,quantidade_kg,preco_por_kg) VALUES (1791,2,5,430.60,1.61);
INSERT INTO vendas (id_venda,id_cooperativa,id_comprador,data_venda,valor_total) VALUES (1792,35,54,'2024-12-11 02:43:39',0);
INSERT INTO vendas_itens (id_venda,id_material_base,id_material_catalogo,quantidade_kg,preco_por_kg) VALUES (1792,3,9,312.21,3.44);
INSERT INTO vendas_itens (id_venda,id_material_base,id_material_catalogo,quantidade_kg,preco_por_kg) VALUES (1792,2,6,73.86,1.48);
INSERT INTO vendas_itens (id_venda,id_material_base,id_material_catalogo,quantidade_kg,preco_por_kg) VALUES (1792,3,8,49.72,6.55);
INSERT INTO vendas (id_venda,id_cooperativa,id_comprador,data_venda,valor_total) VALUES (1793,10,9,'2025-10-12 02:43:39',0);
INSERT INTO vendas_itens (id_venda,id_material_base,id_material_catalogo,quantidade_kg,preco_por_kg) VALUES (1793,2,6,455.63,1.06);
INSERT INTO avaliacoes_compradores (id_venda,pontualidade_pagamento,logistica_entrega,qualidade_negociacao,comentario_livre) VALUES (1793,1,2,4,'');
INSERT INTO vendas (id_venda,id_cooperativa,id_comprador,data_venda,valor_total) VALUES (1794,35,37,'2025-03-21 02:43:39',0);
INSERT INTO vendas_itens (id_venda,id_material_base,id_material_catalogo,quantidade_kg,preco_por_kg) VALUES (1794,3,7,263.87,4.36);
INSERT INTO avaliacoes_compradores (id_venda,pontualidade_pagamento,logistica_entrega,qualidade_negociacao,comentario_livre) VALUES (1794,5,4,1,'');
INSERT INTO vendas (id_venda,id_cooperativa,id_comprador,data_venda,valor_total) VALUES (1795,40,34,'2025-03-11 02:43:39',0);
INSERT INTO vendas_itens (id_venda,id_material_base,id_material_catalogo,quantidade_kg,preco_por_kg) VALUES (1795,1,2,345.92,2.72);
INSERT INTO vendas (id_venda,id_cooperativa,id_comprador,data_venda,valor_total) VALUES (1796,27,9,'2025-01-28 02:43:39',0);
INSERT INTO vendas_itens (id_venda,id_material_base,id_material_catalogo,quantidade_kg,preco_por_kg) VALUES (1796,3,9,387.22,3.32);
INSERT INTO vendas_itens (id_venda,id_material_base,id_material_catalogo,quantidade_kg,preco_por_kg) VALUES (1796,3,7,543.37,3.58);
INSERT INTO avaliacoes_compradores (id_venda,pontualidade_pagamento,logistica_entrega,qualidade_negociacao,comentario_livre) VALUES (1796,4,5,1,'');
INSERT INTO vendas (id_venda,id_cooperativa,id_comprador,data_venda,valor_total) VALUES (1797,36,15,'2025-06-11 02:43:39',0);
INSERT INTO vendas_itens (id_venda,id_material_base,id_material_catalogo,quantidade_kg,preco_por_kg) VALUES (1797,2,4,188.38,1.59);
INSERT INTO avaliacoes_compradores (id_venda,pontualidade_pagamento,logistica_entrega,qualidade_negociacao,comentario_livre) VALUES (1797,1,1,5,'');
INSERT INTO vendas (id_venda,id_cooperativa,id_comprador,data_venda,valor_total) VALUES (1798,1,62,'2025-10-15 02:43:39',0);
INSERT INTO vendas_itens (id_venda,id_material_base,id_material_catalogo,quantidade_kg,preco_por_kg) VALUES (1798,2,6,324.18,1.76);
INSERT INTO vendas_itens (id_venda,id_material_base,id_material_catalogo,quantidade_kg,preco_por_kg) VALUES (1798,2,5,414.60,0.63);
INSERT INTO vendas_itens (id_venda,id_material_base,id_material_catalogo,quantidade_kg,preco_por_kg) VALUES (1798,2,6,576.14,1.20);
INSERT INTO avaliacoes_compradores (id_venda,pontualidade_pagamento,logistica_entrega,qualidade_negociacao,comentario_livre) VALUES (1798,3,5,1,'');
INSERT INTO vendas (id_venda,id_cooperativa,id_comprador,data_venda,valor_total) VALUES (1799,6,9,'2025-02-24 02:43:39',0);
INSERT INTO vendas_itens (id_venda,id_material_base,id_material_catalogo,quantidade_kg,preco_por_kg) VALUES (1799,1,1,588.50,2.71);
INSERT INTO vendas (id_venda,id_cooperativa,id_comprador,data_venda,valor_total) VALUES (1800,25,63,'2025-06-03 02:43:39',0);
INSERT INTO vendas_itens (id_venda,id_material_base,id_material_catalogo,quantidade_kg,preco_por_kg) VALUES (1800,3,9,129.38,6.05);
INSERT INTO avaliacoes_compradores (id_venda,pontualidade_pagamento,logistica_entrega,qualidade_negociacao,comentario_livre) VALUES (1800,4,2,1,'');
INSERT INTO vendas (id_venda,id_cooperativa,id_comprador,data_venda,valor_total) VALUES (1801,2,40,'2025-03-30 02:43:39',0);
INSERT INTO vendas_itens (id_venda,id_material_base,id_material_catalogo,quantidade_kg,preco_por_kg) VALUES (1801,3,9,410.92,4.85);
INSERT INTO vendas_itens (id_venda,id_material_base,id_material_catalogo,quantidade_kg,preco_por_kg) VALUES (1801,3,8,199.20,4.39);
INSERT INTO vendas_itens (id_venda,id_material_base,id_material_catalogo,quantidade_kg,preco_por_kg) VALUES (1801,2,4,217.38,1.68);
INSERT INTO avaliacoes_compradores (id_venda,pontualidade_pagamento,logistica_entrega,qualidade_negociacao,comentario_livre) VALUES (1801,3,4,2,'');
INSERT INTO vendas (id_venda,id_cooperativa,id_comprador,data_venda,valor_total) VALUES (1802,9,55,'2025-05-22 02:43:39',0);
INSERT INTO vendas_itens (id_venda,id_material_base,id_material_catalogo,quantidade_kg,preco_por_kg) VALUES (1802,1,2,237.50,3.97);
INSERT INTO vendas_itens (id_venda,id_material_base,id_material_catalogo,quantidade_kg,preco_por_kg) VALUES (1802,3,9,68.30,5.06);
INSERT INTO vendas (id_venda,id_cooperativa,id_comprador,data_venda,valor_total) VALUES (1803,8,20,'2025-07-18 02:43:39',0);
INSERT INTO vendas_itens (id_venda,id_material_base,id_material_catalogo,quantidade_kg,preco_por_kg) VALUES (1803,1,2,78.77,1.80);
INSERT INTO vendas_itens (id_venda,id_material_base,id_material_catalogo,quantidade_kg,preco_por_kg) VALUES (1803,3,9,388.28,3.98);
INSERT INTO avaliacoes_compradores (id_venda,pontualidade_pagamento,logistica_entrega,qualidade_negociacao,comentario_livre) VALUES (1803,3,4,1,'');
INSERT INTO vendas (id_venda,id_cooperativa,id_comprador,data_venda,valor_total) VALUES (1804,48,25,'2025-10-05 02:43:39',0);
INSERT INTO vendas_itens (id_venda,id_material_base,id_material_catalogo,quantidade_kg,preco_por_kg) VALUES (1804,2,5,347.32,0.61);
INSERT INTO vendas (id_venda,id_cooperativa,id_comprador,data_venda,valor_total) VALUES (1805,20,54,'2025-05-22 02:43:39',0);
INSERT INTO vendas_itens (id_venda,id_material_base,id_material_catalogo,quantidade_kg,preco_por_kg) VALUES (1805,2,6,549.81,0.82);
INSERT INTO vendas_itens (id_venda,id_material_base,id_material_catalogo,quantidade_kg,preco_por_kg) VALUES (1805,3,8,181.44,4.00);
INSERT INTO vendas_itens (id_venda,id_material_base,id_material_catalogo,quantidade_kg,preco_por_kg) VALUES (1805,2,6,596.44,1.36);
INSERT INTO avaliacoes_compradores (id_venda,pontualidade_pagamento,logistica_entrega,qualidade_negociacao,comentario_livre) VALUES (1805,1,3,1,'');
INSERT INTO avaliacao_feedback_selecionado (id_avaliacao,id_feedback_tag) SELECT id_avaliacao,21 FROM avaliacoes_compradores WHERE id_venda=1805;
INSERT INTO avaliacao_feedback_selecionado (id_avaliacao,id_feedback_tag) SELECT id_avaliacao,17 FROM avaliacoes_compradores WHERE id_venda=1805;
INSERT INTO vendas (id_venda,id_cooperativa,id_comprador,data_venda,valor_total) VALUES (1806,6,57,'2025-05-29 02:43:39',0);
INSERT INTO vendas_itens (id_venda,id_material_base,id_material_catalogo,quantidade_kg,preco_por_kg) VALUES (1806,1,1,241.70,2.55);
INSERT INTO vendas (id_venda,id_cooperativa,id_comprador,data_venda,valor_total) VALUES (1807,31,93,'2025-08-11 02:43:39',0);
INSERT INTO vendas_itens (id_venda,id_material_base,id_material_catalogo,quantidade_kg,preco_por_kg) VALUES (1807,2,5,105.66,1.36);
INSERT INTO vendas (id_venda,id_cooperativa,id_comprador,data_venda,valor_total) VALUES (1808,15,14,'2025-06-19 02:43:39',0);
INSERT INTO vendas_itens (id_venda,id_material_base,id_material_catalogo,quantidade_kg,preco_por_kg) VALUES (1808,2,6,108.67,0.75);
INSERT INTO avaliacoes_compradores (id_venda,pontualidade_pagamento,logistica_entrega,qualidade_negociacao,comentario_livre) VALUES (1808,5,3,1,'');
INSERT INTO vendas (id_venda,id_cooperativa,id_comprador,data_venda,valor_total) VALUES (1809,30,79,'2025-08-20 02:43:39',0);
INSERT INTO vendas_itens (id_venda,id_material_base,id_material_catalogo,quantidade_kg,preco_por_kg) VALUES (1809,2,6,546.69,1.11);
INSERT INTO vendas_itens (id_venda,id_material_base,id_material_catalogo,quantidade_kg,preco_por_kg) VALUES (1809,2,6,484.91,1.62);
INSERT INTO avaliacoes_compradores (id_venda,pontualidade_pagamento,logistica_entrega,qualidade_negociacao,comentario_livre) VALUES (1809,3,2,2,'');
INSERT INTO vendas (id_venda,id_cooperativa,id_comprador,data_venda,valor_total) VALUES (1810,34,55,'2025-06-22 02:43:39',0);
INSERT INTO vendas_itens (id_venda,id_material_base,id_material_catalogo,quantidade_kg,preco_por_kg) VALUES (1810,1,1,201.83,2.08);
INSERT INTO avaliacoes_compradores (id_venda,pontualidade_pagamento,logistica_entrega,qualidade_negociacao,comentario_livre) VALUES (1810,1,4,2,'');
INSERT INTO vendas (id_venda,id_cooperativa,id_comprador,data_venda,valor_total) VALUES (1811,14,87,'2025-01-09 02:43:39',0);
INSERT INTO vendas_itens (id_venda,id_material_base,id_material_catalogo,quantidade_kg,preco_por_kg) VALUES (1811,2,6,227.33,1.34);
INSERT INTO vendas_itens (id_venda,id_material_base,id_material_catalogo,quantidade_kg,preco_por_kg) VALUES (1811,1,1,159.65,1.54);
INSERT INTO avaliacoes_compradores (id_venda,pontualidade_pagamento,logistica_entrega,qualidade_negociacao,comentario_livre) VALUES (1811,4,3,4,'');
INSERT INTO vendas (id_venda,id_cooperativa,id_comprador,data_venda,valor_total) VALUES (1812,49,22,'2025-08-30 02:43:39',0);
INSERT INTO vendas_itens (id_venda,id_material_base,id_material_catalogo,quantidade_kg,preco_por_kg) VALUES (1812,2,6,595.57,0.65);
INSERT INTO avaliacoes_compradores (id_venda,pontualidade_pagamento,logistica_entrega,qualidade_negociacao,comentario_livre) VALUES (1812,3,2,2,'');
INSERT INTO vendas (id_venda,id_cooperativa,id_comprador,data_venda,valor_total) VALUES (1813,12,90,'2025-02-23 02:43:39',0);
INSERT INTO vendas_itens (id_venda,id_material_base,id_material_catalogo,quantidade_kg,preco_por_kg) VALUES (1813,3,7,294.68,5.06);
INSERT INTO vendas (id_venda,id_cooperativa,id_comprador,data_venda,valor_total) VALUES (1814,13,62,'2025-07-24 02:43:39',0);
INSERT INTO vendas_itens (id_venda,id_material_base,id_material_catalogo,quantidade_kg,preco_por_kg) VALUES (1814,3,7,220.05,3.66);
INSERT INTO vendas_itens (id_venda,id_material_base,id_material_catalogo,quantidade_kg,preco_por_kg) VALUES (1814,1,3,203.94,3.82);
INSERT INTO vendas_itens (id_venda,id_material_base,id_material_catalogo,quantidade_kg,preco_por_kg) VALUES (1814,2,4,392.41,1.37);
INSERT INTO avaliacoes_compradores (id_venda,pontualidade_pagamento,logistica_entrega,qualidade_negociacao,comentario_livre) VALUES (1814,3,1,1,'');
INSERT INTO avaliacao_feedback_selecionado (id_avaliacao,id_feedback_tag) SELECT id_avaliacao,19 FROM avaliacoes_compradores WHERE id_venda=1814;
INSERT INTO vendas (id_venda,id_cooperativa,id_comprador,data_venda,valor_total) VALUES (1815,26,7,'2025-03-17 02:43:39',0);
INSERT INTO vendas_itens (id_venda,id_material_base,id_material_catalogo,quantidade_kg,preco_por_kg) VALUES (1815,2,6,155.31,1.28);
INSERT INTO vendas_itens (id_venda,id_material_base,id_material_catalogo,quantidade_kg,preco_por_kg) VALUES (1815,1,1,104.11,1.50);
INSERT INTO avaliacoes_compradores (id_venda,pontualidade_pagamento,logistica_entrega,qualidade_negociacao,comentario_livre) VALUES (1815,4,2,3,'');
INSERT INTO vendas (id_venda,id_cooperativa,id_comprador,data_venda,valor_total) VALUES (1816,37,12,'2025-07-15 02:43:39',0);
INSERT INTO vendas_itens (id_venda,id_material_base,id_material_catalogo,quantidade_kg,preco_por_kg) VALUES (1816,3,7,65.94,3.64);
INSERT INTO avaliacoes_compradores (id_venda,pontualidade_pagamento,logistica_entrega,qualidade_negociacao,comentario_livre) VALUES (1816,4,2,4,'');
INSERT INTO vendas (id_venda,id_cooperativa,id_comprador,data_venda,valor_total) VALUES (1817,25,21,'2025-01-18 02:43:39',0);
INSERT INTO vendas_itens (id_venda,id_material_base,id_material_catalogo,quantidade_kg,preco_por_kg) VALUES (1817,3,7,357.14,3.25);
INSERT INTO vendas_itens (id_venda,id_material_base,id_material_catalogo,quantidade_kg,preco_por_kg) VALUES (1817,1,2,473.31,2.60);
INSERT INTO avaliacoes_compradores (id_venda,pontualidade_pagamento,logistica_entrega,qualidade_negociacao,comentario_livre) VALUES (1817,2,4,5,'');
INSERT INTO vendas (id_venda,id_cooperativa,id_comprador,data_venda,valor_total) VALUES (1818,18,26,'2025-05-24 02:43:39',0);
INSERT INTO vendas_itens (id_venda,id_material_base,id_material_catalogo,quantidade_kg,preco_por_kg) VALUES (1818,2,6,243.16,1.20);
INSERT INTO vendas (id_venda,id_cooperativa,id_comprador,data_venda,valor_total) VALUES (1819,23,20,'2025-01-20 02:43:39',0);
INSERT INTO vendas_itens (id_venda,id_material_base,id_material_catalogo,quantidade_kg,preco_por_kg) VALUES (1819,2,5,33.32,1.38);
INSERT INTO vendas_itens (id_venda,id_material_base,id_material_catalogo,quantidade_kg,preco_por_kg) VALUES (1819,3,9,115.20,7.57);
INSERT INTO vendas (id_venda,id_cooperativa,id_comprador,data_venda,valor_total) VALUES (1820,27,43,'2025-04-20 02:43:39',0);
INSERT INTO vendas_itens (id_venda,id_material_base,id_material_catalogo,quantidade_kg,preco_por_kg) VALUES (1820,3,8,304.08,2.51);
INSERT INTO vendas_itens (id_venda,id_material_base,id_material_catalogo,quantidade_kg,preco_por_kg) VALUES (1820,2,4,553.05,0.93);
INSERT INTO vendas_itens (id_venda,id_material_base,id_material_catalogo,quantidade_kg,preco_por_kg) VALUES (1820,2,5,248.40,1.13);
INSERT INTO avaliacoes_compradores (id_venda,pontualidade_pagamento,logistica_entrega,qualidade_negociacao,comentario_livre) VALUES (1820,5,2,1,'');
INSERT INTO vendas (id_venda,id_cooperativa,id_comprador,data_venda,valor_total) VALUES (1821,30,97,'2025-07-31 02:43:39',0);
INSERT INTO vendas_itens (id_venda,id_material_base,id_material_catalogo,quantidade_kg,preco_por_kg) VALUES (1821,1,2,457.62,3.33);
INSERT INTO vendas_itens (id_venda,id_material_base,id_material_catalogo,quantidade_kg,preco_por_kg) VALUES (1821,1,1,230.74,1.47);
INSERT INTO vendas_itens (id_venda,id_material_base,id_material_catalogo,quantidade_kg,preco_por_kg) VALUES (1821,2,4,76.21,1.22);
INSERT INTO avaliacoes_compradores (id_venda,pontualidade_pagamento,logistica_entrega,qualidade_negociacao,comentario_livre) VALUES (1821,4,3,5,'');
INSERT INTO avaliacao_feedback_selecionado (id_avaliacao,id_feedback_tag) SELECT id_avaliacao,8 FROM avaliacoes_compradores WHERE id_venda=1821;
INSERT INTO avaliacao_feedback_selecionado (id_avaliacao,id_feedback_tag) SELECT id_avaliacao,2 FROM avaliacoes_compradores WHERE id_venda=1821;
INSERT INTO vendas (id_venda,id_cooperativa,id_comprador,data_venda,valor_total) VALUES (1822,18,89,'2024-11-28 02:43:39',0);
INSERT INTO vendas_itens (id_venda,id_material_base,id_material_catalogo,quantidade_kg,preco_por_kg) VALUES (1822,3,8,116.47,3.76);
INSERT INTO vendas_itens (id_venda,id_material_base,id_material_catalogo,quantidade_kg,preco_por_kg) VALUES (1822,1,1,155.68,2.26);
INSERT INTO vendas (id_venda,id_cooperativa,id_comprador,data_venda,valor_total) VALUES (1823,30,58,'2025-06-18 02:43:39',0);
INSERT INTO vendas_itens (id_venda,id_material_base,id_material_catalogo,quantidade_kg,preco_por_kg) VALUES (1823,2,6,393.88,1.52);
INSERT INTO avaliacoes_compradores (id_venda,pontualidade_pagamento,logistica_entrega,qualidade_negociacao,comentario_livre) VALUES (1823,1,1,4,'');
INSERT INTO avaliacao_feedback_selecionado (id_avaliacao,id_feedback_tag) SELECT id_avaliacao,17 FROM avaliacoes_compradores WHERE id_venda=1823;
INSERT INTO avaliacao_feedback_selecionado (id_avaliacao,id_feedback_tag) SELECT id_avaliacao,12 FROM avaliacoes_compradores WHERE id_venda=1823;
INSERT INTO avaliacao_feedback_selecionado (id_avaliacao,id_feedback_tag) SELECT id_avaliacao,23 FROM avaliacoes_compradores WHERE id_venda=1823;
INSERT INTO vendas (id_venda,id_cooperativa,id_comprador,data_venda,valor_total) VALUES (1824,35,54,'2025-02-16 02:43:39',0);
INSERT INTO vendas_itens (id_venda,id_material_base,id_material_catalogo,quantidade_kg,preco_por_kg) VALUES (1824,3,8,477.89,6.83);
INSERT INTO avaliacoes_compradores (id_venda,pontualidade_pagamento,logistica_entrega,qualidade_negociacao,comentario_livre) VALUES (1824,2,1,3,'');
INSERT INTO avaliacao_feedback_selecionado (id_avaliacao,id_feedback_tag) SELECT id_avaliacao,23 FROM avaliacoes_compradores WHERE id_venda=1824;
INSERT INTO avaliacao_feedback_selecionado (id_avaliacao,id_feedback_tag) SELECT id_avaliacao,15 FROM avaliacoes_compradores WHERE id_venda=1824;
INSERT INTO vendas (id_venda,id_cooperativa,id_comprador,data_venda,valor_total) VALUES (1825,14,55,'2025-07-20 02:43:39',0);
INSERT INTO vendas_itens (id_venda,id_material_base,id_material_catalogo,quantidade_kg,preco_por_kg) VALUES (1825,3,9,502.90,5.71);
INSERT INTO avaliacoes_compradores (id_venda,pontualidade_pagamento,logistica_entrega,qualidade_negociacao,comentario_livre) VALUES (1825,3,4,1,'');
INSERT INTO vendas (id_venda,id_cooperativa,id_comprador,data_venda,valor_total) VALUES (1826,36,3,'2025-05-01 02:43:39',0);
INSERT INTO vendas_itens (id_venda,id_material_base,id_material_catalogo,quantidade_kg,preco_por_kg) VALUES (1826,1,1,440.23,1.42);
INSERT INTO vendas_itens (id_venda,id_material_base,id_material_catalogo,quantidade_kg,preco_por_kg) VALUES (1826,3,7,149.99,4.68);
INSERT INTO avaliacoes_compradores (id_venda,pontualidade_pagamento,logistica_entrega,qualidade_negociacao,comentario_livre) VALUES (1826,2,3,5,'');
INSERT INTO vendas (id_venda,id_cooperativa,id_comprador,data_venda,valor_total) VALUES (1827,50,38,'2025-11-14 02:43:39',0);
INSERT INTO vendas_itens (id_venda,id_material_base,id_material_catalogo,quantidade_kg,preco_por_kg) VALUES (1827,2,6,134.93,1.70);
INSERT INTO vendas (id_venda,id_cooperativa,id_comprador,data_venda,valor_total) VALUES (1828,39,85,'2025-04-13 02:43:39',0);
INSERT INTO vendas_itens (id_venda,id_material_base,id_material_catalogo,quantidade_kg,preco_por_kg) VALUES (1828,3,7,582.15,2.56);
INSERT INTO avaliacoes_compradores (id_venda,pontualidade_pagamento,logistica_entrega,qualidade_negociacao,comentario_livre) VALUES (1828,3,2,2,'');
INSERT INTO vendas (id_venda,id_cooperativa,id_comprador,data_venda,valor_total) VALUES (1829,15,28,'2025-06-23 02:43:39',0);
INSERT INTO vendas_itens (id_venda,id_material_base,id_material_catalogo,quantidade_kg,preco_por_kg) VALUES (1829,3,7,349.21,2.65);
INSERT INTO vendas_itens (id_venda,id_material_base,id_material_catalogo,quantidade_kg,preco_por_kg) VALUES (1829,3,7,163.02,3.92);
INSERT INTO avaliacoes_compradores (id_venda,pontualidade_pagamento,logistica_entrega,qualidade_negociacao,comentario_livre) VALUES (1829,1,4,5,'');
INSERT INTO vendas (id_venda,id_cooperativa,id_comprador,data_venda,valor_total) VALUES (1830,41,11,'2025-03-22 02:43:39',0);
INSERT INTO vendas_itens (id_venda,id_material_base,id_material_catalogo,quantidade_kg,preco_por_kg) VALUES (1830,2,4,67.03,1.29);
INSERT INTO vendas_itens (id_venda,id_material_base,id_material_catalogo,quantidade_kg,preco_por_kg) VALUES (1830,3,7,553.89,2.55);
INSERT INTO vendas (id_venda,id_cooperativa,id_comprador,data_venda,valor_total) VALUES (1831,42,15,'2025-09-27 02:43:39',0);
INSERT INTO vendas_itens (id_venda,id_material_base,id_material_catalogo,quantidade_kg,preco_por_kg) VALUES (1831,2,6,594.93,0.57);
INSERT INTO vendas_itens (id_venda,id_material_base,id_material_catalogo,quantidade_kg,preco_por_kg) VALUES (1831,2,5,166.92,1.30);
INSERT INTO vendas (id_venda,id_cooperativa,id_comprador,data_venda,valor_total) VALUES (1832,40,60,'2025-02-13 02:43:39',0);
INSERT INTO vendas_itens (id_venda,id_material_base,id_material_catalogo,quantidade_kg,preco_por_kg) VALUES (1832,1,1,513.58,1.37);
INSERT INTO vendas_itens (id_venda,id_material_base,id_material_catalogo,quantidade_kg,preco_por_kg) VALUES (1832,3,8,508.96,4.27);
INSERT INTO vendas_itens (id_venda,id_material_base,id_material_catalogo,quantidade_kg,preco_por_kg) VALUES (1832,1,3,311.92,1.98);
INSERT INTO vendas (id_venda,id_cooperativa,id_comprador,data_venda,valor_total) VALUES (1833,2,15,'2025-07-23 02:43:39',0);
INSERT INTO vendas_itens (id_venda,id_material_base,id_material_catalogo,quantidade_kg,preco_por_kg) VALUES (1833,3,8,48.77,2.52);
INSERT INTO vendas_itens (id_venda,id_material_base,id_material_catalogo,quantidade_kg,preco_por_kg) VALUES (1833,3,7,87.90,2.86);
INSERT INTO vendas_itens (id_venda,id_material_base,id_material_catalogo,quantidade_kg,preco_por_kg) VALUES (1833,1,1,513.19,1.32);
INSERT INTO vendas (id_venda,id_cooperativa,id_comprador,data_venda,valor_total) VALUES (1834,3,59,'2025-01-09 02:43:39',0);
INSERT INTO vendas_itens (id_venda,id_material_base,id_material_catalogo,quantidade_kg,preco_por_kg) VALUES (1834,1,2,324.56,2.89);
INSERT INTO vendas_itens (id_venda,id_material_base,id_material_catalogo,quantidade_kg,preco_por_kg) VALUES (1834,3,8,30.18,4.19);
INSERT INTO vendas_itens (id_venda,id_material_base,id_material_catalogo,quantidade_kg,preco_por_kg) VALUES (1834,1,3,397.02,1.43);
INSERT INTO vendas (id_venda,id_cooperativa,id_comprador,data_venda,valor_total) VALUES (1835,38,68,'2025-08-30 02:43:39',0);
INSERT INTO vendas_itens (id_venda,id_material_base,id_material_catalogo,quantidade_kg,preco_por_kg) VALUES (1835,3,8,32.86,4.52);
INSERT INTO avaliacoes_compradores (id_venda,pontualidade_pagamento,logistica_entrega,qualidade_negociacao,comentario_livre) VALUES (1835,1,2,1,'');
INSERT INTO avaliacao_feedback_selecionado (id_avaliacao,id_feedback_tag) SELECT id_avaliacao,23 FROM avaliacoes_compradores WHERE id_venda=1835;
INSERT INTO vendas (id_venda,id_cooperativa,id_comprador,data_venda,valor_total) VALUES (1836,2,66,'2025-10-05 02:43:39',0);
INSERT INTO vendas_itens (id_venda,id_material_base,id_material_catalogo,quantidade_kg,preco_por_kg) VALUES (1836,2,6,455.98,0.65);
INSERT INTO vendas (id_venda,id_cooperativa,id_comprador,data_venda,valor_total) VALUES (1837,3,78,'2025-09-02 02:43:39',0);
INSERT INTO vendas_itens (id_venda,id_material_base,id_material_catalogo,quantidade_kg,preco_por_kg) VALUES (1837,3,7,254.08,7.91);
INSERT INTO vendas_itens (id_venda,id_material_base,id_material_catalogo,quantidade_kg,preco_por_kg) VALUES (1837,1,1,353.59,2.08);
INSERT INTO vendas (id_venda,id_cooperativa,id_comprador,data_venda,valor_total) VALUES (1838,8,14,'2025-03-23 02:43:39',0);
INSERT INTO vendas_itens (id_venda,id_material_base,id_material_catalogo,quantidade_kg,preco_por_kg) VALUES (1838,1,3,537.70,1.54);
INSERT INTO vendas_itens (id_venda,id_material_base,id_material_catalogo,quantidade_kg,preco_por_kg) VALUES (1838,2,4,239.47,1.69);
INSERT INTO vendas_itens (id_venda,id_material_base,id_material_catalogo,quantidade_kg,preco_por_kg) VALUES (1838,1,3,266.24,1.42);
INSERT INTO avaliacoes_compradores (id_venda,pontualidade_pagamento,logistica_entrega,qualidade_negociacao,comentario_livre) VALUES (1838,2,5,2,'');
INSERT INTO vendas (id_venda,id_cooperativa,id_comprador,data_venda,valor_total) VALUES (1839,39,81,'2025-07-11 02:43:39',0);
INSERT INTO vendas_itens (id_venda,id_material_base,id_material_catalogo,quantidade_kg,preco_por_kg) VALUES (1839,3,8,594.05,5.62);
INSERT INTO vendas_itens (id_venda,id_material_base,id_material_catalogo,quantidade_kg,preco_por_kg) VALUES (1839,3,9,445.57,6.68);
INSERT INTO avaliacoes_compradores (id_venda,pontualidade_pagamento,logistica_entrega,qualidade_negociacao,comentario_livre) VALUES (1839,4,5,2,'');
INSERT INTO vendas (id_venda,id_cooperativa,id_comprador,data_venda,valor_total) VALUES (1840,17,45,'2025-08-01 02:43:39',0);
INSERT INTO vendas_itens (id_venda,id_material_base,id_material_catalogo,quantidade_kg,preco_por_kg) VALUES (1840,3,7,561.82,7.10);
INSERT INTO vendas_itens (id_venda,id_material_base,id_material_catalogo,quantidade_kg,preco_por_kg) VALUES (1840,1,3,240.92,1.98);
INSERT INTO vendas_itens (id_venda,id_material_base,id_material_catalogo,quantidade_kg,preco_por_kg) VALUES (1840,3,8,531.40,2.80);
INSERT INTO vendas (id_venda,id_cooperativa,id_comprador,data_venda,valor_total) VALUES (1841,46,90,'2025-01-27 02:43:39',0);
INSERT INTO vendas_itens (id_venda,id_material_base,id_material_catalogo,quantidade_kg,preco_por_kg) VALUES (1841,3,7,548.91,6.56);
INSERT INTO avaliacoes_compradores (id_venda,pontualidade_pagamento,logistica_entrega,qualidade_negociacao,comentario_livre) VALUES (1841,3,4,3,'');
INSERT INTO vendas (id_venda,id_cooperativa,id_comprador,data_venda,valor_total) VALUES (1842,2,83,'2025-04-27 02:43:39',0);
INSERT INTO vendas_itens (id_venda,id_material_base,id_material_catalogo,quantidade_kg,preco_por_kg) VALUES (1842,2,5,76.06,0.77);
INSERT INTO vendas (id_venda,id_cooperativa,id_comprador,data_venda,valor_total) VALUES (1843,42,70,'2024-12-17 02:43:39',0);
INSERT INTO vendas_itens (id_venda,id_material_base,id_material_catalogo,quantidade_kg,preco_por_kg) VALUES (1843,3,8,186.75,4.15);
INSERT INTO vendas_itens (id_venda,id_material_base,id_material_catalogo,quantidade_kg,preco_por_kg) VALUES (1843,2,4,370.59,1.30);
INSERT INTO avaliacoes_compradores (id_venda,pontualidade_pagamento,logistica_entrega,qualidade_negociacao,comentario_livre) VALUES (1843,1,5,5,'');
INSERT INTO vendas (id_venda,id_cooperativa,id_comprador,data_venda,valor_total) VALUES (1844,16,47,'2025-02-01 02:43:39',0);
INSERT INTO vendas_itens (id_venda,id_material_base,id_material_catalogo,quantidade_kg,preco_por_kg) VALUES (1844,2,4,464.62,0.64);
INSERT INTO vendas_itens (id_venda,id_material_base,id_material_catalogo,quantidade_kg,preco_por_kg) VALUES (1844,3,9,535.43,7.85);
INSERT INTO vendas_itens (id_venda,id_material_base,id_material_catalogo,quantidade_kg,preco_por_kg) VALUES (1844,2,5,47.46,1.15);
INSERT INTO vendas (id_venda,id_cooperativa,id_comprador,data_venda,valor_total) VALUES (1845,9,1,'2025-05-24 02:43:39',0);
INSERT INTO vendas_itens (id_venda,id_material_base,id_material_catalogo,quantidade_kg,preco_por_kg) VALUES (1845,3,8,171.22,6.79);
INSERT INTO vendas_itens (id_venda,id_material_base,id_material_catalogo,quantidade_kg,preco_por_kg) VALUES (1845,3,9,179.19,6.36);
INSERT INTO vendas_itens (id_venda,id_material_base,id_material_catalogo,quantidade_kg,preco_por_kg) VALUES (1845,2,4,344.47,1.77);
INSERT INTO vendas (id_venda,id_cooperativa,id_comprador,data_venda,valor_total) VALUES (1846,27,97,'2025-10-02 02:43:39',0);
INSERT INTO vendas_itens (id_venda,id_material_base,id_material_catalogo,quantidade_kg,preco_por_kg) VALUES (1846,2,6,303.57,0.59);
INSERT INTO vendas (id_venda,id_cooperativa,id_comprador,data_venda,valor_total) VALUES (1847,1,74,'2025-05-20 02:43:39',0);
INSERT INTO vendas_itens (id_venda,id_material_base,id_material_catalogo,quantidade_kg,preco_por_kg) VALUES (1847,2,4,47.50,0.53);
INSERT INTO vendas_itens (id_venda,id_material_base,id_material_catalogo,quantidade_kg,preco_por_kg) VALUES (1847,2,4,105.55,1.73);
INSERT INTO vendas_itens (id_venda,id_material_base,id_material_catalogo,quantidade_kg,preco_por_kg) VALUES (1847,2,4,175.43,1.46);
INSERT INTO avaliacoes_compradores (id_venda,pontualidade_pagamento,logistica_entrega,qualidade_negociacao,comentario_livre) VALUES (1847,1,4,2,'');
INSERT INTO vendas (id_venda,id_cooperativa,id_comprador,data_venda,valor_total) VALUES (1848,20,80,'2025-04-24 02:43:39',0);
INSERT INTO vendas_itens (id_venda,id_material_base,id_material_catalogo,quantidade_kg,preco_por_kg) VALUES (1848,1,1,421.12,2.68);
INSERT INTO vendas_itens (id_venda,id_material_base,id_material_catalogo,quantidade_kg,preco_por_kg) VALUES (1848,2,6,141.61,0.82);
INSERT INTO vendas (id_venda,id_cooperativa,id_comprador,data_venda,valor_total) VALUES (1849,7,15,'2025-03-30 02:43:39',0);
INSERT INTO vendas_itens (id_venda,id_material_base,id_material_catalogo,quantidade_kg,preco_por_kg) VALUES (1849,2,6,374.59,0.53);
INSERT INTO vendas_itens (id_venda,id_material_base,id_material_catalogo,quantidade_kg,preco_por_kg) VALUES (1849,3,7,157.00,7.21);
INSERT INTO vendas_itens (id_venda,id_material_base,id_material_catalogo,quantidade_kg,preco_por_kg) VALUES (1849,1,2,422.45,3.51);
INSERT INTO vendas (id_venda,id_cooperativa,id_comprador,data_venda,valor_total) VALUES (1850,13,69,'2025-06-23 02:43:39',0);
INSERT INTO vendas_itens (id_venda,id_material_base,id_material_catalogo,quantidade_kg,preco_por_kg) VALUES (1850,1,1,238.96,3.83);
INSERT INTO vendas_itens (id_venda,id_material_base,id_material_catalogo,quantidade_kg,preco_por_kg) VALUES (1850,1,2,166.78,2.91);
INSERT INTO vendas (id_venda,id_cooperativa,id_comprador,data_venda,valor_total) VALUES (1851,39,28,'2025-04-20 02:43:39',0);
INSERT INTO vendas_itens (id_venda,id_material_base,id_material_catalogo,quantidade_kg,preco_por_kg) VALUES (1851,3,7,540.61,7.27);
INSERT INTO vendas_itens (id_venda,id_material_base,id_material_catalogo,quantidade_kg,preco_por_kg) VALUES (1851,1,3,230.73,3.08);
INSERT INTO vendas (id_venda,id_cooperativa,id_comprador,data_venda,valor_total) VALUES (1852,27,71,'2025-11-02 02:43:39',0);
INSERT INTO vendas_itens (id_venda,id_material_base,id_material_catalogo,quantidade_kg,preco_por_kg) VALUES (1852,2,5,535.08,1.45);
INSERT INTO vendas_itens (id_venda,id_material_base,id_material_catalogo,quantidade_kg,preco_por_kg) VALUES (1852,3,8,378.02,4.18);
INSERT INTO vendas (id_venda,id_cooperativa,id_comprador,data_venda,valor_total) VALUES (1853,36,41,'2025-05-22 02:43:39',0);
INSERT INTO vendas_itens (id_venda,id_material_base,id_material_catalogo,quantidade_kg,preco_por_kg) VALUES (1853,3,7,182.74,5.60);
INSERT INTO vendas (id_venda,id_cooperativa,id_comprador,data_venda,valor_total) VALUES (1854,3,42,'2025-03-26 02:43:39',0);
INSERT INTO vendas_itens (id_venda,id_material_base,id_material_catalogo,quantidade_kg,preco_por_kg) VALUES (1854,3,9,251.15,5.56);
INSERT INTO vendas_itens (id_venda,id_material_base,id_material_catalogo,quantidade_kg,preco_por_kg) VALUES (1854,2,6,114.81,1.12);
INSERT INTO avaliacoes_compradores (id_venda,pontualidade_pagamento,logistica_entrega,qualidade_negociacao,comentario_livre) VALUES (1854,2,5,5,'');
INSERT INTO avaliacao_feedback_selecionado (id_avaliacao,id_feedback_tag) SELECT id_avaliacao,2 FROM avaliacoes_compradores WHERE id_venda=1854;
INSERT INTO vendas (id_venda,id_cooperativa,id_comprador,data_venda,valor_total) VALUES (1855,34,39,'2025-04-04 02:43:39',0);
INSERT INTO vendas_itens (id_venda,id_material_base,id_material_catalogo,quantidade_kg,preco_por_kg) VALUES (1855,3,7,195.58,4.42);
INSERT INTO vendas_itens (id_venda,id_material_base,id_material_catalogo,quantidade_kg,preco_por_kg) VALUES (1855,1,3,210.51,2.63);
INSERT INTO vendas_itens (id_venda,id_material_base,id_material_catalogo,quantidade_kg,preco_por_kg) VALUES (1855,3,8,79.51,5.22);
INSERT INTO vendas (id_venda,id_cooperativa,id_comprador,data_venda,valor_total) VALUES (1856,36,99,'2025-05-13 02:43:39',0);
INSERT INTO vendas_itens (id_venda,id_material_base,id_material_catalogo,quantidade_kg,preco_por_kg) VALUES (1856,1,3,476.47,1.36);
INSERT INTO vendas_itens (id_venda,id_material_base,id_material_catalogo,quantidade_kg,preco_por_kg) VALUES (1856,2,5,223.34,1.24);
INSERT INTO avaliacoes_compradores (id_venda,pontualidade_pagamento,logistica_entrega,qualidade_negociacao,comentario_livre) VALUES (1856,2,4,5,'');
INSERT INTO vendas (id_venda,id_cooperativa,id_comprador,data_venda,valor_total) VALUES (1857,26,46,'2025-03-02 02:43:39',0);
INSERT INTO vendas_itens (id_venda,id_material_base,id_material_catalogo,quantidade_kg,preco_por_kg) VALUES (1857,1,3,133.46,2.22);
INSERT INTO avaliacoes_compradores (id_venda,pontualidade_pagamento,logistica_entrega,qualidade_negociacao,comentario_livre) VALUES (1857,4,5,4,'');
INSERT INTO avaliacao_feedback_selecionado (id_avaliacao,id_feedback_tag) SELECT id_avaliacao,8 FROM avaliacoes_compradores WHERE id_venda=1857;
INSERT INTO avaliacao_feedback_selecionado (id_avaliacao,id_feedback_tag) SELECT id_avaliacao,1 FROM avaliacoes_compradores WHERE id_venda=1857;
INSERT INTO avaliacao_feedback_selecionado (id_avaliacao,id_feedback_tag) SELECT id_avaliacao,11 FROM avaliacoes_compradores WHERE id_venda=1857;
INSERT INTO vendas (id_venda,id_cooperativa,id_comprador,data_venda,valor_total) VALUES (1858,12,75,'2025-06-09 02:43:39',0);
INSERT INTO vendas_itens (id_venda,id_material_base,id_material_catalogo,quantidade_kg,preco_por_kg) VALUES (1858,1,3,286.95,3.37);
INSERT INTO vendas_itens (id_venda,id_material_base,id_material_catalogo,quantidade_kg,preco_por_kg) VALUES (1858,1,2,177.51,2.33);
INSERT INTO avaliacoes_compradores (id_venda,pontualidade_pagamento,logistica_entrega,qualidade_negociacao,comentario_livre) VALUES (1858,2,4,4,'');
INSERT INTO vendas (id_venda,id_cooperativa,id_comprador,data_venda,valor_total) VALUES (1859,28,90,'2025-10-29 02:43:39',0);
INSERT INTO vendas_itens (id_venda,id_material_base,id_material_catalogo,quantidade_kg,preco_por_kg) VALUES (1859,3,8,486.20,7.24);
INSERT INTO vendas_itens (id_venda,id_material_base,id_material_catalogo,quantidade_kg,preco_por_kg) VALUES (1859,1,3,466.96,1.38);
INSERT INTO vendas_itens (id_venda,id_material_base,id_material_catalogo,quantidade_kg,preco_por_kg) VALUES (1859,3,7,493.23,4.86);
INSERT INTO vendas (id_venda,id_cooperativa,id_comprador,data_venda,valor_total) VALUES (1860,22,45,'2025-04-01 02:43:39',0);
INSERT INTO vendas_itens (id_venda,id_material_base,id_material_catalogo,quantidade_kg,preco_por_kg) VALUES (1860,3,8,241.68,2.57);
INSERT INTO vendas (id_venda,id_cooperativa,id_comprador,data_venda,valor_total) VALUES (1861,26,33,'2025-01-10 02:43:39',0);
INSERT INTO vendas_itens (id_venda,id_material_base,id_material_catalogo,quantidade_kg,preco_por_kg) VALUES (1861,3,8,43.90,7.54);
INSERT INTO vendas_itens (id_venda,id_material_base,id_material_catalogo,quantidade_kg,preco_por_kg) VALUES (1861,1,2,156.48,3.02);
INSERT INTO avaliacoes_compradores (id_venda,pontualidade_pagamento,logistica_entrega,qualidade_negociacao,comentario_livre) VALUES (1861,4,4,4,'');
INSERT INTO avaliacao_feedback_selecionado (id_avaliacao,id_feedback_tag) SELECT id_avaliacao,5 FROM avaliacoes_compradores WHERE id_venda=1861;
INSERT INTO avaliacao_feedback_selecionado (id_avaliacao,id_feedback_tag) SELECT id_avaliacao,7 FROM avaliacoes_compradores WHERE id_venda=1861;
INSERT INTO vendas (id_venda,id_cooperativa,id_comprador,data_venda,valor_total) VALUES (1862,18,31,'2025-05-02 02:43:39',0);
INSERT INTO vendas_itens (id_venda,id_material_base,id_material_catalogo,quantidade_kg,preco_por_kg) VALUES (1862,2,4,220.99,0.81);
INSERT INTO avaliacoes_compradores (id_venda,pontualidade_pagamento,logistica_entrega,qualidade_negociacao,comentario_livre) VALUES (1862,1,4,4,'');
INSERT INTO vendas (id_venda,id_cooperativa,id_comprador,data_venda,valor_total) VALUES (1863,34,23,'2025-07-22 02:43:39',0);
INSERT INTO vendas_itens (id_venda,id_material_base,id_material_catalogo,quantidade_kg,preco_por_kg) VALUES (1863,2,5,187.29,1.26);
INSERT INTO vendas_itens (id_venda,id_material_base,id_material_catalogo,quantidade_kg,preco_por_kg) VALUES (1863,2,6,240.18,1.05);
INSERT INTO vendas (id_venda,id_cooperativa,id_comprador,data_venda,valor_total) VALUES (1864,43,21,'2025-01-28 02:43:39',0);
INSERT INTO vendas_itens (id_venda,id_material_base,id_material_catalogo,quantidade_kg,preco_por_kg) VALUES (1864,2,6,301.06,0.62);
INSERT INTO avaliacoes_compradores (id_venda,pontualidade_pagamento,logistica_entrega,qualidade_negociacao,comentario_livre) VALUES (1864,3,4,4,'');
INSERT INTO vendas (id_venda,id_cooperativa,id_comprador,data_venda,valor_total) VALUES (1865,9,64,'2025-04-15 02:43:39',0);
INSERT INTO vendas_itens (id_venda,id_material_base,id_material_catalogo,quantidade_kg,preco_por_kg) VALUES (1865,1,3,449.84,2.23);
INSERT INTO vendas_itens (id_venda,id_material_base,id_material_catalogo,quantidade_kg,preco_por_kg) VALUES (1865,3,9,283.24,2.89);
INSERT INTO avaliacoes_compradores (id_venda,pontualidade_pagamento,logistica_entrega,qualidade_negociacao,comentario_livre) VALUES (1865,2,5,3,'');
INSERT INTO vendas (id_venda,id_cooperativa,id_comprador,data_venda,valor_total) VALUES (1866,45,97,'2024-12-14 02:43:39',0);
INSERT INTO vendas_itens (id_venda,id_material_base,id_material_catalogo,quantidade_kg,preco_por_kg) VALUES (1866,1,3,60.60,1.71);
INSERT INTO avaliacoes_compradores (id_venda,pontualidade_pagamento,logistica_entrega,qualidade_negociacao,comentario_livre) VALUES (1866,4,2,2,'');
INSERT INTO vendas (id_venda,id_cooperativa,id_comprador,data_venda,valor_total) VALUES (1867,23,98,'2025-09-08 02:43:39',0);
INSERT INTO vendas_itens (id_venda,id_material_base,id_material_catalogo,quantidade_kg,preco_por_kg) VALUES (1867,3,9,544.03,3.98);
INSERT INTO vendas_itens (id_venda,id_material_base,id_material_catalogo,quantidade_kg,preco_por_kg) VALUES (1867,2,4,595.13,1.31);
INSERT INTO avaliacoes_compradores (id_venda,pontualidade_pagamento,logistica_entrega,qualidade_negociacao,comentario_livre) VALUES (1867,1,3,3,'');
INSERT INTO vendas (id_venda,id_cooperativa,id_comprador,data_venda,valor_total) VALUES (1868,39,25,'2025-09-07 02:43:39',0);
INSERT INTO vendas_itens (id_venda,id_material_base,id_material_catalogo,quantidade_kg,preco_por_kg) VALUES (1868,1,1,556.62,1.58);
INSERT INTO vendas_itens (id_venda,id_material_base,id_material_catalogo,quantidade_kg,preco_por_kg) VALUES (1868,1,2,451.45,1.84);
INSERT INTO avaliacoes_compradores (id_venda,pontualidade_pagamento,logistica_entrega,qualidade_negociacao,comentario_livre) VALUES (1868,5,5,2,'');
INSERT INTO avaliacao_feedback_selecionado (id_avaliacao,id_feedback_tag) SELECT id_avaliacao,7 FROM avaliacoes_compradores WHERE id_venda=1868;
INSERT INTO avaliacao_feedback_selecionado (id_avaliacao,id_feedback_tag) SELECT id_avaliacao,4 FROM avaliacoes_compradores WHERE id_venda=1868;
INSERT INTO vendas (id_venda,id_cooperativa,id_comprador,data_venda,valor_total) VALUES (1869,4,90,'2025-04-30 02:43:39',0);
INSERT INTO vendas_itens (id_venda,id_material_base,id_material_catalogo,quantidade_kg,preco_por_kg) VALUES (1869,2,5,553.97,1.52);
INSERT INTO vendas_itens (id_venda,id_material_base,id_material_catalogo,quantidade_kg,preco_por_kg) VALUES (1869,3,8,539.53,4.25);
INSERT INTO vendas (id_venda,id_cooperativa,id_comprador,data_venda,valor_total) VALUES (1870,42,92,'2025-09-09 02:43:39',0);
INSERT INTO vendas_itens (id_venda,id_material_base,id_material_catalogo,quantidade_kg,preco_por_kg) VALUES (1870,2,6,583.46,1.57);
INSERT INTO avaliacoes_compradores (id_venda,pontualidade_pagamento,logistica_entrega,qualidade_negociacao,comentario_livre) VALUES (1870,3,2,3,'');
INSERT INTO vendas (id_venda,id_cooperativa,id_comprador,data_venda,valor_total) VALUES (1871,47,4,'2025-10-08 02:43:39',0);
INSERT INTO vendas_itens (id_venda,id_material_base,id_material_catalogo,quantidade_kg,preco_por_kg) VALUES (1871,3,8,31.94,5.67);
INSERT INTO avaliacoes_compradores (id_venda,pontualidade_pagamento,logistica_entrega,qualidade_negociacao,comentario_livre) VALUES (1871,1,4,5,'');
INSERT INTO vendas (id_venda,id_cooperativa,id_comprador,data_venda,valor_total) VALUES (1872,50,73,'2025-10-25 02:43:39',0);
INSERT INTO vendas_itens (id_venda,id_material_base,id_material_catalogo,quantidade_kg,preco_por_kg) VALUES (1872,1,2,367.89,3.21);
INSERT INTO vendas (id_venda,id_cooperativa,id_comprador,data_venda,valor_total) VALUES (1873,43,38,'2025-05-07 02:43:39',0);
INSERT INTO vendas_itens (id_venda,id_material_base,id_material_catalogo,quantidade_kg,preco_por_kg) VALUES (1873,3,8,542.60,5.77);
INSERT INTO avaliacoes_compradores (id_venda,pontualidade_pagamento,logistica_entrega,qualidade_negociacao,comentario_livre) VALUES (1873,5,5,1,'');
INSERT INTO vendas (id_venda,id_cooperativa,id_comprador,data_venda,valor_total) VALUES (1874,15,76,'2025-02-13 02:43:39',0);
INSERT INTO vendas_itens (id_venda,id_material_base,id_material_catalogo,quantidade_kg,preco_por_kg) VALUES (1874,3,9,30.18,5.54);
INSERT INTO vendas_itens (id_venda,id_material_base,id_material_catalogo,quantidade_kg,preco_por_kg) VALUES (1874,2,5,489.21,1.14);
INSERT INTO vendas_itens (id_venda,id_material_base,id_material_catalogo,quantidade_kg,preco_por_kg) VALUES (1874,1,3,535.69,2.72);
INSERT INTO avaliacoes_compradores (id_venda,pontualidade_pagamento,logistica_entrega,qualidade_negociacao,comentario_livre) VALUES (1874,1,1,4,'');
INSERT INTO avaliacao_feedback_selecionado (id_avaliacao,id_feedback_tag) SELECT id_avaliacao,15 FROM avaliacoes_compradores WHERE id_venda=1874;
INSERT INTO avaliacao_feedback_selecionado (id_avaliacao,id_feedback_tag) SELECT id_avaliacao,17 FROM avaliacoes_compradores WHERE id_venda=1874;
INSERT INTO avaliacao_feedback_selecionado (id_avaliacao,id_feedback_tag) SELECT id_avaliacao,22 FROM avaliacoes_compradores WHERE id_venda=1874;
INSERT INTO vendas (id_venda,id_cooperativa,id_comprador,data_venda,valor_total) VALUES (1875,37,81,'2025-11-16 02:43:39',0);
INSERT INTO vendas_itens (id_venda,id_material_base,id_material_catalogo,quantidade_kg,preco_por_kg) VALUES (1875,1,2,346.33,2.06);
INSERT INTO vendas_itens (id_venda,id_material_base,id_material_catalogo,quantidade_kg,preco_por_kg) VALUES (1875,2,5,88.92,1.41);
INSERT INTO vendas_itens (id_venda,id_material_base,id_material_catalogo,quantidade_kg,preco_por_kg) VALUES (1875,1,1,208.64,3.07);
INSERT INTO avaliacoes_compradores (id_venda,pontualidade_pagamento,logistica_entrega,qualidade_negociacao,comentario_livre) VALUES (1875,1,3,4,'');
INSERT INTO vendas (id_venda,id_cooperativa,id_comprador,data_venda,valor_total) VALUES (1876,29,93,'2025-01-17 02:43:39',0);
INSERT INTO vendas_itens (id_venda,id_material_base,id_material_catalogo,quantidade_kg,preco_por_kg) VALUES (1876,3,9,158.58,4.34);
INSERT INTO vendas_itens (id_venda,id_material_base,id_material_catalogo,quantidade_kg,preco_por_kg) VALUES (1876,3,7,562.98,4.33);
INSERT INTO vendas (id_venda,id_cooperativa,id_comprador,data_venda,valor_total) VALUES (1877,39,26,'2025-10-04 02:43:39',0);
INSERT INTO vendas_itens (id_venda,id_material_base,id_material_catalogo,quantidade_kg,preco_por_kg) VALUES (1877,3,8,258.35,3.26);
INSERT INTO vendas_itens (id_venda,id_material_base,id_material_catalogo,quantidade_kg,preco_por_kg) VALUES (1877,1,2,117.46,2.79);
INSERT INTO vendas_itens (id_venda,id_material_base,id_material_catalogo,quantidade_kg,preco_por_kg) VALUES (1877,3,8,536.34,4.48);
INSERT INTO vendas (id_venda,id_cooperativa,id_comprador,data_venda,valor_total) VALUES (1878,22,98,'2025-06-30 02:43:39',0);
INSERT INTO vendas_itens (id_venda,id_material_base,id_material_catalogo,quantidade_kg,preco_por_kg) VALUES (1878,2,6,231.42,0.60);
INSERT INTO vendas_itens (id_venda,id_material_base,id_material_catalogo,quantidade_kg,preco_por_kg) VALUES (1878,1,3,376.23,3.04);
INSERT INTO avaliacoes_compradores (id_venda,pontualidade_pagamento,logistica_entrega,qualidade_negociacao,comentario_livre) VALUES (1878,3,1,4,'');
INSERT INTO vendas (id_venda,id_cooperativa,id_comprador,data_venda,valor_total) VALUES (1879,22,86,'2024-12-10 02:43:39',0);
INSERT INTO vendas_itens (id_venda,id_material_base,id_material_catalogo,quantidade_kg,preco_por_kg) VALUES (1879,3,9,512.51,2.83);
INSERT INTO vendas_itens (id_venda,id_material_base,id_material_catalogo,quantidade_kg,preco_por_kg) VALUES (1879,1,1,236.43,1.49);
INSERT INTO vendas_itens (id_venda,id_material_base,id_material_catalogo,quantidade_kg,preco_por_kg) VALUES (1879,3,7,474.86,3.31);
INSERT INTO avaliacoes_compradores (id_venda,pontualidade_pagamento,logistica_entrega,qualidade_negociacao,comentario_livre) VALUES (1879,1,1,3,'');
INSERT INTO avaliacao_feedback_selecionado (id_avaliacao,id_feedback_tag) SELECT id_avaliacao,14 FROM avaliacoes_compradores WHERE id_venda=1879;
INSERT INTO avaliacao_feedback_selecionado (id_avaliacao,id_feedback_tag) SELECT id_avaliacao,12 FROM avaliacoes_compradores WHERE id_venda=1879;
INSERT INTO avaliacao_feedback_selecionado (id_avaliacao,id_feedback_tag) SELECT id_avaliacao,13 FROM avaliacoes_compradores WHERE id_venda=1879;
INSERT INTO vendas (id_venda,id_cooperativa,id_comprador,data_venda,valor_total) VALUES (1880,10,32,'2025-02-27 02:43:39',0);
INSERT INTO vendas_itens (id_venda,id_material_base,id_material_catalogo,quantidade_kg,preco_por_kg) VALUES (1880,1,2,40.06,2.41);
INSERT INTO avaliacoes_compradores (id_venda,pontualidade_pagamento,logistica_entrega,qualidade_negociacao,comentario_livre) VALUES (1880,5,2,1,'');
INSERT INTO vendas (id_venda,id_cooperativa,id_comprador,data_venda,valor_total) VALUES (1881,41,15,'2025-10-13 02:43:39',0);
INSERT INTO vendas_itens (id_venda,id_material_base,id_material_catalogo,quantidade_kg,preco_por_kg) VALUES (1881,3,7,407.68,8.00);
INSERT INTO vendas (id_venda,id_cooperativa,id_comprador,data_venda,valor_total) VALUES (1882,50,19,'2024-12-20 02:43:39',0);
INSERT INTO vendas_itens (id_venda,id_material_base,id_material_catalogo,quantidade_kg,preco_por_kg) VALUES (1882,1,2,349.15,3.46);
INSERT INTO vendas_itens (id_venda,id_material_base,id_material_catalogo,quantidade_kg,preco_por_kg) VALUES (1882,2,6,56.80,1.42);
INSERT INTO vendas_itens (id_venda,id_material_base,id_material_catalogo,quantidade_kg,preco_por_kg) VALUES (1882,2,5,118.93,0.74);
INSERT INTO avaliacoes_compradores (id_venda,pontualidade_pagamento,logistica_entrega,qualidade_negociacao,comentario_livre) VALUES (1882,3,3,1,'');
INSERT INTO vendas (id_venda,id_cooperativa,id_comprador,data_venda,valor_total) VALUES (1883,8,19,'2025-09-20 02:43:39',0);
INSERT INTO vendas_itens (id_venda,id_material_base,id_material_catalogo,quantidade_kg,preco_por_kg) VALUES (1883,3,9,78.22,3.32);
INSERT INTO vendas (id_venda,id_cooperativa,id_comprador,data_venda,valor_total) VALUES (1884,37,57,'2024-12-07 02:43:39',0);
INSERT INTO vendas_itens (id_venda,id_material_base,id_material_catalogo,quantidade_kg,preco_por_kg) VALUES (1884,2,5,456.81,0.82);
INSERT INTO vendas_itens (id_venda,id_material_base,id_material_catalogo,quantidade_kg,preco_por_kg) VALUES (1884,1,1,318.66,3.92);
INSERT INTO vendas_itens (id_venda,id_material_base,id_material_catalogo,quantidade_kg,preco_por_kg) VALUES (1884,1,1,358.13,2.31);
INSERT INTO avaliacoes_compradores (id_venda,pontualidade_pagamento,logistica_entrega,qualidade_negociacao,comentario_livre) VALUES (1884,1,2,2,'');
INSERT INTO avaliacao_feedback_selecionado (id_avaliacao,id_feedback_tag) SELECT id_avaliacao,16 FROM avaliacoes_compradores WHERE id_venda=1884;
INSERT INTO avaliacao_feedback_selecionado (id_avaliacao,id_feedback_tag) SELECT id_avaliacao,21 FROM avaliacoes_compradores WHERE id_venda=1884;
INSERT INTO vendas (id_venda,id_cooperativa,id_comprador,data_venda,valor_total) VALUES (1885,13,88,'2025-10-07 02:43:39',0);
INSERT INTO vendas_itens (id_venda,id_material_base,id_material_catalogo,quantidade_kg,preco_por_kg) VALUES (1885,2,6,533.79,0.79);
INSERT INTO vendas_itens (id_venda,id_material_base,id_material_catalogo,quantidade_kg,preco_por_kg) VALUES (1885,3,9,476.96,3.70);
INSERT INTO avaliacoes_compradores (id_venda,pontualidade_pagamento,logistica_entrega,qualidade_negociacao,comentario_livre) VALUES (1885,2,3,3,'');
INSERT INTO vendas (id_venda,id_cooperativa,id_comprador,data_venda,valor_total) VALUES (1886,46,16,'2025-04-15 02:43:39',0);
INSERT INTO vendas_itens (id_venda,id_material_base,id_material_catalogo,quantidade_kg,preco_por_kg) VALUES (1886,1,3,130.81,3.26);
INSERT INTO vendas_itens (id_venda,id_material_base,id_material_catalogo,quantidade_kg,preco_por_kg) VALUES (1886,2,4,44.62,0.70);
INSERT INTO vendas_itens (id_venda,id_material_base,id_material_catalogo,quantidade_kg,preco_por_kg) VALUES (1886,2,6,253.60,0.99);
INSERT INTO vendas (id_venda,id_cooperativa,id_comprador,data_venda,valor_total) VALUES (1887,13,2,'2025-06-20 02:43:39',0);
INSERT INTO vendas_itens (id_venda,id_material_base,id_material_catalogo,quantidade_kg,preco_por_kg) VALUES (1887,1,3,326.07,3.49);
INSERT INTO vendas_itens (id_venda,id_material_base,id_material_catalogo,quantidade_kg,preco_por_kg) VALUES (1887,1,3,74.12,2.12);
INSERT INTO avaliacoes_compradores (id_venda,pontualidade_pagamento,logistica_entrega,qualidade_negociacao,comentario_livre) VALUES (1887,5,5,1,'');
INSERT INTO vendas (id_venda,id_cooperativa,id_comprador,data_venda,valor_total) VALUES (1888,44,36,'2024-12-28 02:43:39',0);
INSERT INTO vendas_itens (id_venda,id_material_base,id_material_catalogo,quantidade_kg,preco_por_kg) VALUES (1888,3,8,487.67,7.41);
INSERT INTO avaliacoes_compradores (id_venda,pontualidade_pagamento,logistica_entrega,qualidade_negociacao,comentario_livre) VALUES (1888,5,3,4,'');
INSERT INTO avaliacao_feedback_selecionado (id_avaliacao,id_feedback_tag) SELECT id_avaliacao,7 FROM avaliacoes_compradores WHERE id_venda=1888;
INSERT INTO avaliacao_feedback_selecionado (id_avaliacao,id_feedback_tag) SELECT id_avaliacao,8 FROM avaliacoes_compradores WHERE id_venda=1888;
INSERT INTO vendas (id_venda,id_cooperativa,id_comprador,data_venda,valor_total) VALUES (1889,42,76,'2025-10-10 02:43:39',0);
INSERT INTO vendas_itens (id_venda,id_material_base,id_material_catalogo,quantidade_kg,preco_por_kg) VALUES (1889,1,3,235.04,1.46);
INSERT INTO vendas_itens (id_venda,id_material_base,id_material_catalogo,quantidade_kg,preco_por_kg) VALUES (1889,1,2,540.98,1.67);
INSERT INTO avaliacoes_compradores (id_venda,pontualidade_pagamento,logistica_entrega,qualidade_negociacao,comentario_livre) VALUES (1889,4,2,1,'');
INSERT INTO vendas (id_venda,id_cooperativa,id_comprador,data_venda,valor_total) VALUES (1890,48,15,'2025-10-30 02:43:39',0);
INSERT INTO vendas_itens (id_venda,id_material_base,id_material_catalogo,quantidade_kg,preco_por_kg) VALUES (1890,3,7,539.41,5.89);
INSERT INTO vendas (id_venda,id_cooperativa,id_comprador,data_venda,valor_total) VALUES (1891,48,3,'2025-02-24 02:43:39',0);
INSERT INTO vendas_itens (id_venda,id_material_base,id_material_catalogo,quantidade_kg,preco_por_kg) VALUES (1891,3,8,484.53,5.54);
INSERT INTO vendas_itens (id_venda,id_material_base,id_material_catalogo,quantidade_kg,preco_por_kg) VALUES (1891,2,5,74.89,1.05);
INSERT INTO avaliacoes_compradores (id_venda,pontualidade_pagamento,logistica_entrega,qualidade_negociacao,comentario_livre) VALUES (1891,2,2,1,'');
INSERT INTO avaliacao_feedback_selecionado (id_avaliacao,id_feedback_tag) SELECT id_avaliacao,13 FROM avaliacoes_compradores WHERE id_venda=1891;
INSERT INTO avaliacao_feedback_selecionado (id_avaliacao,id_feedback_tag) SELECT id_avaliacao,20 FROM avaliacoes_compradores WHERE id_venda=1891;
INSERT INTO avaliacao_feedback_selecionado (id_avaliacao,id_feedback_tag) SELECT id_avaliacao,21 FROM avaliacoes_compradores WHERE id_venda=1891;
INSERT INTO vendas (id_venda,id_cooperativa,id_comprador,data_venda,valor_total) VALUES (1892,36,17,'2025-03-07 02:43:39',0);
INSERT INTO vendas_itens (id_venda,id_material_base,id_material_catalogo,quantidade_kg,preco_por_kg) VALUES (1892,1,3,375.03,2.62);
INSERT INTO vendas_itens (id_venda,id_material_base,id_material_catalogo,quantidade_kg,preco_por_kg) VALUES (1892,3,7,250.56,4.22);
INSERT INTO vendas (id_venda,id_cooperativa,id_comprador,data_venda,valor_total) VALUES (1893,22,42,'2025-08-14 02:43:39',0);
INSERT INTO vendas_itens (id_venda,id_material_base,id_material_catalogo,quantidade_kg,preco_por_kg) VALUES (1893,1,2,115.73,2.94);
INSERT INTO vendas_itens (id_venda,id_material_base,id_material_catalogo,quantidade_kg,preco_por_kg) VALUES (1893,3,7,233.34,7.54);
INSERT INTO vendas_itens (id_venda,id_material_base,id_material_catalogo,quantidade_kg,preco_por_kg) VALUES (1893,2,6,120.76,1.08);
INSERT INTO avaliacoes_compradores (id_venda,pontualidade_pagamento,logistica_entrega,qualidade_negociacao,comentario_livre) VALUES (1893,2,5,4,'');
INSERT INTO vendas (id_venda,id_cooperativa,id_comprador,data_venda,valor_total) VALUES (1894,11,1,'2025-05-01 02:43:39',0);
INSERT INTO vendas_itens (id_venda,id_material_base,id_material_catalogo,quantidade_kg,preco_por_kg) VALUES (1894,1,3,371.71,2.31);
INSERT INTO vendas_itens (id_venda,id_material_base,id_material_catalogo,quantidade_kg,preco_por_kg) VALUES (1894,1,1,225.00,1.61);
INSERT INTO vendas_itens (id_venda,id_material_base,id_material_catalogo,quantidade_kg,preco_por_kg) VALUES (1894,2,4,301.88,0.81);
INSERT INTO avaliacoes_compradores (id_venda,pontualidade_pagamento,logistica_entrega,qualidade_negociacao,comentario_livre) VALUES (1894,1,5,5,'');
INSERT INTO vendas (id_venda,id_cooperativa,id_comprador,data_venda,valor_total) VALUES (1895,33,50,'2025-05-19 02:43:39',0);
INSERT INTO vendas_itens (id_venda,id_material_base,id_material_catalogo,quantidade_kg,preco_por_kg) VALUES (1895,3,7,479.84,6.89);
INSERT INTO vendas (id_venda,id_cooperativa,id_comprador,data_venda,valor_total) VALUES (1896,38,59,'2025-01-01 02:43:39',0);
INSERT INTO vendas_itens (id_venda,id_material_base,id_material_catalogo,quantidade_kg,preco_por_kg) VALUES (1896,3,7,454.44,6.46);
INSERT INTO vendas_itens (id_venda,id_material_base,id_material_catalogo,quantidade_kg,preco_por_kg) VALUES (1896,3,8,362.47,3.71);
INSERT INTO vendas_itens (id_venda,id_material_base,id_material_catalogo,quantidade_kg,preco_por_kg) VALUES (1896,3,7,272.76,2.92);
INSERT INTO vendas (id_venda,id_cooperativa,id_comprador,data_venda,valor_total) VALUES (1897,4,79,'2025-02-25 02:43:39',0);
INSERT INTO vendas_itens (id_venda,id_material_base,id_material_catalogo,quantidade_kg,preco_por_kg) VALUES (1897,2,4,50.68,1.47);
INSERT INTO vendas (id_venda,id_cooperativa,id_comprador,data_venda,valor_total) VALUES (1898,31,61,'2025-02-16 02:43:39',0);
INSERT INTO vendas_itens (id_venda,id_material_base,id_material_catalogo,quantidade_kg,preco_por_kg) VALUES (1898,1,2,413.58,2.57);
INSERT INTO avaliacoes_compradores (id_venda,pontualidade_pagamento,logistica_entrega,qualidade_negociacao,comentario_livre) VALUES (1898,1,2,3,'');
INSERT INTO avaliacao_feedback_selecionado (id_avaliacao,id_feedback_tag) SELECT id_avaliacao,18 FROM avaliacoes_compradores WHERE id_venda=1898;
INSERT INTO vendas (id_venda,id_cooperativa,id_comprador,data_venda,valor_total) VALUES (1899,9,78,'2025-08-03 02:43:39',0);
INSERT INTO vendas_itens (id_venda,id_material_base,id_material_catalogo,quantidade_kg,preco_por_kg) VALUES (1899,1,3,369.21,3.10);
INSERT INTO avaliacoes_compradores (id_venda,pontualidade_pagamento,logistica_entrega,qualidade_negociacao,comentario_livre) VALUES (1899,2,4,2,'');
INSERT INTO vendas (id_venda,id_cooperativa,id_comprador,data_venda,valor_total) VALUES (1900,9,62,'2025-06-28 02:43:39',0);
INSERT INTO vendas_itens (id_venda,id_material_base,id_material_catalogo,quantidade_kg,preco_por_kg) VALUES (1900,3,8,547.04,4.53);
INSERT INTO vendas_itens (id_venda,id_material_base,id_material_catalogo,quantidade_kg,preco_por_kg) VALUES (1900,2,5,360.14,1.09);
INSERT INTO vendas_itens (id_venda,id_material_base,id_material_catalogo,quantidade_kg,preco_por_kg) VALUES (1900,3,8,591.49,3.88);
INSERT INTO avaliacoes_compradores (id_venda,pontualidade_pagamento,logistica_entrega,qualidade_negociacao,comentario_livre) VALUES (1900,4,2,3,'');
INSERT INTO vendas (id_venda,id_cooperativa,id_comprador,data_venda,valor_total) VALUES (1901,31,66,'2025-10-18 02:43:39',0);
INSERT INTO vendas_itens (id_venda,id_material_base,id_material_catalogo,quantidade_kg,preco_por_kg) VALUES (1901,1,2,158.09,2.01);
INSERT INTO vendas_itens (id_venda,id_material_base,id_material_catalogo,quantidade_kg,preco_por_kg) VALUES (1901,1,3,414.36,1.47);
INSERT INTO vendas_itens (id_venda,id_material_base,id_material_catalogo,quantidade_kg,preco_por_kg) VALUES (1901,2,6,381.18,1.36);
INSERT INTO avaliacoes_compradores (id_venda,pontualidade_pagamento,logistica_entrega,qualidade_negociacao,comentario_livre) VALUES (1901,5,1,3,'');
INSERT INTO vendas (id_venda,id_cooperativa,id_comprador,data_venda,valor_total) VALUES (1902,20,100,'2025-06-17 02:43:39',0);
INSERT INTO vendas_itens (id_venda,id_material_base,id_material_catalogo,quantidade_kg,preco_por_kg) VALUES (1902,2,6,568.31,0.76);
INSERT INTO vendas_itens (id_venda,id_material_base,id_material_catalogo,quantidade_kg,preco_por_kg) VALUES (1902,2,6,574.51,1.44);
INSERT INTO vendas (id_venda,id_cooperativa,id_comprador,data_venda,valor_total) VALUES (1903,42,99,'2024-12-31 02:43:39',0);
INSERT INTO vendas_itens (id_venda,id_material_base,id_material_catalogo,quantidade_kg,preco_por_kg) VALUES (1903,1,2,30.33,3.09);
INSERT INTO vendas_itens (id_venda,id_material_base,id_material_catalogo,quantidade_kg,preco_por_kg) VALUES (1903,3,7,136.23,5.40);
INSERT INTO vendas_itens (id_venda,id_material_base,id_material_catalogo,quantidade_kg,preco_por_kg) VALUES (1903,1,3,172.63,3.93);
INSERT INTO vendas (id_venda,id_cooperativa,id_comprador,data_venda,valor_total) VALUES (1904,9,93,'2025-10-31 02:43:39',0);
INSERT INTO vendas_itens (id_venda,id_material_base,id_material_catalogo,quantidade_kg,preco_por_kg) VALUES (1904,2,5,57.27,1.44);
INSERT INTO vendas_itens (id_venda,id_material_base,id_material_catalogo,quantidade_kg,preco_por_kg) VALUES (1904,3,7,463.92,5.47);
INSERT INTO avaliacoes_compradores (id_venda,pontualidade_pagamento,logistica_entrega,qualidade_negociacao,comentario_livre) VALUES (1904,4,4,5,'');
INSERT INTO avaliacao_feedback_selecionado (id_avaliacao,id_feedback_tag) SELECT id_avaliacao,10 FROM avaliacoes_compradores WHERE id_venda=1904;
INSERT INTO avaliacao_feedback_selecionado (id_avaliacao,id_feedback_tag) SELECT id_avaliacao,6 FROM avaliacoes_compradores WHERE id_venda=1904;
INSERT INTO vendas (id_venda,id_cooperativa,id_comprador,data_venda,valor_total) VALUES (1905,22,79,'2025-02-21 02:43:39',0);
INSERT INTO vendas_itens (id_venda,id_material_base,id_material_catalogo,quantidade_kg,preco_por_kg) VALUES (1905,3,9,164.05,5.90);
INSERT INTO vendas_itens (id_venda,id_material_base,id_material_catalogo,quantidade_kg,preco_por_kg) VALUES (1905,3,8,354.04,6.48);
INSERT INTO avaliacoes_compradores (id_venda,pontualidade_pagamento,logistica_entrega,qualidade_negociacao,comentario_livre) VALUES (1905,3,1,2,'');
INSERT INTO avaliacao_feedback_selecionado (id_avaliacao,id_feedback_tag) SELECT id_avaliacao,18 FROM avaliacoes_compradores WHERE id_venda=1905;
INSERT INTO vendas (id_venda,id_cooperativa,id_comprador,data_venda,valor_total) VALUES (1906,26,89,'2025-03-13 02:43:39',0);
INSERT INTO vendas_itens (id_venda,id_material_base,id_material_catalogo,quantidade_kg,preco_por_kg) VALUES (1906,1,3,165.22,3.53);
INSERT INTO vendas_itens (id_venda,id_material_base,id_material_catalogo,quantidade_kg,preco_por_kg) VALUES (1906,1,1,209.84,1.39);
INSERT INTO avaliacoes_compradores (id_venda,pontualidade_pagamento,logistica_entrega,qualidade_negociacao,comentario_livre) VALUES (1906,4,4,3,'');
INSERT INTO vendas (id_venda,id_cooperativa,id_comprador,data_venda,valor_total) VALUES (1907,33,81,'2025-01-12 02:43:39',0);
INSERT INTO vendas_itens (id_venda,id_material_base,id_material_catalogo,quantidade_kg,preco_por_kg) VALUES (1907,3,8,98.12,3.34);
INSERT INTO avaliacoes_compradores (id_venda,pontualidade_pagamento,logistica_entrega,qualidade_negociacao,comentario_livre) VALUES (1907,1,5,5,'');
INSERT INTO vendas (id_venda,id_cooperativa,id_comprador,data_venda,valor_total) VALUES (1908,2,7,'2025-05-21 02:43:39',0);
INSERT INTO vendas_itens (id_venda,id_material_base,id_material_catalogo,quantidade_kg,preco_por_kg) VALUES (1908,3,8,76.41,7.37);
INSERT INTO vendas_itens (id_venda,id_material_base,id_material_catalogo,quantidade_kg,preco_por_kg) VALUES (1908,3,7,158.77,3.62);
INSERT INTO vendas_itens (id_venda,id_material_base,id_material_catalogo,quantidade_kg,preco_por_kg) VALUES (1908,1,1,124.11,1.83);
INSERT INTO avaliacoes_compradores (id_venda,pontualidade_pagamento,logistica_entrega,qualidade_negociacao,comentario_livre) VALUES (1908,3,4,2,'');
INSERT INTO vendas (id_venda,id_cooperativa,id_comprador,data_venda,valor_total) VALUES (1909,4,42,'2025-01-12 02:43:39',0);
INSERT INTO vendas_itens (id_venda,id_material_base,id_material_catalogo,quantidade_kg,preco_por_kg) VALUES (1909,1,1,526.73,2.83);
INSERT INTO vendas_itens (id_venda,id_material_base,id_material_catalogo,quantidade_kg,preco_por_kg) VALUES (1909,2,6,331.32,1.44);
INSERT INTO vendas_itens (id_venda,id_material_base,id_material_catalogo,quantidade_kg,preco_por_kg) VALUES (1909,1,1,451.37,2.92);
INSERT INTO vendas (id_venda,id_cooperativa,id_comprador,data_venda,valor_total) VALUES (1910,41,21,'2025-06-01 02:43:39',0);
INSERT INTO vendas_itens (id_venda,id_material_base,id_material_catalogo,quantidade_kg,preco_por_kg) VALUES (1910,2,5,440.32,0.96);
INSERT INTO vendas_itens (id_venda,id_material_base,id_material_catalogo,quantidade_kg,preco_por_kg) VALUES (1910,3,7,183.93,7.82);
INSERT INTO vendas_itens (id_venda,id_material_base,id_material_catalogo,quantidade_kg,preco_por_kg) VALUES (1910,3,8,395.30,4.47);
INSERT INTO avaliacoes_compradores (id_venda,pontualidade_pagamento,logistica_entrega,qualidade_negociacao,comentario_livre) VALUES (1910,4,1,3,'');
INSERT INTO vendas (id_venda,id_cooperativa,id_comprador,data_venda,valor_total) VALUES (1911,1,80,'2025-11-05 02:43:39',0);
INSERT INTO vendas_itens (id_venda,id_material_base,id_material_catalogo,quantidade_kg,preco_por_kg) VALUES (1911,1,1,262.14,1.60);
INSERT INTO vendas_itens (id_venda,id_material_base,id_material_catalogo,quantidade_kg,preco_por_kg) VALUES (1911,2,5,183.61,1.21);
INSERT INTO vendas_itens (id_venda,id_material_base,id_material_catalogo,quantidade_kg,preco_por_kg) VALUES (1911,2,5,259.15,1.35);
INSERT INTO avaliacoes_compradores (id_venda,pontualidade_pagamento,logistica_entrega,qualidade_negociacao,comentario_livre) VALUES (1911,2,3,4,'');
INSERT INTO vendas (id_venda,id_cooperativa,id_comprador,data_venda,valor_total) VALUES (1912,30,88,'2025-01-12 02:43:39',0);
INSERT INTO vendas_itens (id_venda,id_material_base,id_material_catalogo,quantidade_kg,preco_por_kg) VALUES (1912,2,4,537.42,1.71);
INSERT INTO vendas_itens (id_venda,id_material_base,id_material_catalogo,quantidade_kg,preco_por_kg) VALUES (1912,2,5,313.79,1.73);
INSERT INTO vendas_itens (id_venda,id_material_base,id_material_catalogo,quantidade_kg,preco_por_kg) VALUES (1912,3,9,583.58,7.46);
INSERT INTO vendas (id_venda,id_cooperativa,id_comprador,data_venda,valor_total) VALUES (1913,9,1,'2024-11-26 02:43:39',0);
INSERT INTO vendas_itens (id_venda,id_material_base,id_material_catalogo,quantidade_kg,preco_por_kg) VALUES (1913,3,8,221.87,5.63);
INSERT INTO avaliacoes_compradores (id_venda,pontualidade_pagamento,logistica_entrega,qualidade_negociacao,comentario_livre) VALUES (1913,5,4,4,'');
INSERT INTO avaliacao_feedback_selecionado (id_avaliacao,id_feedback_tag) SELECT id_avaliacao,2 FROM avaliacoes_compradores WHERE id_venda=1913;
INSERT INTO vendas (id_venda,id_cooperativa,id_comprador,data_venda,valor_total) VALUES (1914,50,13,'2025-03-04 02:43:39',0);
INSERT INTO vendas_itens (id_venda,id_material_base,id_material_catalogo,quantidade_kg,preco_por_kg) VALUES (1914,2,6,393.15,1.78);
INSERT INTO vendas (id_venda,id_cooperativa,id_comprador,data_venda,valor_total) VALUES (1915,24,79,'2024-12-16 02:43:39',0);
INSERT INTO vendas_itens (id_venda,id_material_base,id_material_catalogo,quantidade_kg,preco_por_kg) VALUES (1915,3,9,259.79,7.15);
INSERT INTO vendas_itens (id_venda,id_material_base,id_material_catalogo,quantidade_kg,preco_por_kg) VALUES (1915,3,9,390.29,2.89);
INSERT INTO vendas_itens (id_venda,id_material_base,id_material_catalogo,quantidade_kg,preco_por_kg) VALUES (1915,1,2,416.40,3.06);
INSERT INTO avaliacoes_compradores (id_venda,pontualidade_pagamento,logistica_entrega,qualidade_negociacao,comentario_livre) VALUES (1915,4,5,2,'');
INSERT INTO vendas (id_venda,id_cooperativa,id_comprador,data_venda,valor_total) VALUES (1916,12,49,'2025-09-20 02:43:39',0);
INSERT INTO vendas_itens (id_venda,id_material_base,id_material_catalogo,quantidade_kg,preco_por_kg) VALUES (1916,2,4,210.29,1.77);
INSERT INTO vendas (id_venda,id_cooperativa,id_comprador,data_venda,valor_total) VALUES (1917,41,8,'2025-04-12 02:43:39',0);
INSERT INTO vendas_itens (id_venda,id_material_base,id_material_catalogo,quantidade_kg,preco_por_kg) VALUES (1917,2,4,266.30,1.67);
INSERT INTO vendas (id_venda,id_cooperativa,id_comprador,data_venda,valor_total) VALUES (1918,32,65,'2024-12-13 02:43:39',0);
INSERT INTO vendas_itens (id_venda,id_material_base,id_material_catalogo,quantidade_kg,preco_por_kg) VALUES (1918,2,4,368.60,1.31);
INSERT INTO vendas_itens (id_venda,id_material_base,id_material_catalogo,quantidade_kg,preco_por_kg) VALUES (1918,3,9,567.72,4.91);
INSERT INTO vendas_itens (id_venda,id_material_base,id_material_catalogo,quantidade_kg,preco_por_kg) VALUES (1918,2,6,579.90,0.66);
INSERT INTO vendas (id_venda,id_cooperativa,id_comprador,data_venda,valor_total) VALUES (1919,46,67,'2024-12-06 02:43:39',0);
INSERT INTO vendas_itens (id_venda,id_material_base,id_material_catalogo,quantidade_kg,preco_por_kg) VALUES (1919,3,8,467.71,5.94);
INSERT INTO vendas_itens (id_venda,id_material_base,id_material_catalogo,quantidade_kg,preco_por_kg) VALUES (1919,1,3,195.59,2.96);
INSERT INTO vendas_itens (id_venda,id_material_base,id_material_catalogo,quantidade_kg,preco_por_kg) VALUES (1919,2,6,561.39,1.71);
INSERT INTO avaliacoes_compradores (id_venda,pontualidade_pagamento,logistica_entrega,qualidade_negociacao,comentario_livre) VALUES (1919,2,3,2,'');
INSERT INTO vendas (id_venda,id_cooperativa,id_comprador,data_venda,valor_total) VALUES (1920,33,34,'2024-12-28 02:43:39',0);
INSERT INTO vendas_itens (id_venda,id_material_base,id_material_catalogo,quantidade_kg,preco_por_kg) VALUES (1920,1,2,266.24,1.43);
INSERT INTO avaliacoes_compradores (id_venda,pontualidade_pagamento,logistica_entrega,qualidade_negociacao,comentario_livre) VALUES (1920,1,2,5,'');
INSERT INTO vendas (id_venda,id_cooperativa,id_comprador,data_venda,valor_total) VALUES (1921,41,69,'2025-06-06 02:43:39',0);
INSERT INTO vendas_itens (id_venda,id_material_base,id_material_catalogo,quantidade_kg,preco_por_kg) VALUES (1921,2,6,148.08,1.18);
INSERT INTO vendas (id_venda,id_cooperativa,id_comprador,data_venda,valor_total) VALUES (1922,31,4,'2025-08-05 02:43:39',0);
INSERT INTO vendas_itens (id_venda,id_material_base,id_material_catalogo,quantidade_kg,preco_por_kg) VALUES (1922,1,3,474.53,1.67);
INSERT INTO vendas_itens (id_venda,id_material_base,id_material_catalogo,quantidade_kg,preco_por_kg) VALUES (1922,3,7,340.56,7.43);
INSERT INTO vendas (id_venda,id_cooperativa,id_comprador,data_venda,valor_total) VALUES (1923,28,25,'2025-10-08 02:43:39',0);
INSERT INTO vendas_itens (id_venda,id_material_base,id_material_catalogo,quantidade_kg,preco_por_kg) VALUES (1923,3,9,546.56,3.62);
INSERT INTO vendas_itens (id_venda,id_material_base,id_material_catalogo,quantidade_kg,preco_por_kg) VALUES (1923,2,4,94.69,1.29);
INSERT INTO vendas_itens (id_venda,id_material_base,id_material_catalogo,quantidade_kg,preco_por_kg) VALUES (1923,1,3,410.36,3.98);
INSERT INTO vendas (id_venda,id_cooperativa,id_comprador,data_venda,valor_total) VALUES (1924,31,19,'2025-07-21 02:43:39',0);
INSERT INTO vendas_itens (id_venda,id_material_base,id_material_catalogo,quantidade_kg,preco_por_kg) VALUES (1924,3,7,417.84,4.24);
INSERT INTO vendas_itens (id_venda,id_material_base,id_material_catalogo,quantidade_kg,preco_por_kg) VALUES (1924,2,4,261.99,1.61);
INSERT INTO avaliacoes_compradores (id_venda,pontualidade_pagamento,logistica_entrega,qualidade_negociacao,comentario_livre) VALUES (1924,4,4,3,'');
INSERT INTO vendas (id_venda,id_cooperativa,id_comprador,data_venda,valor_total) VALUES (1925,16,92,'2025-05-12 02:43:39',0);
INSERT INTO vendas_itens (id_venda,id_material_base,id_material_catalogo,quantidade_kg,preco_por_kg) VALUES (1925,2,4,589.61,0.78);
INSERT INTO vendas_itens (id_venda,id_material_base,id_material_catalogo,quantidade_kg,preco_por_kg) VALUES (1925,3,8,53.50,3.31);
INSERT INTO vendas_itens (id_venda,id_material_base,id_material_catalogo,quantidade_kg,preco_por_kg) VALUES (1925,1,2,276.64,1.23);
INSERT INTO vendas (id_venda,id_cooperativa,id_comprador,data_venda,valor_total) VALUES (1926,4,80,'2025-05-24 02:43:39',0);
INSERT INTO vendas_itens (id_venda,id_material_base,id_material_catalogo,quantidade_kg,preco_por_kg) VALUES (1926,1,1,190.05,2.93);
INSERT INTO vendas_itens (id_venda,id_material_base,id_material_catalogo,quantidade_kg,preco_por_kg) VALUES (1926,3,9,373.53,3.71);
INSERT INTO vendas_itens (id_venda,id_material_base,id_material_catalogo,quantidade_kg,preco_por_kg) VALUES (1926,2,6,333.26,1.36);
INSERT INTO vendas (id_venda,id_cooperativa,id_comprador,data_venda,valor_total) VALUES (1927,49,90,'2025-08-11 02:43:39',0);
INSERT INTO vendas_itens (id_venda,id_material_base,id_material_catalogo,quantidade_kg,preco_por_kg) VALUES (1927,3,8,75.85,7.32);
INSERT INTO avaliacoes_compradores (id_venda,pontualidade_pagamento,logistica_entrega,qualidade_negociacao,comentario_livre) VALUES (1927,3,5,5,'');
INSERT INTO avaliacao_feedback_selecionado (id_avaliacao,id_feedback_tag) SELECT id_avaliacao,3 FROM avaliacoes_compradores WHERE id_venda=1927;
INSERT INTO avaliacao_feedback_selecionado (id_avaliacao,id_feedback_tag) SELECT id_avaliacao,5 FROM avaliacoes_compradores WHERE id_venda=1927;
INSERT INTO vendas (id_venda,id_cooperativa,id_comprador,data_venda,valor_total) VALUES (1928,40,35,'2024-11-23 02:43:39',0);
INSERT INTO vendas_itens (id_venda,id_material_base,id_material_catalogo,quantidade_kg,preco_por_kg) VALUES (1928,2,4,377.82,1.21);
INSERT INTO avaliacoes_compradores (id_venda,pontualidade_pagamento,logistica_entrega,qualidade_negociacao,comentario_livre) VALUES (1928,2,2,3,'');
INSERT INTO vendas (id_venda,id_cooperativa,id_comprador,data_venda,valor_total) VALUES (1929,7,10,'2025-11-07 02:43:39',0);
INSERT INTO vendas_itens (id_venda,id_material_base,id_material_catalogo,quantidade_kg,preco_por_kg) VALUES (1929,1,2,67.75,1.31);
INSERT INTO avaliacoes_compradores (id_venda,pontualidade_pagamento,logistica_entrega,qualidade_negociacao,comentario_livre) VALUES (1929,5,1,4,'');
INSERT INTO vendas (id_venda,id_cooperativa,id_comprador,data_venda,valor_total) VALUES (1930,38,14,'2025-11-14 02:43:39',0);
INSERT INTO vendas_itens (id_venda,id_material_base,id_material_catalogo,quantidade_kg,preco_por_kg) VALUES (1930,3,7,212.79,7.69);
INSERT INTO vendas_itens (id_venda,id_material_base,id_material_catalogo,quantidade_kg,preco_por_kg) VALUES (1930,3,7,166.27,6.53);
INSERT INTO vendas_itens (id_venda,id_material_base,id_material_catalogo,quantidade_kg,preco_por_kg) VALUES (1930,2,5,595.55,1.07);
INSERT INTO avaliacoes_compradores (id_venda,pontualidade_pagamento,logistica_entrega,qualidade_negociacao,comentario_livre) VALUES (1930,2,3,1,'');
INSERT INTO avaliacao_feedback_selecionado (id_avaliacao,id_feedback_tag) SELECT id_avaliacao,20 FROM avaliacoes_compradores WHERE id_venda=1930;
INSERT INTO vendas (id_venda,id_cooperativa,id_comprador,data_venda,valor_total) VALUES (1931,29,14,'2025-01-26 02:43:39',0);
INSERT INTO vendas_itens (id_venda,id_material_base,id_material_catalogo,quantidade_kg,preco_por_kg) VALUES (1931,2,5,47.30,1.14);
INSERT INTO vendas_itens (id_venda,id_material_base,id_material_catalogo,quantidade_kg,preco_por_kg) VALUES (1931,2,6,382.12,1.06);
INSERT INTO avaliacoes_compradores (id_venda,pontualidade_pagamento,logistica_entrega,qualidade_negociacao,comentario_livre) VALUES (1931,3,2,5,'');
INSERT INTO vendas (id_venda,id_cooperativa,id_comprador,data_venda,valor_total) VALUES (1932,46,97,'2025-02-14 02:43:39',0);
INSERT INTO vendas_itens (id_venda,id_material_base,id_material_catalogo,quantidade_kg,preco_por_kg) VALUES (1932,2,4,30.52,0.75);
INSERT INTO vendas (id_venda,id_cooperativa,id_comprador,data_venda,valor_total) VALUES (1933,43,90,'2025-05-11 02:43:39',0);
INSERT INTO vendas_itens (id_venda,id_material_base,id_material_catalogo,quantidade_kg,preco_por_kg) VALUES (1933,2,4,544.35,1.67);
INSERT INTO vendas_itens (id_venda,id_material_base,id_material_catalogo,quantidade_kg,preco_por_kg) VALUES (1933,2,6,577.91,1.61);
INSERT INTO vendas_itens (id_venda,id_material_base,id_material_catalogo,quantidade_kg,preco_por_kg) VALUES (1933,2,4,570.73,0.50);
INSERT INTO vendas (id_venda,id_cooperativa,id_comprador,data_venda,valor_total) VALUES (1934,16,97,'2025-08-19 02:43:39',0);
INSERT INTO vendas_itens (id_venda,id_material_base,id_material_catalogo,quantidade_kg,preco_por_kg) VALUES (1934,3,7,64.11,5.37);
INSERT INTO vendas_itens (id_venda,id_material_base,id_material_catalogo,quantidade_kg,preco_por_kg) VALUES (1934,3,9,49.47,3.26);
INSERT INTO avaliacoes_compradores (id_venda,pontualidade_pagamento,logistica_entrega,qualidade_negociacao,comentario_livre) VALUES (1934,5,5,1,'');
INSERT INTO vendas (id_venda,id_cooperativa,id_comprador,data_venda,valor_total) VALUES (1935,21,45,'2025-06-08 02:43:39',0);
INSERT INTO vendas_itens (id_venda,id_material_base,id_material_catalogo,quantidade_kg,preco_por_kg) VALUES (1935,1,2,63.70,1.31);
INSERT INTO vendas_itens (id_venda,id_material_base,id_material_catalogo,quantidade_kg,preco_por_kg) VALUES (1935,3,7,410.85,4.91);
INSERT INTO vendas_itens (id_venda,id_material_base,id_material_catalogo,quantidade_kg,preco_por_kg) VALUES (1935,1,2,82.45,3.10);
INSERT INTO avaliacoes_compradores (id_venda,pontualidade_pagamento,logistica_entrega,qualidade_negociacao,comentario_livre) VALUES (1935,5,4,2,'');
INSERT INTO vendas (id_venda,id_cooperativa,id_comprador,data_venda,valor_total) VALUES (1936,47,27,'2024-11-22 02:43:39',0);
INSERT INTO vendas_itens (id_venda,id_material_base,id_material_catalogo,quantidade_kg,preco_por_kg) VALUES (1936,3,9,538.58,2.71);
INSERT INTO vendas_itens (id_venda,id_material_base,id_material_catalogo,quantidade_kg,preco_por_kg) VALUES (1936,3,7,175.61,7.45);
INSERT INTO vendas (id_venda,id_cooperativa,id_comprador,data_venda,valor_total) VALUES (1937,39,18,'2025-03-04 02:43:39',0);
INSERT INTO vendas_itens (id_venda,id_material_base,id_material_catalogo,quantidade_kg,preco_por_kg) VALUES (1937,2,5,258.46,1.74);
INSERT INTO avaliacoes_compradores (id_venda,pontualidade_pagamento,logistica_entrega,qualidade_negociacao,comentario_livre) VALUES (1937,5,3,3,'');
INSERT INTO vendas (id_venda,id_cooperativa,id_comprador,data_venda,valor_total) VALUES (1938,25,42,'2025-08-16 02:43:39',0);
INSERT INTO vendas_itens (id_venda,id_material_base,id_material_catalogo,quantidade_kg,preco_por_kg) VALUES (1938,3,8,425.42,3.54);
INSERT INTO vendas_itens (id_venda,id_material_base,id_material_catalogo,quantidade_kg,preco_por_kg) VALUES (1938,3,9,226.52,2.66);
INSERT INTO avaliacoes_compradores (id_venda,pontualidade_pagamento,logistica_entrega,qualidade_negociacao,comentario_livre) VALUES (1938,4,5,3,'');
INSERT INTO avaliacao_feedback_selecionado (id_avaliacao,id_feedback_tag) SELECT id_avaliacao,5 FROM avaliacoes_compradores WHERE id_venda=1938;
INSERT INTO avaliacao_feedback_selecionado (id_avaliacao,id_feedback_tag) SELECT id_avaliacao,11 FROM avaliacoes_compradores WHERE id_venda=1938;
INSERT INTO avaliacao_feedback_selecionado (id_avaliacao,id_feedback_tag) SELECT id_avaliacao,3 FROM avaliacoes_compradores WHERE id_venda=1938;
INSERT INTO vendas (id_venda,id_cooperativa,id_comprador,data_venda,valor_total) VALUES (1939,19,66,'2025-10-28 02:43:39',0);
INSERT INTO vendas_itens (id_venda,id_material_base,id_material_catalogo,quantidade_kg,preco_por_kg) VALUES (1939,2,5,39.16,0.87);
INSERT INTO vendas_itens (id_venda,id_material_base,id_material_catalogo,quantidade_kg,preco_por_kg) VALUES (1939,3,7,381.05,3.15);
INSERT INTO vendas_itens (id_venda,id_material_base,id_material_catalogo,quantidade_kg,preco_por_kg) VALUES (1939,2,4,44.16,1.43);
INSERT INTO vendas (id_venda,id_cooperativa,id_comprador,data_venda,valor_total) VALUES (1940,3,64,'2025-02-08 02:43:39',0);
INSERT INTO vendas_itens (id_venda,id_material_base,id_material_catalogo,quantidade_kg,preco_por_kg) VALUES (1940,2,4,311.73,0.58);
INSERT INTO vendas_itens (id_venda,id_material_base,id_material_catalogo,quantidade_kg,preco_por_kg) VALUES (1940,2,6,422.15,1.34);
INSERT INTO vendas_itens (id_venda,id_material_base,id_material_catalogo,quantidade_kg,preco_por_kg) VALUES (1940,3,8,260.16,7.89);
INSERT INTO avaliacoes_compradores (id_venda,pontualidade_pagamento,logistica_entrega,qualidade_negociacao,comentario_livre) VALUES (1940,1,2,1,'');
INSERT INTO avaliacao_feedback_selecionado (id_avaliacao,id_feedback_tag) SELECT id_avaliacao,13 FROM avaliacoes_compradores WHERE id_venda=1940;
INSERT INTO avaliacao_feedback_selecionado (id_avaliacao,id_feedback_tag) SELECT id_avaliacao,17 FROM avaliacoes_compradores WHERE id_venda=1940;
INSERT INTO vendas (id_venda,id_cooperativa,id_comprador,data_venda,valor_total) VALUES (1941,34,20,'2025-02-24 02:43:39',0);
INSERT INTO vendas_itens (id_venda,id_material_base,id_material_catalogo,quantidade_kg,preco_por_kg) VALUES (1941,3,8,464.98,5.54);
INSERT INTO avaliacoes_compradores (id_venda,pontualidade_pagamento,logistica_entrega,qualidade_negociacao,comentario_livre) VALUES (1941,4,4,5,'');
INSERT INTO avaliacao_feedback_selecionado (id_avaliacao,id_feedback_tag) SELECT id_avaliacao,8 FROM avaliacoes_compradores WHERE id_venda=1941;
INSERT INTO avaliacao_feedback_selecionado (id_avaliacao,id_feedback_tag) SELECT id_avaliacao,4 FROM avaliacoes_compradores WHERE id_venda=1941;
INSERT INTO avaliacao_feedback_selecionado (id_avaliacao,id_feedback_tag) SELECT id_avaliacao,6 FROM avaliacoes_compradores WHERE id_venda=1941;
INSERT INTO vendas (id_venda,id_cooperativa,id_comprador,data_venda,valor_total) VALUES (1942,49,33,'2024-12-11 02:43:39',0);
INSERT INTO vendas_itens (id_venda,id_material_base,id_material_catalogo,quantidade_kg,preco_por_kg) VALUES (1942,1,1,299.03,2.84);
INSERT INTO vendas (id_venda,id_cooperativa,id_comprador,data_venda,valor_total) VALUES (1943,49,29,'2025-02-24 02:43:39',0);
INSERT INTO vendas_itens (id_venda,id_material_base,id_material_catalogo,quantidade_kg,preco_por_kg) VALUES (1943,2,5,573.89,0.87);
INSERT INTO vendas_itens (id_venda,id_material_base,id_material_catalogo,quantidade_kg,preco_por_kg) VALUES (1943,2,4,213.18,1.45);
INSERT INTO vendas_itens (id_venda,id_material_base,id_material_catalogo,quantidade_kg,preco_por_kg) VALUES (1943,3,7,309.22,5.73);
INSERT INTO vendas (id_venda,id_cooperativa,id_comprador,data_venda,valor_total) VALUES (1944,42,76,'2025-09-10 02:43:39',0);
INSERT INTO vendas_itens (id_venda,id_material_base,id_material_catalogo,quantidade_kg,preco_por_kg) VALUES (1944,3,8,462.31,5.39);
INSERT INTO vendas (id_venda,id_cooperativa,id_comprador,data_venda,valor_total) VALUES (1945,42,75,'2025-08-08 02:43:39',0);
INSERT INTO vendas_itens (id_venda,id_material_base,id_material_catalogo,quantidade_kg,preco_por_kg) VALUES (1945,3,9,346.89,5.51);
INSERT INTO vendas_itens (id_venda,id_material_base,id_material_catalogo,quantidade_kg,preco_por_kg) VALUES (1945,3,9,335.02,3.72);
INSERT INTO vendas_itens (id_venda,id_material_base,id_material_catalogo,quantidade_kg,preco_por_kg) VALUES (1945,2,5,553.50,1.75);
INSERT INTO vendas (id_venda,id_cooperativa,id_comprador,data_venda,valor_total) VALUES (1946,27,86,'2025-06-22 02:43:39',0);
INSERT INTO vendas_itens (id_venda,id_material_base,id_material_catalogo,quantidade_kg,preco_por_kg) VALUES (1946,2,4,259.65,1.36);
INSERT INTO vendas (id_venda,id_cooperativa,id_comprador,data_venda,valor_total) VALUES (1947,20,40,'2025-07-08 02:43:39',0);
INSERT INTO vendas_itens (id_venda,id_material_base,id_material_catalogo,quantidade_kg,preco_por_kg) VALUES (1947,2,5,104.70,0.81);
INSERT INTO vendas (id_venda,id_cooperativa,id_comprador,data_venda,valor_total) VALUES (1948,23,98,'2024-12-24 02:43:39',0);
INSERT INTO vendas_itens (id_venda,id_material_base,id_material_catalogo,quantidade_kg,preco_por_kg) VALUES (1948,1,1,544.85,2.90);
INSERT INTO avaliacoes_compradores (id_venda,pontualidade_pagamento,logistica_entrega,qualidade_negociacao,comentario_livre) VALUES (1948,1,4,2,'');
INSERT INTO vendas (id_venda,id_cooperativa,id_comprador,data_venda,valor_total) VALUES (1949,48,81,'2024-11-18 02:43:39',0);
INSERT INTO vendas_itens (id_venda,id_material_base,id_material_catalogo,quantidade_kg,preco_por_kg) VALUES (1949,3,9,479.59,3.73);
INSERT INTO vendas_itens (id_venda,id_material_base,id_material_catalogo,quantidade_kg,preco_por_kg) VALUES (1949,3,7,585.59,5.74);
INSERT INTO vendas_itens (id_venda,id_material_base,id_material_catalogo,quantidade_kg,preco_por_kg) VALUES (1949,3,8,432.77,5.61);
INSERT INTO avaliacoes_compradores (id_venda,pontualidade_pagamento,logistica_entrega,qualidade_negociacao,comentario_livre) VALUES (1949,4,1,1,'');
INSERT INTO avaliacao_feedback_selecionado (id_avaliacao,id_feedback_tag) SELECT id_avaliacao,23 FROM avaliacoes_compradores WHERE id_venda=1949;
INSERT INTO vendas (id_venda,id_cooperativa,id_comprador,data_venda,valor_total) VALUES (1950,17,100,'2025-08-17 02:43:39',0);
INSERT INTO vendas_itens (id_venda,id_material_base,id_material_catalogo,quantidade_kg,preco_por_kg) VALUES (1950,1,2,141.90,3.65);
INSERT INTO avaliacoes_compradores (id_venda,pontualidade_pagamento,logistica_entrega,qualidade_negociacao,comentario_livre) VALUES (1950,5,1,3,'');
INSERT INTO vendas (id_venda,id_cooperativa,id_comprador,data_venda,valor_total) VALUES (1951,16,76,'2025-10-20 02:43:39',0);
INSERT INTO vendas_itens (id_venda,id_material_base,id_material_catalogo,quantidade_kg,preco_por_kg) VALUES (1951,3,7,594.91,3.56);
INSERT INTO vendas_itens (id_venda,id_material_base,id_material_catalogo,quantidade_kg,preco_por_kg) VALUES (1951,1,1,59.86,1.87);
INSERT INTO avaliacoes_compradores (id_venda,pontualidade_pagamento,logistica_entrega,qualidade_negociacao,comentario_livre) VALUES (1951,1,3,1,'');
INSERT INTO avaliacao_feedback_selecionado (id_avaliacao,id_feedback_tag) SELECT id_avaliacao,17 FROM avaliacoes_compradores WHERE id_venda=1951;
INSERT INTO vendas (id_venda,id_cooperativa,id_comprador,data_venda,valor_total) VALUES (1952,16,3,'2025-09-04 02:43:39',0);
INSERT INTO vendas_itens (id_venda,id_material_base,id_material_catalogo,quantidade_kg,preco_por_kg) VALUES (1952,1,3,251.70,3.41);
INSERT INTO vendas_itens (id_venda,id_material_base,id_material_catalogo,quantidade_kg,preco_por_kg) VALUES (1952,3,8,146.93,5.46);
INSERT INTO vendas_itens (id_venda,id_material_base,id_material_catalogo,quantidade_kg,preco_por_kg) VALUES (1952,3,7,121.73,6.48);
INSERT INTO avaliacoes_compradores (id_venda,pontualidade_pagamento,logistica_entrega,qualidade_negociacao,comentario_livre) VALUES (1952,2,5,1,'');
INSERT INTO vendas (id_venda,id_cooperativa,id_comprador,data_venda,valor_total) VALUES (1953,1,54,'2025-10-02 02:43:39',0);
INSERT INTO vendas_itens (id_venda,id_material_base,id_material_catalogo,quantidade_kg,preco_por_kg) VALUES (1953,2,4,382.31,0.91);
INSERT INTO avaliacoes_compradores (id_venda,pontualidade_pagamento,logistica_entrega,qualidade_negociacao,comentario_livre) VALUES (1953,3,1,2,'');
INSERT INTO avaliacao_feedback_selecionado (id_avaliacao,id_feedback_tag) SELECT id_avaliacao,20 FROM avaliacoes_compradores WHERE id_venda=1953;
INSERT INTO avaliacao_feedback_selecionado (id_avaliacao,id_feedback_tag) SELECT id_avaliacao,16 FROM avaliacoes_compradores WHERE id_venda=1953;
INSERT INTO avaliacao_feedback_selecionado (id_avaliacao,id_feedback_tag) SELECT id_avaliacao,17 FROM avaliacoes_compradores WHERE id_venda=1953;
INSERT INTO vendas (id_venda,id_cooperativa,id_comprador,data_venda,valor_total) VALUES (1954,6,77,'2025-09-30 02:43:39',0);
INSERT INTO vendas_itens (id_venda,id_material_base,id_material_catalogo,quantidade_kg,preco_por_kg) VALUES (1954,3,8,272.92,5.79);
INSERT INTO vendas_itens (id_venda,id_material_base,id_material_catalogo,quantidade_kg,preco_por_kg) VALUES (1954,3,8,543.99,5.42);
INSERT INTO avaliacoes_compradores (id_venda,pontualidade_pagamento,logistica_entrega,qualidade_negociacao,comentario_livre) VALUES (1954,4,5,5,'');
INSERT INTO avaliacao_feedback_selecionado (id_avaliacao,id_feedback_tag) SELECT id_avaliacao,9 FROM avaliacoes_compradores WHERE id_venda=1954;
INSERT INTO avaliacao_feedback_selecionado (id_avaliacao,id_feedback_tag) SELECT id_avaliacao,8 FROM avaliacoes_compradores WHERE id_venda=1954;
INSERT INTO avaliacao_feedback_selecionado (id_avaliacao,id_feedback_tag) SELECT id_avaliacao,6 FROM avaliacoes_compradores WHERE id_venda=1954;
INSERT INTO vendas (id_venda,id_cooperativa,id_comprador,data_venda,valor_total) VALUES (1955,35,48,'2025-03-14 02:43:39',0);
INSERT INTO vendas_itens (id_venda,id_material_base,id_material_catalogo,quantidade_kg,preco_por_kg) VALUES (1955,3,8,297.02,5.62);
INSERT INTO vendas_itens (id_venda,id_material_base,id_material_catalogo,quantidade_kg,preco_por_kg) VALUES (1955,3,7,48.50,3.97);
INSERT INTO avaliacoes_compradores (id_venda,pontualidade_pagamento,logistica_entrega,qualidade_negociacao,comentario_livre) VALUES (1955,3,4,2,'');
INSERT INTO vendas (id_venda,id_cooperativa,id_comprador,data_venda,valor_total) VALUES (1956,28,50,'2025-10-21 02:43:39',0);
INSERT INTO vendas_itens (id_venda,id_material_base,id_material_catalogo,quantidade_kg,preco_por_kg) VALUES (1956,3,9,30.70,5.76);
INSERT INTO vendas_itens (id_venda,id_material_base,id_material_catalogo,quantidade_kg,preco_por_kg) VALUES (1956,2,5,244.94,0.97);
INSERT INTO vendas_itens (id_venda,id_material_base,id_material_catalogo,quantidade_kg,preco_por_kg) VALUES (1956,1,3,453.34,2.06);
INSERT INTO vendas (id_venda,id_cooperativa,id_comprador,data_venda,valor_total) VALUES (1957,26,9,'2025-11-13 02:43:39',0);
INSERT INTO vendas_itens (id_venda,id_material_base,id_material_catalogo,quantidade_kg,preco_por_kg) VALUES (1957,1,2,392.34,2.64);
INSERT INTO vendas_itens (id_venda,id_material_base,id_material_catalogo,quantidade_kg,preco_por_kg) VALUES (1957,2,6,393.68,0.93);
INSERT INTO vendas (id_venda,id_cooperativa,id_comprador,data_venda,valor_total) VALUES (1958,32,46,'2025-05-20 02:43:39',0);
INSERT INTO vendas_itens (id_venda,id_material_base,id_material_catalogo,quantidade_kg,preco_por_kg) VALUES (1958,2,6,595.47,1.26);
INSERT INTO vendas_itens (id_venda,id_material_base,id_material_catalogo,quantidade_kg,preco_por_kg) VALUES (1958,3,7,432.74,7.14);
INSERT INTO vendas (id_venda,id_cooperativa,id_comprador,data_venda,valor_total) VALUES (1959,1,95,'2025-11-02 02:43:39',0);
INSERT INTO vendas_itens (id_venda,id_material_base,id_material_catalogo,quantidade_kg,preco_por_kg) VALUES (1959,3,7,440.43,5.13);
INSERT INTO vendas_itens (id_venda,id_material_base,id_material_catalogo,quantidade_kg,preco_por_kg) VALUES (1959,3,8,268.53,6.78);
INSERT INTO avaliacoes_compradores (id_venda,pontualidade_pagamento,logistica_entrega,qualidade_negociacao,comentario_livre) VALUES (1959,1,2,5,'');
INSERT INTO vendas (id_venda,id_cooperativa,id_comprador,data_venda,valor_total) VALUES (1960,3,61,'2025-07-25 02:43:39',0);
INSERT INTO vendas_itens (id_venda,id_material_base,id_material_catalogo,quantidade_kg,preco_por_kg) VALUES (1960,3,7,277.35,3.51);
INSERT INTO vendas (id_venda,id_cooperativa,id_comprador,data_venda,valor_total) VALUES (1961,35,5,'2025-02-17 02:43:39',0);
INSERT INTO vendas_itens (id_venda,id_material_base,id_material_catalogo,quantidade_kg,preco_por_kg) VALUES (1961,1,3,427.22,1.50);
INSERT INTO vendas (id_venda,id_cooperativa,id_comprador,data_venda,valor_total) VALUES (1962,4,85,'2025-10-06 02:43:39',0);
INSERT INTO vendas_itens (id_venda,id_material_base,id_material_catalogo,quantidade_kg,preco_por_kg) VALUES (1962,3,8,213.21,3.33);
INSERT INTO vendas (id_venda,id_cooperativa,id_comprador,data_venda,valor_total) VALUES (1963,1,54,'2025-11-02 02:43:39',0);
INSERT INTO vendas_itens (id_venda,id_material_base,id_material_catalogo,quantidade_kg,preco_por_kg) VALUES (1963,1,3,424.11,3.21);
INSERT INTO vendas_itens (id_venda,id_material_base,id_material_catalogo,quantidade_kg,preco_por_kg) VALUES (1963,2,6,112.17,1.39);
INSERT INTO vendas_itens (id_venda,id_material_base,id_material_catalogo,quantidade_kg,preco_por_kg) VALUES (1963,2,4,491.02,0.52);
INSERT INTO vendas (id_venda,id_cooperativa,id_comprador,data_venda,valor_total) VALUES (1964,15,64,'2025-11-15 02:43:39',0);
INSERT INTO vendas_itens (id_venda,id_material_base,id_material_catalogo,quantidade_kg,preco_por_kg) VALUES (1964,3,9,541.81,2.64);
INSERT INTO vendas_itens (id_venda,id_material_base,id_material_catalogo,quantidade_kg,preco_por_kg) VALUES (1964,1,1,468.34,2.44);
INSERT INTO vendas (id_venda,id_cooperativa,id_comprador,data_venda,valor_total) VALUES (1965,19,82,'2024-12-22 02:43:39',0);
INSERT INTO vendas_itens (id_venda,id_material_base,id_material_catalogo,quantidade_kg,preco_por_kg) VALUES (1965,2,4,167.53,0.51);
INSERT INTO avaliacoes_compradores (id_venda,pontualidade_pagamento,logistica_entrega,qualidade_negociacao,comentario_livre) VALUES (1965,2,1,1,'');
INSERT INTO avaliacao_feedback_selecionado (id_avaliacao,id_feedback_tag) SELECT id_avaliacao,12 FROM avaliacoes_compradores WHERE id_venda=1965;
INSERT INTO avaliacao_feedback_selecionado (id_avaliacao,id_feedback_tag) SELECT id_avaliacao,19 FROM avaliacoes_compradores WHERE id_venda=1965;
INSERT INTO vendas (id_venda,id_cooperativa,id_comprador,data_venda,valor_total) VALUES (1966,6,89,'2025-10-18 02:43:39',0);
INSERT INTO vendas_itens (id_venda,id_material_base,id_material_catalogo,quantidade_kg,preco_por_kg) VALUES (1966,2,6,77.22,0.53);
INSERT INTO vendas_itens (id_venda,id_material_base,id_material_catalogo,quantidade_kg,preco_por_kg) VALUES (1966,2,6,450.87,1.00);
INSERT INTO vendas_itens (id_venda,id_material_base,id_material_catalogo,quantidade_kg,preco_por_kg) VALUES (1966,1,3,371.20,2.13);
INSERT INTO avaliacoes_compradores (id_venda,pontualidade_pagamento,logistica_entrega,qualidade_negociacao,comentario_livre) VALUES (1966,2,2,5,'');
INSERT INTO vendas (id_venda,id_cooperativa,id_comprador,data_venda,valor_total) VALUES (1967,10,62,'2024-12-11 02:43:39',0);
INSERT INTO vendas_itens (id_venda,id_material_base,id_material_catalogo,quantidade_kg,preco_por_kg) VALUES (1967,1,2,242.34,1.77);
INSERT INTO avaliacoes_compradores (id_venda,pontualidade_pagamento,logistica_entrega,qualidade_negociacao,comentario_livre) VALUES (1967,1,1,1,'');
INSERT INTO avaliacao_feedback_selecionado (id_avaliacao,id_feedback_tag) SELECT id_avaliacao,21 FROM avaliacoes_compradores WHERE id_venda=1967;
INSERT INTO avaliacao_feedback_selecionado (id_avaliacao,id_feedback_tag) SELECT id_avaliacao,22 FROM avaliacoes_compradores WHERE id_venda=1967;
INSERT INTO avaliacao_feedback_selecionado (id_avaliacao,id_feedback_tag) SELECT id_avaliacao,12 FROM avaliacoes_compradores WHERE id_venda=1967;
INSERT INTO vendas (id_venda,id_cooperativa,id_comprador,data_venda,valor_total) VALUES (1968,16,31,'2025-04-26 02:43:39',0);
INSERT INTO vendas_itens (id_venda,id_material_base,id_material_catalogo,quantidade_kg,preco_por_kg) VALUES (1968,2,4,339.14,1.62);
INSERT INTO vendas_itens (id_venda,id_material_base,id_material_catalogo,quantidade_kg,preco_por_kg) VALUES (1968,1,3,406.97,3.78);
INSERT INTO vendas_itens (id_venda,id_material_base,id_material_catalogo,quantidade_kg,preco_por_kg) VALUES (1968,3,8,154.52,4.15);
INSERT INTO avaliacoes_compradores (id_venda,pontualidade_pagamento,logistica_entrega,qualidade_negociacao,comentario_livre) VALUES (1968,4,1,1,'');
INSERT INTO avaliacao_feedback_selecionado (id_avaliacao,id_feedback_tag) SELECT id_avaliacao,21 FROM avaliacoes_compradores WHERE id_venda=1968;
INSERT INTO vendas (id_venda,id_cooperativa,id_comprador,data_venda,valor_total) VALUES (1969,8,40,'2024-12-06 02:43:39',0);
INSERT INTO vendas_itens (id_venda,id_material_base,id_material_catalogo,quantidade_kg,preco_por_kg) VALUES (1969,2,5,407.82,0.66);
INSERT INTO vendas_itens (id_venda,id_material_base,id_material_catalogo,quantidade_kg,preco_por_kg) VALUES (1969,2,4,465.12,1.22);
INSERT INTO vendas (id_venda,id_cooperativa,id_comprador,data_venda,valor_total) VALUES (1970,25,51,'2025-01-20 02:43:39',0);
INSERT INTO vendas_itens (id_venda,id_material_base,id_material_catalogo,quantidade_kg,preco_por_kg) VALUES (1970,2,4,78.27,1.50);
INSERT INTO avaliacoes_compradores (id_venda,pontualidade_pagamento,logistica_entrega,qualidade_negociacao,comentario_livre) VALUES (1970,5,5,3,'');
INSERT INTO avaliacao_feedback_selecionado (id_avaliacao,id_feedback_tag) SELECT id_avaliacao,2 FROM avaliacoes_compradores WHERE id_venda=1970;
INSERT INTO avaliacao_feedback_selecionado (id_avaliacao,id_feedback_tag) SELECT id_avaliacao,1 FROM avaliacoes_compradores WHERE id_venda=1970;
INSERT INTO avaliacao_feedback_selecionado (id_avaliacao,id_feedback_tag) SELECT id_avaliacao,3 FROM avaliacoes_compradores WHERE id_venda=1970;
INSERT INTO vendas (id_venda,id_cooperativa,id_comprador,data_venda,valor_total) VALUES (1971,42,85,'2025-05-29 02:43:39',0);
INSERT INTO vendas_itens (id_venda,id_material_base,id_material_catalogo,quantidade_kg,preco_por_kg) VALUES (1971,2,5,285.87,1.31);
INSERT INTO avaliacoes_compradores (id_venda,pontualidade_pagamento,logistica_entrega,qualidade_negociacao,comentario_livre) VALUES (1971,4,3,2,'');
INSERT INTO vendas (id_venda,id_cooperativa,id_comprador,data_venda,valor_total) VALUES (1972,34,3,'2025-11-02 02:43:39',0);
INSERT INTO vendas_itens (id_venda,id_material_base,id_material_catalogo,quantidade_kg,preco_por_kg) VALUES (1972,1,1,32.70,1.31);
INSERT INTO vendas_itens (id_venda,id_material_base,id_material_catalogo,quantidade_kg,preco_por_kg) VALUES (1972,1,2,57.25,2.80);
INSERT INTO vendas_itens (id_venda,id_material_base,id_material_catalogo,quantidade_kg,preco_por_kg) VALUES (1972,3,7,495.46,7.96);
INSERT INTO vendas (id_venda,id_cooperativa,id_comprador,data_venda,valor_total) VALUES (1973,25,53,'2025-06-29 02:43:39',0);
INSERT INTO vendas_itens (id_venda,id_material_base,id_material_catalogo,quantidade_kg,preco_por_kg) VALUES (1973,3,8,553.13,3.32);
INSERT INTO vendas_itens (id_venda,id_material_base,id_material_catalogo,quantidade_kg,preco_por_kg) VALUES (1973,2,5,73.35,0.53);
INSERT INTO vendas_itens (id_venda,id_material_base,id_material_catalogo,quantidade_kg,preco_por_kg) VALUES (1973,2,6,467.42,1.52);
INSERT INTO avaliacoes_compradores (id_venda,pontualidade_pagamento,logistica_entrega,qualidade_negociacao,comentario_livre) VALUES (1973,3,5,2,'');
INSERT INTO vendas (id_venda,id_cooperativa,id_comprador,data_venda,valor_total) VALUES (1974,18,6,'2025-09-06 02:43:39',0);
INSERT INTO vendas_itens (id_venda,id_material_base,id_material_catalogo,quantidade_kg,preco_por_kg) VALUES (1974,3,8,69.68,4.86);
INSERT INTO vendas_itens (id_venda,id_material_base,id_material_catalogo,quantidade_kg,preco_por_kg) VALUES (1974,2,4,376.94,1.54);
INSERT INTO vendas_itens (id_venda,id_material_base,id_material_catalogo,quantidade_kg,preco_por_kg) VALUES (1974,2,5,588.72,1.32);
INSERT INTO avaliacoes_compradores (id_venda,pontualidade_pagamento,logistica_entrega,qualidade_negociacao,comentario_livre) VALUES (1974,1,1,1,'');
INSERT INTO avaliacao_feedback_selecionado (id_avaliacao,id_feedback_tag) SELECT id_avaliacao,15 FROM avaliacoes_compradores WHERE id_venda=1974;
INSERT INTO avaliacao_feedback_selecionado (id_avaliacao,id_feedback_tag) SELECT id_avaliacao,16 FROM avaliacoes_compradores WHERE id_venda=1974;
INSERT INTO vendas (id_venda,id_cooperativa,id_comprador,data_venda,valor_total) VALUES (1975,17,65,'2024-11-29 02:43:39',0);
INSERT INTO vendas_itens (id_venda,id_material_base,id_material_catalogo,quantidade_kg,preco_por_kg) VALUES (1975,2,4,207.62,1.54);
INSERT INTO vendas_itens (id_venda,id_material_base,id_material_catalogo,quantidade_kg,preco_por_kg) VALUES (1975,3,7,86.20,6.62);
INSERT INTO vendas_itens (id_venda,id_material_base,id_material_catalogo,quantidade_kg,preco_por_kg) VALUES (1975,3,9,295.89,7.36);
INSERT INTO avaliacoes_compradores (id_venda,pontualidade_pagamento,logistica_entrega,qualidade_negociacao,comentario_livre) VALUES (1975,5,2,4,'');
INSERT INTO vendas (id_venda,id_cooperativa,id_comprador,data_venda,valor_total) VALUES (1976,37,78,'2025-01-19 02:43:39',0);
INSERT INTO vendas_itens (id_venda,id_material_base,id_material_catalogo,quantidade_kg,preco_por_kg) VALUES (1976,1,1,452.28,2.58);
INSERT INTO vendas_itens (id_venda,id_material_base,id_material_catalogo,quantidade_kg,preco_por_kg) VALUES (1976,1,2,252.93,2.92);
INSERT INTO vendas_itens (id_venda,id_material_base,id_material_catalogo,quantidade_kg,preco_por_kg) VALUES (1976,3,8,581.63,7.04);
INSERT INTO vendas (id_venda,id_cooperativa,id_comprador,data_venda,valor_total) VALUES (1977,14,55,'2025-06-17 02:43:39',0);
INSERT INTO vendas_itens (id_venda,id_material_base,id_material_catalogo,quantidade_kg,preco_por_kg) VALUES (1977,2,4,51.13,1.67);
INSERT INTO vendas_itens (id_venda,id_material_base,id_material_catalogo,quantidade_kg,preco_por_kg) VALUES (1977,2,6,235.60,0.70);
INSERT INTO vendas (id_venda,id_cooperativa,id_comprador,data_venda,valor_total) VALUES (1978,42,79,'2025-05-09 02:43:39',0);
INSERT INTO vendas_itens (id_venda,id_material_base,id_material_catalogo,quantidade_kg,preco_por_kg) VALUES (1978,3,9,229.26,3.75);
INSERT INTO vendas_itens (id_venda,id_material_base,id_material_catalogo,quantidade_kg,preco_por_kg) VALUES (1978,1,1,155.09,1.29);
INSERT INTO vendas_itens (id_venda,id_material_base,id_material_catalogo,quantidade_kg,preco_por_kg) VALUES (1978,1,1,496.16,2.48);
INSERT INTO avaliacoes_compradores (id_venda,pontualidade_pagamento,logistica_entrega,qualidade_negociacao,comentario_livre) VALUES (1978,4,4,2,'');
INSERT INTO vendas (id_venda,id_cooperativa,id_comprador,data_venda,valor_total) VALUES (1979,28,12,'2025-05-22 02:43:39',0);
INSERT INTO vendas_itens (id_venda,id_material_base,id_material_catalogo,quantidade_kg,preco_por_kg) VALUES (1979,1,2,483.52,3.72);
INSERT INTO vendas_itens (id_venda,id_material_base,id_material_catalogo,quantidade_kg,preco_por_kg) VALUES (1979,1,2,91.09,1.37);
INSERT INTO avaliacoes_compradores (id_venda,pontualidade_pagamento,logistica_entrega,qualidade_negociacao,comentario_livre) VALUES (1979,2,4,2,'');
INSERT INTO vendas (id_venda,id_cooperativa,id_comprador,data_venda,valor_total) VALUES (1980,15,85,'2025-01-29 02:43:39',0);
INSERT INTO vendas_itens (id_venda,id_material_base,id_material_catalogo,quantidade_kg,preco_por_kg) VALUES (1980,2,5,407.61,1.63);
INSERT INTO vendas_itens (id_venda,id_material_base,id_material_catalogo,quantidade_kg,preco_por_kg) VALUES (1980,1,2,208.43,1.86);
INSERT INTO avaliacoes_compradores (id_venda,pontualidade_pagamento,logistica_entrega,qualidade_negociacao,comentario_livre) VALUES (1980,5,2,2,'');
INSERT INTO vendas (id_venda,id_cooperativa,id_comprador,data_venda,valor_total) VALUES (1981,18,39,'2024-11-27 02:43:39',0);
INSERT INTO vendas_itens (id_venda,id_material_base,id_material_catalogo,quantidade_kg,preco_por_kg) VALUES (1981,1,3,212.64,1.68);
INSERT INTO vendas_itens (id_venda,id_material_base,id_material_catalogo,quantidade_kg,preco_por_kg) VALUES (1981,1,1,109.52,2.46);
INSERT INTO vendas_itens (id_venda,id_material_base,id_material_catalogo,quantidade_kg,preco_por_kg) VALUES (1981,3,8,425.68,6.41);
INSERT INTO vendas (id_venda,id_cooperativa,id_comprador,data_venda,valor_total) VALUES (1982,43,79,'2025-09-18 02:43:39',0);
INSERT INTO vendas_itens (id_venda,id_material_base,id_material_catalogo,quantidade_kg,preco_por_kg) VALUES (1982,1,2,479.12,2.76);
INSERT INTO vendas_itens (id_venda,id_material_base,id_material_catalogo,quantidade_kg,preco_por_kg) VALUES (1982,3,8,101.02,5.29);
INSERT INTO vendas (id_venda,id_cooperativa,id_comprador,data_venda,valor_total) VALUES (1983,36,28,'2025-06-25 02:43:39',0);
INSERT INTO vendas_itens (id_venda,id_material_base,id_material_catalogo,quantidade_kg,preco_por_kg) VALUES (1983,3,9,383.86,4.20);
INSERT INTO vendas_itens (id_venda,id_material_base,id_material_catalogo,quantidade_kg,preco_por_kg) VALUES (1983,1,3,209.97,1.26);
INSERT INTO vendas (id_venda,id_cooperativa,id_comprador,data_venda,valor_total) VALUES (1984,6,89,'2025-01-03 02:43:39',0);
INSERT INTO vendas_itens (id_venda,id_material_base,id_material_catalogo,quantidade_kg,preco_por_kg) VALUES (1984,1,2,201.53,2.70);
INSERT INTO avaliacoes_compradores (id_venda,pontualidade_pagamento,logistica_entrega,qualidade_negociacao,comentario_livre) VALUES (1984,2,5,1,'');
INSERT INTO vendas (id_venda,id_cooperativa,id_comprador,data_venda,valor_total) VALUES (1985,50,15,'2025-07-09 02:43:39',0);
INSERT INTO vendas_itens (id_venda,id_material_base,id_material_catalogo,quantidade_kg,preco_por_kg) VALUES (1985,1,1,155.05,2.83);
INSERT INTO vendas_itens (id_venda,id_material_base,id_material_catalogo,quantidade_kg,preco_por_kg) VALUES (1985,3,8,495.52,3.38);
INSERT INTO vendas (id_venda,id_cooperativa,id_comprador,data_venda,valor_total) VALUES (1986,5,1,'2025-02-07 02:43:39',0);
INSERT INTO vendas_itens (id_venda,id_material_base,id_material_catalogo,quantidade_kg,preco_por_kg) VALUES (1986,1,3,566.66,1.39);
INSERT INTO vendas_itens (id_venda,id_material_base,id_material_catalogo,quantidade_kg,preco_por_kg) VALUES (1986,2,5,201.72,1.67);
INSERT INTO vendas_itens (id_venda,id_material_base,id_material_catalogo,quantidade_kg,preco_por_kg) VALUES (1986,3,7,511.62,4.50);
INSERT INTO avaliacoes_compradores (id_venda,pontualidade_pagamento,logistica_entrega,qualidade_negociacao,comentario_livre) VALUES (1986,4,3,2,'');
INSERT INTO vendas (id_venda,id_cooperativa,id_comprador,data_venda,valor_total) VALUES (1987,17,83,'2025-11-12 02:43:39',0);
INSERT INTO vendas_itens (id_venda,id_material_base,id_material_catalogo,quantidade_kg,preco_por_kg) VALUES (1987,3,9,107.75,4.42);
INSERT INTO vendas_itens (id_venda,id_material_base,id_material_catalogo,quantidade_kg,preco_por_kg) VALUES (1987,1,1,212.00,3.61);
INSERT INTO vendas_itens (id_venda,id_material_base,id_material_catalogo,quantidade_kg,preco_por_kg) VALUES (1987,2,4,135.40,0.82);
INSERT INTO vendas (id_venda,id_cooperativa,id_comprador,data_venda,valor_total) VALUES (1988,27,49,'2025-05-05 02:43:39',0);
INSERT INTO vendas_itens (id_venda,id_material_base,id_material_catalogo,quantidade_kg,preco_por_kg) VALUES (1988,3,9,500.21,6.36);
INSERT INTO vendas_itens (id_venda,id_material_base,id_material_catalogo,quantidade_kg,preco_por_kg) VALUES (1988,3,8,520.92,5.60);
INSERT INTO avaliacoes_compradores (id_venda,pontualidade_pagamento,logistica_entrega,qualidade_negociacao,comentario_livre) VALUES (1988,2,5,1,'');
INSERT INTO vendas (id_venda,id_cooperativa,id_comprador,data_venda,valor_total) VALUES (1989,35,77,'2025-01-16 02:43:39',0);
INSERT INTO vendas_itens (id_venda,id_material_base,id_material_catalogo,quantidade_kg,preco_por_kg) VALUES (1989,1,2,90.83,2.77);
INSERT INTO vendas_itens (id_venda,id_material_base,id_material_catalogo,quantidade_kg,preco_por_kg) VALUES (1989,2,6,393.54,0.57);
INSERT INTO vendas_itens (id_venda,id_material_base,id_material_catalogo,quantidade_kg,preco_por_kg) VALUES (1989,2,6,374.37,1.76);
INSERT INTO avaliacoes_compradores (id_venda,pontualidade_pagamento,logistica_entrega,qualidade_negociacao,comentario_livre) VALUES (1989,5,1,5,'');
INSERT INTO vendas (id_venda,id_cooperativa,id_comprador,data_venda,valor_total) VALUES (1990,37,39,'2025-08-02 02:43:39',0);
INSERT INTO vendas_itens (id_venda,id_material_base,id_material_catalogo,quantidade_kg,preco_por_kg) VALUES (1990,2,4,153.22,0.91);
INSERT INTO vendas_itens (id_venda,id_material_base,id_material_catalogo,quantidade_kg,preco_por_kg) VALUES (1990,3,8,528.60,4.62);
INSERT INTO avaliacoes_compradores (id_venda,pontualidade_pagamento,logistica_entrega,qualidade_negociacao,comentario_livre) VALUES (1990,3,1,5,'');
INSERT INTO vendas (id_venda,id_cooperativa,id_comprador,data_venda,valor_total) VALUES (1991,6,58,'2025-05-11 02:43:39',0);
INSERT INTO vendas_itens (id_venda,id_material_base,id_material_catalogo,quantidade_kg,preco_por_kg) VALUES (1991,2,6,159.59,1.02);
INSERT INTO vendas_itens (id_venda,id_material_base,id_material_catalogo,quantidade_kg,preco_por_kg) VALUES (1991,1,3,186.23,2.37);
INSERT INTO vendas_itens (id_venda,id_material_base,id_material_catalogo,quantidade_kg,preco_por_kg) VALUES (1991,2,5,529.73,0.60);
INSERT INTO vendas (id_venda,id_cooperativa,id_comprador,data_venda,valor_total) VALUES (1992,19,50,'2024-12-22 02:43:39',0);
INSERT INTO vendas_itens (id_venda,id_material_base,id_material_catalogo,quantidade_kg,preco_por_kg) VALUES (1992,2,4,356.36,0.97);
INSERT INTO vendas_itens (id_venda,id_material_base,id_material_catalogo,quantidade_kg,preco_por_kg) VALUES (1992,3,8,431.69,4.73);
INSERT INTO vendas_itens (id_venda,id_material_base,id_material_catalogo,quantidade_kg,preco_por_kg) VALUES (1992,3,8,227.61,2.78);
INSERT INTO avaliacoes_compradores (id_venda,pontualidade_pagamento,logistica_entrega,qualidade_negociacao,comentario_livre) VALUES (1992,5,1,2,'');
INSERT INTO vendas (id_venda,id_cooperativa,id_comprador,data_venda,valor_total) VALUES (1993,44,11,'2025-01-21 02:43:39',0);
INSERT INTO vendas_itens (id_venda,id_material_base,id_material_catalogo,quantidade_kg,preco_por_kg) VALUES (1993,1,3,157.68,2.50);
INSERT INTO vendas_itens (id_venda,id_material_base,id_material_catalogo,quantidade_kg,preco_por_kg) VALUES (1993,1,1,165.11,3.12);
INSERT INTO avaliacoes_compradores (id_venda,pontualidade_pagamento,logistica_entrega,qualidade_negociacao,comentario_livre) VALUES (1993,4,3,5,'');
INSERT INTO avaliacao_feedback_selecionado (id_avaliacao,id_feedback_tag) SELECT id_avaliacao,10 FROM avaliacoes_compradores WHERE id_venda=1993;
INSERT INTO vendas (id_venda,id_cooperativa,id_comprador,data_venda,valor_total) VALUES (1994,26,27,'2025-05-15 02:43:39',0);
INSERT INTO vendas_itens (id_venda,id_material_base,id_material_catalogo,quantidade_kg,preco_por_kg) VALUES (1994,3,8,262.47,4.20);
INSERT INTO vendas_itens (id_venda,id_material_base,id_material_catalogo,quantidade_kg,preco_por_kg) VALUES (1994,2,4,560.83,0.84);
INSERT INTO vendas_itens (id_venda,id_material_base,id_material_catalogo,quantidade_kg,preco_por_kg) VALUES (1994,3,8,449.94,6.75);
INSERT INTO vendas (id_venda,id_cooperativa,id_comprador,data_venda,valor_total) VALUES (1995,46,39,'2025-05-12 02:43:39',0);
INSERT INTO vendas_itens (id_venda,id_material_base,id_material_catalogo,quantidade_kg,preco_por_kg) VALUES (1995,1,3,351.80,1.36);
INSERT INTO vendas_itens (id_venda,id_material_base,id_material_catalogo,quantidade_kg,preco_por_kg) VALUES (1995,3,9,302.76,6.02);
INSERT INTO vendas (id_venda,id_cooperativa,id_comprador,data_venda,valor_total) VALUES (1996,37,82,'2025-10-16 02:43:39',0);
INSERT INTO vendas_itens (id_venda,id_material_base,id_material_catalogo,quantidade_kg,preco_por_kg) VALUES (1996,3,8,212.49,4.72);
INSERT INTO vendas_itens (id_venda,id_material_base,id_material_catalogo,quantidade_kg,preco_por_kg) VALUES (1996,3,9,359.08,3.52);
INSERT INTO avaliacoes_compradores (id_venda,pontualidade_pagamento,logistica_entrega,qualidade_negociacao,comentario_livre) VALUES (1996,3,3,3,'');
INSERT INTO vendas (id_venda,id_cooperativa,id_comprador,data_venda,valor_total) VALUES (1997,28,14,'2024-11-21 02:43:39',0);
INSERT INTO vendas_itens (id_venda,id_material_base,id_material_catalogo,quantidade_kg,preco_por_kg) VALUES (1997,1,3,376.73,2.77);
INSERT INTO vendas_itens (id_venda,id_material_base,id_material_catalogo,quantidade_kg,preco_por_kg) VALUES (1997,3,8,407.52,7.86);
INSERT INTO vendas_itens (id_venda,id_material_base,id_material_catalogo,quantidade_kg,preco_por_kg) VALUES (1997,3,8,493.56,4.75);
INSERT INTO vendas (id_venda,id_cooperativa,id_comprador,data_venda,valor_total) VALUES (1998,14,12,'2025-11-02 02:43:39',0);
INSERT INTO vendas_itens (id_venda,id_material_base,id_material_catalogo,quantidade_kg,preco_por_kg) VALUES (1998,1,2,71.04,3.56);
INSERT INTO vendas_itens (id_venda,id_material_base,id_material_catalogo,quantidade_kg,preco_por_kg) VALUES (1998,2,6,155.31,1.35);
INSERT INTO vendas_itens (id_venda,id_material_base,id_material_catalogo,quantidade_kg,preco_por_kg) VALUES (1998,3,7,56.23,4.34);
INSERT INTO avaliacoes_compradores (id_venda,pontualidade_pagamento,logistica_entrega,qualidade_negociacao,comentario_livre) VALUES (1998,5,1,4,'');
INSERT INTO vendas (id_venda,id_cooperativa,id_comprador,data_venda,valor_total) VALUES (1999,10,18,'2025-07-01 02:43:39',0);
INSERT INTO vendas_itens (id_venda,id_material_base,id_material_catalogo,quantidade_kg,preco_por_kg) VALUES (1999,2,4,354.24,0.72);
INSERT INTO vendas_itens (id_venda,id_material_base,id_material_catalogo,quantidade_kg,preco_por_kg) VALUES (1999,2,5,54.07,1.34);
INSERT INTO vendas_itens (id_venda,id_material_base,id_material_catalogo,quantidade_kg,preco_por_kg) VALUES (1999,1,3,273.07,2.62);
INSERT INTO avaliacoes_compradores (id_venda,pontualidade_pagamento,logistica_entrega,qualidade_negociacao,comentario_livre) VALUES (1999,1,2,1,'');
INSERT INTO avaliacao_feedback_selecionado (id_avaliacao,id_feedback_tag) SELECT id_avaliacao,15 FROM avaliacoes_compradores WHERE id_venda=1999;
INSERT INTO avaliacao_feedback_selecionado (id_avaliacao,id_feedback_tag) SELECT id_avaliacao,22 FROM avaliacoes_compradores WHERE id_venda=1999;
INSERT INTO avaliacao_feedback_selecionado (id_avaliacao,id_feedback_tag) SELECT id_avaliacao,12 FROM avaliacoes_compradores WHERE id_venda=1999;
INSERT INTO vendas (id_venda,id_cooperativa,id_comprador,data_venda,valor_total) VALUES (2000,22,1,'2025-02-27 02:43:39',0);
INSERT INTO vendas_itens (id_venda,id_material_base,id_material_catalogo,quantidade_kg,preco_por_kg) VALUES (2000,1,3,421.81,1.83);
INSERT INTO vendas_itens (id_venda,id_material_base,id_material_catalogo,quantidade_kg,preco_por_kg) VALUES (2000,1,2,433.06,1.23);
INSERT INTO vendas_itens (id_venda,id_material_base,id_material_catalogo,quantidade_kg,preco_por_kg) VALUES (2000,3,9,276.63,6.13);